subID,AttenCheck,Age,Gender,Nation,Race,Ses,low_NFF1,high_NFF1,low_NFF2,high_NFF2,low_NFF3,high_NFF3,low_NFF4,high_NFF4,low_NFF5,high_NFF5,low_NFF6,high_NFF6,low_NFF7,high_NFF7,low_NFF8,high_NFF8,low_NFM1,high_NFM1,low_NFM2,high_NFM2,low_NFM3,high_NFM3,low_NFM4,high_NFM4,low_NFM5,high_NFM5,low_NFM6,high_NFM6,low_NFM7,high_NFM7,low_NFM8,high_NFM8,low_tree1,high_tree1,low_tree2,high_tree2,low_tree3,high_tree3,low_tree4,high_tree4,low_tree5,high_tree5,low_tree6,high_tree6,low_tree7,high_tree7,low_tree8,high_tree8,low_tree9,high_tree9,low_tree10,high_tree10,low_tree11,high_tree11,low_tree12,high_tree12,low_tree13,high_tree13,low_tree14,high_tree14,low_tree15,high_tree15,low_tree16,high_tree16,NFF,NFF_low,NFF_high,NFM,NFM_low,NFM_high,tree,tree_low,tree_high,Face race,selection,RT_low_female1,RT_high_female1,RT_low_female2,RT_high_female2,RT_low_female3,RT_high_female3,RT_low_female4,RT_high_female4,RT_low_female5,RT_high_female5,RT_low_female6,RT_high_female6,RT_low_female7,RT_high_female7,RT_low_female8,RT_high_female8,RT_low_male1,RT_high_male1,RT_low_male2,RT_high_male2,RT_low_male3,RT_high_male3,RT_low_male4,RT_high_male4,RT_low_male5,RT_high_male5,RT_low_male6,RT_high_male6,RT_low_male7,RT_high_male7,RT_low_male8,RT_high_male8,RT_low_tree1,RT_high_tree1,RT_low_tree2,RT_high_tree2,RT_low_tree3,RT_high_tree3,RT_low_tree4,RT_high_tree4,RT_low_tree5,RT_high_tree5,RT_low_tree6,RT_high_tree6,RT_low_tree7,RT_high_tree7,RT_low_tree8,RT_high_tree8,RT_low_tree9,RT_high_tree9,RT_low_tree10,RT_high_tree10,RT_low_tree11,RT_high_tree11,RT_low_tree12,RT_high_tree12,RT_low_tree13,RT_high_tree13,RT_low_tree14,RT_high_tree14,RT_low_tree15,RT_high_tree15,RT_low_tree16,RT_high_tree16,RT_NFF,RT_NFF_low,RT_NFF_high,RT_NFM,RT_NFM_low,RT_NFM_high,RT_tree,RT_tree_low,RT_tree_high,Comments,workerID,Aggression,IRI,SDO,PCAT1,PCAT2,Nationalism,IC-hi,IC-vi,IC-hc,IC-vc
1,0,27,2,white,White,7,1,1,1,1,1,1,1,1,1,1,1,1,1,1,1,1,1,1,1,1,1,1,1,1,1,1,1,1,1,1,0,1,1,1,1,1,1,1,1,1,1,1,1,1,1,1,1,1,1,1,1,1,1,1,1,1,1,1,1,1,1,1,1,1,1,1,1,0.9375,0.875,1,1,1,1,2,0,922,182,1262,753,840,411,414,570,356,590,864,1693,370,478,297,638,482,474,279,250,147,1132,2730,232,259,1080,1024,1326,320,256,1971,159,207,245,278,307,1395,110,592,275,264,1126,299,966,240,1556,500,2686,122,968,513,1556,356,635,364,1206,421,567,1890,244,157,125,438,1355,665.625,664.375,665,901.5,613.625,757.5625,502.25,870.4375,686.3438,good,A3FY00HDM7UGAV,22,,50,33,25,33,29,29,30,30
2,1,26,2,USA,White,8,1,1,0,1,1,1,1,0,1,1,0,1,1,1,0,1,1,1,1,1,1,0,1,1,1,1,1,1,1,1,0,1,0,0,0,0,1,0,1,1,1,0,1,0,1,1,1,1,1,1,0,0,0,1,1,1,1,0,0,0,1,1,0,0,0.75,0.625,0.875,0.875,0.875,0.875,0.53125,0.625,0.4375,2,0,3250,768,1247,975,608,689,602,1258,864,1447,1583,57153,1509,620,1756,4259,882,8388,1877,1411,40323,1010,563,17246,977,1705,867,864,812,1453,1384,16072,5609,1594,1440,1439,509,1272,840,1643,552,1517,709,1432,649,875,608,770,1775,1627,768,841,1852,798,860,577,1737,27859,2122,1483,585,1282,2172,2156,1427.375,8396.125,4911.75,5960.625,6018.625,5989.625,1424.1875,2947.8125,2186,good,A50RTULJZMHZ3,25,,48,35,30,35,26,27,27,26
3,0,27,2,USA,White,8,0,0,1,1,1,1,1,1,0,1,0,0,0,0,1,1,0,0,0,0,0,0,0,0,0,0,0,0,0,0,1,0,0,0,0,0,1,1,0,0,0,0,0,0,0,0,0,0,0,0,1,1,0,0,1,1,0,0,0,0,0,0,0,0,0.5625,0.5,0.625,0.0625,0.125,0,0.1875,0.1875,0.1875,2,0,613,1171,80284,1565,1898,6740,1497,2296,1212,2726,1176,2755,30688,1099,5070,1509,943,1240,1270,970,1684,746,1084,988,1589,1128,3122,690,10597,985,1486,1080,562,1034,1060,1332,27650,14620,1226,12084,1421,913,6272,610,1507,1059,1835,4234,6339,838,3044,1348,2213,804,1294,2099,1499,1097,940,931,1477,1039,1589,1043,15304.75,2482.625,8893.6875,2721.875,978.375,1850.125,3745.5,2817.8125,3281.6562,GOOD,A2AVMBZ1BC413H,29,,45,35,25,38,21,24,26,22
4,1,27,1,American,White,3,1,1,1,1,0,1,1,1,1,1,1,1,1,1,1,1,1,1,1,1,1,1,1,1,1,1,1,0,1,1,1,1,0,0,0,1,1,1,1,1,1,1,1,1,1,1,0,0,1,1,1,1,1,0,1,1,1,1,1,1,1,1,1,1,0.9375,0.875,1,0.9375,1,0.875,0.8125,0.8125,0.8125,2,0,1490,2377,4002,171,1359,627,888,883,1270,1019,8,1305,571,783,1202,901,1098,749,251,771,1245,933,566,384,513,2596,935,1622,810,920,212,740,1467,1891,2190,6067,4254,1471,1348,852,272,1400,1079,741,1391,586,3499,943,1041,1069,3416,2075,28,733,2601,1263,466,780,186,514,750,984,1724,220,1348.75,1008.25,1178.5,703.75,1089.375,896.5625,1607,1349.3125,1478.1562,No.,A1MUEKEQQVROE7,10,,41,32,24,34,19,17,23,17
5,1,23,1,American,White,10,0,1,0,1,0,1,0,1,0,1,0,1,0,1,0,1,0,1,0,1,0,1,0,1,0,1,0,1,0,1,0,1,1,1,1,1,1,1,1,1,1,1,1,1,1,1,1,1,1,1,1,1,1,1,1,1,1,1,1,1,1,1,1,1,0.5,0,1,0.5,0,1,1,1,1,2,0,1712,3835,2572,23995,6666,1845,1810,2181,5135,2664,1951,1767,2514,2804,2118,4684,1997,2141,4304,3303,2012,1877,1972,1950,2210,2781,2110,2715,1462,1542,4496,1373,4873,2810,1973,3570,1173,6266,991,11025,3534,2139,2259,2613,1069,1762,20440,1626,1832,4437,2414,1469,4109,1828,2549,4747,2146,1085,2066,1524,2227,3682,1628,1675,3059.75,5471.875,4265.8125,2570.375,2210.25,2390.3125,3455.1875,3266.125,3360.6562,good experiment,A2BDNSBNNZZ8FC,29,,43,37,31,29,30,27,28,30
6,1,25,2,american,White,9,0,1,1,1,1,1,0,1,1,0,1,1,1,0,1,1,1,0,1,1,1,1,1,1,1,0,1,0,1,1,1,1,0,0,0,1,0,1,0,0,0,0,0,0,0,0,0,0,0,0,0,0,0,0,0,0,0,0,0,0,0,0,1,0,0.75,0.75,0.75,0.8125,1,0.625,0.09375,0.0625,0.125,2,0,59446,2472,1753,5283,14111,1753,2044,2214,2282,2829,3166,1979,1917,7334,2467,2162,13343,4876,1572,1635,4462,2075,2822,43735,2780,10506,4907,1944,2731,3100,2733,3733,4043,1799,4266,29376,2384,1865,3117,2066,4283,1511,2929,2514,3270,1613,15394,1415,16226,1563,3304,2876,1683,3367,1745,11460,1665,1574,1602,2473,2006,2322,1484,1998,10898.25,3253.25,7075.75,4418.75,8950.5,6684.625,4337.5625,4362,4349.7812,good,A3DIVR9CJM0EWD,24,,44,36,29,41,22,22,27,25
7,1,23,1,american,White,8,0,1,0,1,0,1,0,1,0,1,0,1,0,1,0,1,0,1,0,1,0,1,0,1,0,1,1,1,1,1,0,1,1,1,1,1,1,1,1,1,1,1,1,1,1,1,1,1,1,1,1,1,1,1,1,1,1,1,1,1,1,1,1,1,0.5,0,1,0.625,0.25,1,1,1,1,2,0,1492,1233,1374,1408,7713,2343,12419,1153,1482,2090,1752,2790,2468,2714,2369,1254,3426,3792,1600,1839,5514,1261,4249,2288,1389,2913,1497,1336,2463,13636,2178,1259,1478,1006,1349,962,15647,1181,10845,1318,1241,1665,3084,1663,1131,6933,3345,1056,1316,1072,1427,1152,1089,1018,1119,1788,1595,1297,1173,1282,975,1088,7925,1084,3883.625,1873.125,2878.375,2789.5,3540.5,3165,3421.1875,1597.8125,2509.5,Good experiment,A1R033FHHMVPXN,16,,47,34,21,38,20,22,20,19
8,1,25,1,AMERICAN,White,9,1,1,1,1,1,1,1,1,1,1,1,1,1,1,1,1,1,1,1,1,1,1,1,1,1,1,1,1,1,1,1,1,1,1,1,1,1,1,1,1,1,1,1,1,1,1,1,1,1,1,1,1,1,1,1,1,1,1,1,1,1,1,1,1,1,1,1,1,1,1,1,1,1,2,AllLaunch,119,643,217,485,157,303,116,129,414,473,475,21,733,250,202,110,168,102,260,300,249,677,165,72,209,297,545,362,681,373,200,306,290,371,212,246,196,148,186,385,458,202,827,126,797,158,106,197,284,171,89,198,1516,168,167,745,170,339,94,346,131,117,706,27,304.125,301.75,302.9375,309.625,311.125,310.375,389.3125,246.5,317.9062,GOOD,A2OPQ3TR1Y0ZP4,15,,45,28,25,43,10,13,14,14
9,1,25,1,USA,White,10,1,1,1,1,1,1,1,1,1,1,1,1,1,1,1,1,1,1,1,1,1,1,1,1,1,1,1,1,1,1,1,1,1,1,1,1,1,1,1,1,1,1,1,1,1,1,1,1,1,1,1,1,1,1,1,1,1,1,1,1,1,1,1,1,1,1,1,1,1,1,1,1,1,2,AllLaunch,298,751,1079,203,190,129,281,223,302,151,174,223,124,174,152,231,216,657,183,251,222,229,116,731,2341,57,78,171,5,622,102,128,31,175,286,173,747,222,10,74,150,110,137,197,328,148,196,500,252,49,106,837,161,219,191,233,746,364,355,109,262,97,141,225,325,260.625,292.8125,407.875,355.75,381.8125,256.1875,233.25,244.7188,GOOD,A2QUSCZS3RXGXE,16,,48,32,23,37,24,24,25,25
10,1,30,1,USA,White,8,0,1,1,0,1,0,1,0,1,1,0,1,1,0,1,0,1,0,1,1,0,0,1,1,0,1,1,0,1,1,1,1,0,1,0,1,1,0,0,1,0,0,0,0,1,1,1,1,0,0,0,1,0,0,0,1,1,0,1,1,1,1,1,1,0.5625,0.75,0.375,0.6875,0.75,0.625,0.53125,0.4375,0.625,2,0,748,362,1112,721,724,708,558,795,697,1680,1178,1179,625,1040,563,748,19177,572,1114,1057,640,756,1869,643,739,1062,252137,1035,1073,1869,392,3019,583,835,1024,1932,2555,619,846,504,811,774,777,767,1378,785,618,632,755,809,1191,537,153,585,714,424,684,507,1094,1071,15569,1040,1009,1034,775.625,904.125,839.875,34642.625,1251.625,17947.125,1860.0625,803.4375,1331.75,GOOD,AC79A2DVQ3QUJ,17,,43,28,23,40,25,19,22,19
11,1,25,1,AMERICAN,White,10,1,1,1,1,1,1,1,1,1,1,1,1,1,1,1,1,1,1,1,1,1,1,1,1,1,1,1,1,1,1,1,1,1,1,1,1,1,1,1,1,1,1,1,1,1,1,1,1,1,1,1,1,1,1,1,1,1,1,1,1,1,1,1,1,1,1,1,1,1,1,1,1,1,2,AllLaunch,486,141,291,89,189,137,187,194,261,260,313,201,178,134,163,164,165,107,1452,319,270,80,161,282,303,103,196,870,203,217,330,228,2143,181,158,91,121,167,201,250,1357,149,165,280,243,235,102,434,417,184,170,254,224,346,1305,432,160,229,106,228,364,210,293,298,258.5,165,211.75,385,275.75,330.375,470.5625,248,359.2812,GOOD,A1YUCC93U37UC4,16,,49,27,16,41,6,15,6,6
12,1,26,2,usa,White,3,1,1,1,1,1,1,1,1,1,1,1,1,1,1,1,1,1,1,0,1,1,1,0,1,0,1,1,1,1,1,1,1,1,1,1,1,1,1,1,1,1,1,1,1,1,1,1,1,1,1,1,1,1,1,1,1,1,1,1,1,0,1,1,1,1,1,1,0.8125,0.625,1,0.96875,0.9375,1,2,0,3215,2427,1685,1694,5252,1967,8310,1303,3412,1649,2091,1708,3438,3421,4254,1699,4070,2583,6492,9470,3429,2949,2685,6840,3111,1216,4373,17213,2617,3531,2556,1387,3578,1571,5435,2418,5407,4166,2560,1823,2744,4533,1482,1399,2044,1393,1521,2424,1549,6937,1616,1934,2477,4054,2828,1326,2917,2047,2278,1889,2800,2207,2139,1558,3957.125,1983.5,2970.3125,3666.625,5648.625,4657.625,2710.9375,2604.9375,2657.9375,,A11W7R2O4RQSSS,23,,21,26,19,41,21,16,11,24
13,1,24,2,American,White,8,1,1,1,1,1,1,1,1,1,1,1,1,1,1,1,1,1,1,1,1,1,1,1,1,1,1,1,1,1,1,1,1,0,0,0,0,0,0,0,0,0,0,0,0,0,0,0,0,0,0,0,0,0,0,0,0,0,0,0,0,0,0,0,0,1,1,1,1,1,1,0,0,0,2,0,1299,1392,941,861,1166,641,1284,2752,1074,825,753,1758,739,1369,833,2007,1639,1421,1311,910,814,1981,875,2285,1144,862,2746,1777,569,1068,674,1061,617,846,2629,638,1551,931,4922,827,802,661,968,1177,578,728,780,5076,1702,3660,1545,1109,875,733,685,724,1065,1199,1314,656,2923,645,1025,1012,1011.125,1450.625,1230.875,1221.5,1420.625,1321.0625,1498.8125,1288.875,1393.8438,good,A3J6YBLI6HWG6W,19,,45,33,21,37,18,18,18,17
14,1,24,2,American,White,7,0,0,0,0,0,0,0,0,0,0,0,0,0,0,0,0,0,0,0,0,0,0,0,0,0,0,0,0,0,0,0,0,0,1,0,1,0,1,0,0,1,1,0,1,0,1,0,1,0,1,0,1,1,1,0,1,0,1,0,1,0,1,0,1,0,0,0,0,0,0,0.53125,0.125,0.9375,2,0,4226,2093,3423,4659,2157,3603,7040,9560,2902,4942,4021,3572,3366,17570,3234,4547,3900,3315,1998,3041,2493,3298,3186,3338,4337,2881,7758,4142,3055,7581,2820,3032,2703,9272,2839,4475,3893,4741,6731,6799,2288,2808,3531,7156,2888,4462,4026,3332,3981,8004,2500,5156,3643,3904,3825,6449,3477,4548,3306,3688,15746,3182,2152,3030,3796.125,6318.25,5057.1875,3693.375,3828.5,3760.9375,4220.5625,5062.875,4641.7188,Nice,AW2UVK63OLFW,15,,33,48,12,35,19,21,26,23
15,1,30,1,USA,White,9,1,1,0,1,0,1,1,0,1,1,1,1,0,0,0,0,1,0,0,1,1,1,0,1,0,0,1,0,0,0,1,0,1,0,1,1,1,1,0,0,1,1,0,0,0,0,1,0,1,1,0,1,1,0,0,0,1,0,1,1,1,0,1,1,0.5625,0.5,0.625,0.4375,0.5,0.375,0.5625,0.6875,0.4375,2,0,261,365,212,408,118,501,286,1108,1295,431,332,320,552,486,876,390,406,471,246,325,455,2096,255,501,232,320,1372,360,414,479,336,214,541,304,560,260,327,45457,368,671,302,317,424,135,264,389,433,253,318,231,644,400,393,302,399,189,271,311,366,895,431,535,9662,1506,491.5,501.125,496.3125,464.5,595.75,530.125,981.4375,3259.6875,2120.5625,GOOD,A2EVO3WO9HUESA,22,,52,34,25,40,23,23,23,19
16,1,25,2,AMERICAN,White,3,1,0,0,1,0,1,1,1,0,1,1,1,0,1,1,0,1,1,0,1,1,1,1,0,1,1,1,1,0,1,0,1,1,1,1,1,0,1,0,1,1,1,1,1,1,1,1,1,0,1,1,1,1,1,0,1,1,1,1,1,0,1,1,1,0.625,0.5,0.75,0.75,0.625,0.875,0.84375,0.6875,1,2,0,2047,15881,3217,2224,12259,4155,1929,4120,4474,10129,3202,1507,3932,2927,2258,6778,2413,3138,3283,2040,2465,3922,2642,12442,2768,2040,1285,2807,13224,1769,7114,1143,2898,3752,3312,3233,2664,2928,2472,2728,3048,17529,2629,2601,1818,2293,2151,5226,3634,1743,3586,2865,46887,1846,4206,2327,1686,11145,5106,3659,3548,7458,3158,4306,4164.75,5965.125,5064.9375,4399.25,3662.625,4030.9375,5800.1875,4727.4375,5263.8125,it is nice,A2L0WD3V73H6SD,27,,43,34,26,29,29,28,27,26
17,1,30,1,USA,White,9,1,0,0,0,1,1,1,0,1,1,0,1,0,0,1,1,1,0,1,0,1,0,1,1,0,1,1,1,0,1,1,1,1,1,0,1,1,0,1,0,0,0,0,1,0,0,0,0,0,0,1,1,0,0,1,1,1,1,0,0,0,1,0,0,0.5625,0.625,0.5,0.6875,0.75,0.625,0.40625,0.375,0.4375,2,0,307,376,384,463,620,362,676,363,419,1371,369,600,429,284,717,380,435,257,609,443,604,1322,530,512,218,608,689,666,763,315,588,462,524,782,756,524,1897,567,1805,488,313,690,1028,1138,269,1328,216,547,491,564,738,377,744,347,648,394,299,424,522,1051,392,747,409,604,490.125,524.875,507.5,554.5,573.125,563.8125,690.6875,660.75,675.7188,GOOD,AREOCUOCL3XGT,16,,51,38,28,47,23,27,19,28
18,1,30,1,white,White,5,1,1,1,1,1,1,1,0,1,1,1,1,1,1,1,1,1,1,1,1,1,0,1,1,1,1,1,1,1,1,1,1,0,0,0,0,0,0,1,0,0,1,0,0,0,0,0,0,0,0,0,0,0,0,0,0,0,0,0,0,0,0,1,0,0.9375,1,0.875,0.9375,1,0.875,0.09375,0.125,0.0625,2,0,214,1761,1747,985,5354,1640,2968,1842,3753,7727,1015,736,7115,935,961,1305,1074,1417,949,140620,1030,232,2224,1721,265,1460,128,2449,1587,1418,939,2836,5585,4873,2314,1930,1399,1937,1736,2914,2587,608,1629,910,3494,10748,1506,1898,176,1280,1549,1440,5253,1400,1740,1369,5426,1601,1106,1291,1991,2200,1070,2417,2890.875,2116.375,2503.625,1024.5,19019.125,10021.8125,2410.0625,2426,2418.0312,good,A1U0WD299M7UGY,26,,54,31,33,37,26,28,30,28
19,1,25,2,American,White,7,0,1,0,1,0,1,0,1,0,1,0,1,0,1,0,1,0,1,1,1,0,1,0,1,0,1,0,1,0,1,0,1,0,1,1,1,0,1,1,1,0,1,0,1,0,1,0,1,0,1,1,1,0,1,0,1,0,1,0,1,1,1,0,1,0.5,0,1,0.5625,0.125,1,0.625,0.25,1,2,0,1717,1961,2530,1134,1556,1360,1985,1646,2455,1935,2057,3645,2005,2148,2082,2947,1912,1920,1756,1606,2681,2157,1688,1440,1658,2209,1981,2337,1724,1911,1925,1872,1961,2114,1877,5163,1758,1680,1666,1226,3188,1788,1897,8923,2010,1721,1185,2861,3063,4704,2023,2044,1756,2226,2360,2408,1815,2660,1432,1507,1966,1070,1681,2856,2048.375,2097,2072.6875,1915.625,1931.5,1923.5625,1977.375,2809.4375,2393.4062,Interesting survey,AZEB6PQD2IR8Z,22,,55,39,29,25,27,27,26,19
20,1,30,1,USA,White,8,1,1,1,1,0,0,0,1,1,1,1,1,0,0,1,0,0,1,0,0,0,1,1,0,0,0,0,0,1,0,1,1,0,1,0,1,1,1,0,0,0,1,0,1,1,1,1,1,1,1,0,0,1,0,0,0,1,1,0,1,1,1,1,1,0.625,0.625,0.625,0.375,0.375,0.375,0.625,0.5,0.75,2,0,401,460,267,1330,195,721,773,2419,1869,290,217,491,339,715,365,393,564,1315,396,437,580,679,715,721,519,937,489,992,482,411,536,509,515,449,578,316,1002,863,330,397,715,1059,1053,1091,413,2193,1338,1292,420,3674,138,473,456,508,409,1831,928,995,1029,1147,433,27765,18347,384,553.25,852.375,702.8125,535.125,750.125,642.625,1756.5,2777.3125,2266.9062,GOOD,A3CEIA82ZSK0FP,18,,41,31,27,37,27,26,27,20
21,1,30,1,white,White,7,0,1,1,1,1,1,1,1,1,1,0,1,1,1,1,1,1,1,1,1,1,1,1,1,1,1,1,1,1,1,1,1,0,0,0,0,0,0,0,0,0,0,0,0,0,0,0,0,0,0,0,0,0,0,0,0,0,0,0,0,0,0,0,0,0.875,0.75,1,1,1,1,0,0,0,2,0,1045,1275,1080,1626,1243,986,1260,1027,809,1428,705,1234,1808,1199,1112,1234,1323,1355,1201,745,1275,2944,1176,978,802,1086,1250,1360,3186,1104,872,1610,1732,1803,1443,1384,1180,1356,938,763,1435,1417,1226,640,788,953,1139,1079,1424,1345,1424,1324,1210,1188,788,1676,1796,874,1686,2383,1695,1978,741,1179,1132.75,1251.125,1191.9375,1385.625,1397.75,1391.6875,1290.3125,1333.875,1312.0938,good,A1PLF583EBLYMT,26,,52,33,26,40,24,24,28,28
22,1,30,1,USA,White,8,1,1,1,0,1,1,1,1,1,1,1,1,1,1,1,1,1,1,1,1,1,1,1,1,1,1,1,1,0,1,1,1,1,1,1,1,1,1,1,1,1,1,1,1,1,1,1,1,1,1,1,1,1,1,1,1,1,1,1,1,1,1,1,1,0.9375,1,0.875,0.9375,0.875,1,1,1,1,2,0,398,478,837,953,1053,1040,284,954,5083,825,7620,884,923,347,1154,419,4426,722,749,838,788,828,324,933,911,932,881,2558,1027,2237,300,337,792,31131,712,464,321,1082,907,665,931,963,941,266,849,207,1131,884,863,1088,1078,409,842,985,836,304,882,2325,859,695,877,275,852,4321,2169,737.5,1453.25,1175.75,1173.125,1174.4375,854.5625,2879,1866.7812,something good,A3ETC700NZ5VOM,20,,47,34,14,40,11,6,16,10
23,1,30,1,USA,White,8,0,0,0,1,0,1,1,1,1,1,0,0,1,0,1,1,1,1,0,0,0,1,0,1,0,1,1,1,0,0,1,1,1,1,0,1,1,1,1,0,1,0,0,0,1,0,1,1,0,1,0,1,1,0,0,0,1,1,0,1,0,0,1,1,0.5625,0.5,0.625,0.5625,0.375,0.75,0.5625,0.5625,0.5625,2,0,171,1318,1137,412,241,228,22146,804,1323,301,376,524,272,315,3032,306,276,39666,1123,392,618,460,229,603,970,299,1257,332,521,644,458,524,355,569,549,534,235,531,458,580,404,331,457,524,1585,267,469,387,277,6186,539,435,370,558,459,488,332,347,1041,1480,1013,614,499,2089,3587.25,526,2056.625,681.5,5365,3023.25,565.125,995,780.0625,GOOD,AU3PP8LIDYU98,23,,46,38,27,32,25,21,23,26
24,1,25,2,American,White,9,1,1,1,1,1,1,1,1,1,1,1,1,1,1,1,1,1,1,1,1,1,1,1,1,1,1,1,1,1,1,1,1,1,1,1,1,0,1,1,1,0,1,1,0,1,1,0,1,0,1,1,0,1,0,0,1,1,1,0,1,1,1,1,1,1,1,1,1,1,1,0.71875,0.625,0.8125,2,0,743,3555,838,953,782,758,748,961,951,915,942,995,1643,2313,1226,1108,1718,1100,859,1193,1569,1199,981,901,896,1008,774,897,1150,913,1245,1689,934,1220,991,927,973,811,936,1304,1095,432,1490,1461,788,2425,982,902,12258,1397,890,1730,690,812,803,844,982,1394,939,777,1222,1003,3264,1410,984.125,1444.75,1214.4375,1149,1112.5,1130.75,1827.3125,1178.0625,1502.6875,good,A1BLDWE3JYO1O,21,,47,41,20,34,24,25,25,27
25,0,32,1,usa,White,9,1,1,1,1,1,1,1,1,1,0,1,1,1,1,1,1,1,1,0,1,1,0,1,1,1,0,0,1,0,1,1,0,1,1,1,1,1,1,0,1,1,1,1,1,1,1,1,1,0,1,0,1,1,1,1,1,0,0,1,1,1,1,0,1,0.9375,1,0.875,0.625,0.625,0.625,0.8125,0.6875,0.9375,2,0,1337,2098,3014,2835,2578,793,763,184,1378,1947,417,1589,1539,2001,1953,2962,4657,923,3649,419,1850,1835,1778,247,1039,4522,2260,1105,1616,5226,1282,660,247,1908,2322,536,3713,214,3403,690,2018,1401,432,4995,1466,5506,1470,306,1381,4778,6649,12045,378,993,2027,257,3554,888,4226,223,2688,5058,1981,3617,1622.375,1801.125,1711.75,2266.375,1867.125,2066.75,2372.1875,2713.4375,2542.8125,good,A274TVSAYC8Y6U,32,,55,38,37,30,32,31,30,32
26,1,25,2,American,White,9,1,1,1,1,1,1,1,1,1,1,1,1,1,1,1,1,1,1,1,1,1,1,1,1,1,1,1,1,1,1,1,1,0,0,0,0,0,0,0,0,0,0,0,0,0,1,0,1,0,0,0,0,0,0,0,0,0,0,0,0,0,0,0,0,1,1,1,1,1,1,0.0625,0,0.125,2,0,546,976,1376,967,1165,785,882,654,782,754,524,1276,558,564,623,526,608,1373,757,849,631,722,661,788,454,594,875,728,1071,786,664,835,760,944,1217,873,916,443,478,530,647,903,527,904,513,543,776,597,1359,849,1290,729,609,575,575,804,875,426,644,1059,737,1034,564,770,807,812.75,809.875,715.125,834.375,774.75,780.4375,748.9375,764.6875,GOOD,A1G4T4PGDI1ILT,22,,49,37,27,38,22,23,20,22
27,1,32,1,usa,American Indian or Alaska Native,9,0,1,1,0,1,1,1,1,1,0,1,1,0,1,1,1,1,1,1,1,1,0,1,1,0,1,1,1,1,0,1,0,1,0,1,1,0,1,1,1,1,1,1,1,0,1,1,0,1,0,0,1,0,0,1,1,1,1,0,1,1,1,0,1,0.75,0.75,0.75,0.75,0.875,0.625,0.6875,0.625,0.75,2,0,2095,8861,1267,2178,2082,1872,3635,2869,3351,1838,1955,3284,2900,1873,1177,2876,1446,9734,2339,3959,2115,2042,892,3400,2178,2412,3612,2489,2074,8641,6386,3718,6999,2640,1913,1371,969,4847,4440,6204,2389,5563,2460,1232,4464,3459,963,3645,1171,2044,10599,7112,2691,7354,2674,2818,2465,744,3337,802,920,2454,6833,2508,2307.75,3206.375,2757.0625,2630.25,4549.375,3589.8125,3455.4375,3424.8125,3440.125,something good,A3SLHZ9HPO9Y6V,21,,48,35,37,34,31,31,29,29
28,1,25,2,america,White,8,0,0,0,1,0,1,0,1,0,0,1,0,0,1,0,0,1,0,0,0,1,1,0,1,1,1,1,1,1,0,1,1,1,1,1,1,0,0,1,1,0,1,0,0,1,1,0,0,0,1,0,0,0,0,0,0,1,1,0,1,0,0,1,1,0.3125,0.125,0.5,0.6875,0.75,0.625,0.46875,0.375,0.5625,2,0,3281,1904,1538,5630,16853,8823,1545,26841,4412,72781,14467,3235,2003,177613,3655,122190,1548,5033,1264,2143,2843,2574,1691,137595,1401,1410,7506,61770,1544,2144,24213,8081,1971,57746,28466,20624,4574,4761,27068,2240,6245,4862,1733,5312,2026,6778,14274,2773,2065,57612,2867,7662,1369,2187,87974,1289,1325,2308,185333,14799,1170,6585,1982,1812,5969.25,52377.125,29173.1875,5251.25,27593.75,16422.5,23152.625,12459.375,17806,good,A2IB0L1VJJLQ7L,18,,45,39,27,35,18,22,24,19
29,1,21,1,AMERICAN,White,6,1,1,1,1,0,1,1,1,1,1,1,1,0,1,0,1,1,1,0,1,0,1,1,1,1,1,1,1,1,1,1,1,1,1,1,1,0,1,1,1,0,1,1,1,1,1,1,1,1,1,1,1,0,1,0,1,1,1,1,1,0,1,1,1,0.8125,0.625,1,0.875,0.75,1,0.84375,0.6875,1,2,0,4160,1815,1465,1588,3270,3138,5830,1560,2091,10737,7114,6446,2796,17633,21131,1882,1756,13879,2121,1537,2415,1322,2817,1666,1747,1408,2091,2361,13601,1835,1538,3288,3689,4561,1762,2061,1558,6059,1955,1857,2853,1607,18625,1705,2076,2043,14354,2140,8350,5232,4940,2203,33023,20778,1698,3084,2369,1580,29990,1596,2504,1524,5235,1152,5982.125,5599.875,5791,3510.75,3412,3461.375,8436.3125,3698.875,6067.5938,The survey is interesting.,A1SCF3L6LTFQHF,10,,32,49,16,36,19,22,26,25
30,1,25,1,american,White,10,1,1,1,1,1,1,1,1,1,1,1,1,1,1,1,1,1,1,1,1,1,1,1,1,1,1,1,1,1,1,1,1,1,1,1,1,1,1,1,1,1,1,1,1,1,1,1,1,1,1,1,1,1,1,1,1,1,1,1,1,1,1,1,1,1,1,1,1,1,1,1,1,1,2,AllLaunch,207,204,224,4058,278,361,727,1737,219,313,285,417,379,264,416,239,306,2845,172,351,313,192,377,178,274,241,355,186,253,345,186,424,411,238,346,473,157,331,379,304,354,563,251,225,4677,464,322,448,474,185,371,192,450,323,440,176,219,331,4220,385,312,235,162,267,341.875,949.125,645.5,279.5,595.25,437.375,846.5625,321.25,583.9062,good,A32XLTQFXPL4F8,20,,46,34,22,39,17,16,8,13
31,1,26,2,USA,White,8,1,1,0,1,0,0,0,0,1,1,0,0,0,1,0,0,1,1,1,1,1,1,1,0,1,1,1,1,1,1,1,1,1,0,1,1,0,0,0,0,0,1,1,0,0,0,0,0,0,1,1,0,1,1,1,0,0,0,0,1,0,1,0,0,0.375,0.25,0.5,0.9375,1,0.875,0.375,0.375,0.375,2,0,1691,1403,4705,592,1833,3499,1867,2131,7714,1607,2593,1155,1642,7887,42012,1860,2896,1876,1334,1008,1583,1436,2204,1314,1080,16605,3669,2818,978,1524,874,1795,1076,3116,390,2716,2992,360,2348,2539,1822,421,1010,35637,1018,1109,459,2158,2130,660,427,822,732,1651,653,754,1868,1144,1122,529,1284,761,19356,2915,8007.125,2516.75,5261.9375,1827.25,3547,2687.125,2417.9375,3580.75,2999.3438,GOOD,AC3GSBB3EWANA,18,,50,37,24,36,20,21,21,20
32,0,32,1,usa,American Indian or Alaska Native,8,1,1,0,0,1,1,1,1,1,1,1,1,1,1,1,0,1,0,1,1,1,1,1,0,1,1,1,0,1,1,0,1,1,0,1,1,1,1,0,1,1,1,0,1,1,1,1,1,1,1,1,1,1,0,0,0,1,1,0,1,1,1,0,1,0.8125,0.875,0.75,0.75,0.875,0.625,0.75,0.6875,0.8125,2,0,1339,1922,6651,2146,3041,1865,881,841,3379,7820,2608,3315,1474,1583,10648,3421,2911,4331,4793,11766,942,1245,3376,3161,8641,3324,2371,2322,11900,3785,5428,832,2461,1996,961,1304,3880,9209,12257,5801,886,2435,2985,2242,1953,83228,2530,2558,10233,1102,2536,2300,1960,2140,1946,1858,3491,35584,1635,258240,8848,2229,5656,1871,3752.625,2864.125,3308.375,5045.25,3845.75,4445.5,4013.625,25881.0625,14947.3438,good,A2KUTPUCA178IR,22,,36,30,17,21,24,29,21,30
33,1,25,1,american,White,9,1,1,1,1,1,1,1,1,1,1,1,1,1,1,1,1,1,1,1,1,1,1,1,1,1,1,1,1,1,1,1,1,1,1,1,1,1,1,1,1,1,1,1,1,1,1,1,1,1,1,1,1,1,1,1,1,1,1,1,1,1,1,1,1,1,1,1,1,1,1,1,1,1,2,AllLaunch,310,141,321,289,319,256,220,414,117,380,421,301,442,142,151,206,257,9893,346,207,327,171,249,458,185,390,278,188,811,381,168,456,338,282,295,784,201,104,312,3371,215,187,186,891,163,303,415,405,298,81,517,10409,311,335,328,405,786,269,650,244,1340,175,377,381,287.625,266.125,276.875,327.625,1518,922.8125,420.75,1164.125,792.4375,good,A1O0Q2M6KWVQAP,18,,48,31,26,38,21,18,17,12
34,1,25,1,AMERICAN,White,10,1,1,1,1,1,1,1,1,1,1,1,1,1,1,1,1,1,1,1,1,1,1,1,1,1,1,1,1,1,1,1,1,1,1,1,1,1,1,1,1,1,1,1,1,1,1,1,1,1,1,1,1,1,1,1,1,1,1,1,1,1,1,1,1,1,1,1,1,1,1,1,1,1,2,AllLaunch,166,277,869,257,197,234,173,270,318,131,250,110,118,152,634,922,322,181,138,195,109,182,206,238,90,84,285,164,218,245,201,153,184,214,207,183,140,299,177,692,138,196,145,276,1443,97,213,283,231,1531,281,163,224,147,110,145,594,216,207,142,225,217,202,813,340.625,294.125,317.375,196.125,180.25,188.1875,295.0625,350.875,322.9688,GOOD,A3RIKC1PHSS2AL,19,,50,24,21,40,8,12,13,10
35,1,30,1,USA,White,7,1,1,1,1,1,1,1,1,1,1,1,1,1,1,1,1,1,1,1,1,1,1,1,1,1,1,1,1,1,1,1,1,1,1,1,1,1,1,1,1,1,1,1,1,1,1,1,1,1,1,1,1,1,1,1,1,1,1,1,1,1,1,1,1,1,1,1,1,1,1,1,1,1,2,AllLaunch,963,1067,963,1075,945,1013,1016,1211,954,946,1052,1015,1018,1042,1071,1035,1021,1066,898,1026,1210,981,1011,2979,1100,1154,881,1042,1058,1007,1228,2216,1005,1004,1027,1044,2066,1050,1073,6832,1001,1090,997,1025,963,1072,1074,1082,881,1005,1104,994,1012,1068,950,954,920,1140,1115,1004,1012,1075,1044,2427,997.75,1050.5,1024.125,1050.875,1433.875,1242.375,1077.75,1491.625,1284.6875,GOOD,AKWSQJE0XOBRB,23,,48,33,16,43,16,18,12,11
36,1,28,2,american,Black or African American,5,0,1,0,1,0,1,1,1,0,1,0,1,1,1,0,1,0,1,0,1,1,1,0,1,1,1,0,1,0,1,0,1,0,1,0,1,0,1,0,1,0,1,0,1,0,1,0,1,0,1,1,1,0,1,1,1,0,1,0,1,0,1,1,1,0.625,0.25,1,0.625,0.25,1,0.59375,0.1875,1,2,0,4445,3312,3512,2339,5084,2091,9800,2255,4019,5881,3372,1786,4696,2392,3098,1774,4481,1936,10158,2309,4155,3293,2071,3484,1704,1986,2330,3149,1430,2818,3746,2144,1645,4903,2127,5532,1661,5653,2341,1530,3472,2103,2265,1731,1566,2268,7346,1854,2987,2069,3039,2654,2299,2762,2589,4857,3391,2754,4497,4027,2747,1871,3548,3028,4753.25,2728.75,3741,3759.375,2639.875,3199.625,2970,3099.75,3034.875,none,A2W5X6R3FUZERZ,12,,9,43,35,34,20,15,28,28
37,1,25,1,AMERICAN,White,9,1,1,1,1,1,1,1,1,1,1,1,1,1,1,1,1,1,1,1,1,1,1,1,1,1,1,1,1,1,1,1,1,1,1,1,1,1,1,1,1,1,1,1,1,1,1,1,1,1,1,1,1,1,1,1,1,1,1,1,1,1,1,1,1,1,1,1,1,1,1,1,1,1,2,AllLaunch,311,3886,116,295,173,259,109,121,1455,233,163,278,1080,216,201,106,135,310,82,507,142,230,286,283,321,235,156,290,286,260,116,114,299,233,263,139,273,90,768,360,376,415,216,294,288,295,89,185,269,102,118,195,199,320,94,290,95,284,297,256,114,156,160,177,451,674.25,562.625,190.5,278.625,234.5625,244.875,236.9375,240.9062,GOOD,A2B3WE2AOFKTX3,21,,44,42,20,48,10,11,8,15
38,1,30,1,American,White,9,1,1,1,1,1,1,1,1,1,1,1,1,1,0,1,1,1,1,1,1,1,1,1,1,1,0,1,1,1,1,1,1,1,1,1,0,1,1,1,0,1,1,0,1,1,0,1,1,1,1,1,1,0,0,1,0,1,0,1,1,1,1,0,1,0.9375,1,0.875,0.9375,1,0.875,0.71875,0.8125,0.625,2,0,760,1090,985,978,929,4931,1037,757,825,3092,1199,395,573,846,1145,1387,933,1201,1482,1137,1069,386,880,957,712,829,969,1185,1198,739,820,2314,691,1002,4019,874,716,962,1035,393,525,794,2634,857,1241,813,862,1123,1004,1162,697,1759,1443,848,915,1194,746,1013,18001,1269,514,714,994,12856,931.625,1684.5,1308.0625,1007.875,1093.5,1050.6875,2252.3125,1727.0625,1989.6875,good,A2IMXSGBKIB5GC,25,,47,35,32,38,29,26,31,28
39,1,30,1,WHITE,White,8,1,1,1,1,0,0,0,1,0,1,0,1,1,0,1,1,1,1,1,0,0,0,1,0,1,1,0,1,0,1,1,1,1,1,0,1,0,1,1,1,0,1,1,1,1,1,1,1,0,1,1,0,0,1,0,0,1,1,0,0,1,1,1,1,0.625,0.5,0.75,0.625,0.625,0.625,0.6875,0.5625,0.8125,2,0,1350,443,492,184,314,235,329,257,411,1014,280,657,1530,641,628,422,817,1213,680,520,75,260,527,229,346,319,130,729,300,361,206,1189,526,570,325,241,437,889,738,697,232,2562,724,783,225,225,397,151,216,280,842,140,401,695,556,146,634,249,621,496,545,1626,284,1420,666.75,481.625,574.1875,385.125,602.5,493.8125,481.4375,698.125,589.7812,GOOD,A24Y5LD7IBGZ3C,22,,39,33,25,42,25,28,22,30
40,1,30,1,american,White,10,0,0,1,0,1,1,1,0,1,0,0,1,0,0,1,1,1,0,1,0,1,0,1,1,1,0,1,1,1,1,0,1,1,1,0,0,0,1,1,0,0,0,1,1,1,1,1,1,0,1,1,1,0,1,1,1,0,0,1,1,0,1,1,1,0.5,0.625,0.375,0.6875,0.875,0.5,0.65625,0.5625,0.75,2,0,1368,1072,1129,1399,1984,1722,1391,1575,1454,1430,1946,848,1428,1225,1280,1049,1473,1544,2002,1169,1493,1249,1423,1277,1165,1395,1509,1554,1748,1862,1646,2180,2671,1532,1373,1656,15537,1633,1255,1667,1391,1312,1146,1182,1526,1052,1160,1264,1634,1623,1155,1824,1304,1906,1198,1144,1747,1784,1521,37033,1239,1325,877,1124,1497.5,1290,1393.75,1557.375,1528.75,1543.0625,2295.875,3691.3125,2993.5938,GOOD,A3088GOPZZG8IP,21,,43,39,18,34,27,23,24,24
41,1,24,1,White,White,9,1,1,1,0,0,0,1,0,1,1,1,1,1,1,1,1,1,1,1,1,1,1,1,1,1,1,1,1,1,1,0,0,1,1,1,0,1,1,0,1,1,1,1,1,1,1,1,1,1,1,0,1,1,1,1,0,0,1,1,1,1,1,1,1,0.75,0.875,0.625,0.875,0.875,0.875,0.84375,0.8125,0.875,2,0,737,724,1011,737,876,874,644,31577,1761,3098,744,754,1298,716,812,559,630,706,1001,1453,481,797,717,1698,1899,655,874,689,1007,753,1098,1268,791,1091,1282,907,671,787,696,784,680,761,802,914,2892,715,770,1155,391,1009,760,1463,984,609,1843,639,610,704,752,906,2453,849,915,810,985.375,4879.875,2932.625,963.375,1002.375,982.875,1080.75,881.4375,981.0938,good survey,A3Q897SMMVA32T,27,,43,28,21,34,28,28,30,26
42,0,25,2,Unites States,White,8,1,1,1,1,1,1,1,1,1,0,1,1,1,1,0,1,1,1,1,1,1,1,1,1,1,1,1,1,1,1,1,1,1,0,0,0,0,0,0,0,1,0,0,0,1,1,0,0,0,0,0,1,1,0,0,1,0,0,0,1,0,0,1,1,0.875,0.875,0.875,1,1,1,0.3125,0.3125,0.3125,2,0,1186,1222,964,1348,1254,1075,2090,1030,6948,1502,1020,1048,1564,1437,2054,2979,2315,768,1524,1012,972,1987,1005,1277,1199,1010,980,1247,1041,1491,1228,1428,938,1737,1670,1321,4466,1216,1728,1971,1383,4973,2686,1115,2340,1115,2369,1335,2081,2857,1391,1601,10623,1610,1531,1669,1879,1788,1451,1672,1730,1925,23493,921,2135,1455.125,1795.0625,1283,1277.5,1280.25,3859.9375,1801.625,2830.7812,good,A2MXEAHVSFIBHS,24,,53,35,30,31,26,24,24,30
43,1,32,1,USA,American Indian or Alaska Native,8,1,0,1,1,1,1,1,1,1,0,1,1,1,1,0,1,0,1,1,1,1,1,1,1,1,0,1,1,1,1,0,1,1,0,1,0,1,1,1,1,0,0,1,1,1,0,0,1,0,1,0,0,1,1,1,1,1,1,0,1,0,1,0,0,0.8125,0.875,0.75,0.8125,0.75,0.875,0.59375,0.5625,0.625,2,0,2675,3769,1938,2371,3475,2262,1960,2107,9642,1320,4066,2392,2611,3298,4147,3035,1954,4537,1585,257885,1337,4392,2602,2331,2164,4842,2906,7492,1473,1945,8940,952,2635,3210,4346,2059,2598,8940,2364,1640,2108,2425,3719,17593,2018,1496,2218,11538,2650,3247,6796,1914,6242,1064,2066,2817,3010,13642,1948,1427,4323,4012,752,2723,3814.25,2569.25,3191.75,2870.125,35547,19208.5625,3112.0625,4984.1875,4048.125,GOOD,A2OVKHX0RQ6MNN,17,,50,27,28,53,27,24,25,29
44,0,30,1,white,American Indian or Alaska Native,9,1,1,0,1,0,0,1,1,0,0,1,1,1,1,1,0,0,1,1,1,1,1,0,1,1,1,1,1,0,1,1,1,1,0,1,1,0,0,0,0,0,1,1,1,1,0,1,1,1,0,1,1,1,1,0,1,1,1,1,1,1,1,1,0,0.625,0.625,0.625,0.8125,0.625,1,0.6875,0.75,0.625,2,0,1941,1514,1163,739,240,1085,361,203,455,1032,333,633,3941,915,235,717,1092,564,1545,719,219,148,545,292,1962,1264,1370,188,492,169,659,274,559,838,1046,478,243,261,4729,130,300,453,643,328,294,295,390,384,1596,352,257,311,291,250,1112,1020,414,275,1043,776,1556,170,1186,286,1083.625,854.75,969.1875,985.5,452.25,718.875,978.6875,412.9375,695.8125,good,AUREYGZ19WEM1,21,,47,36,36,37,30,30,27,29
45,1,30,1,American,White,4,0,0,0,1,1,0,1,1,1,0,1,1,0,0,1,1,0,0,1,1,1,1,0,0,0,1,1,1,0,1,1,0,1,0,1,1,1,0,0,0,1,1,1,1,1,1,0,1,1,0,0,1,1,1,1,1,1,0,0,1,1,0,0,0,0.5625,0.625,0.5,0.5625,0.5,0.625,0.625,0.6875,0.5625,2,0,92952,833,236,114,1033,204,428,98,186,211,123,200,304,91,11153,106,160,155,124,210,1700,106,122,225,106,266,121,257,1382,194,842,7943,451,307,202,159,88,11895,257,1196,180,400,125,315,7744,1064,268,616,273,976,481,239,289,235,273,255,448,125,601,184,234,77,282,965,13301.875,232.125,6767,569.625,1169.5,869.5625,762.25,1188,975.125,good,A1M9D6GLMMA4OA,21,,46,43,32,27,28,26,25,24
46,1,30,1,USA,White,9,1,1,1,0,0,1,0,1,0,1,1,1,0,1,0,0,0,0,1,0,1,1,0,0,1,1,1,1,1,1,1,0,1,0,1,0,0,0,1,1,1,1,1,1,0,1,0,0,1,1,1,0,0,1,1,1,0,0,1,0,1,0,1,0,0.5625,0.375,0.75,0.625,0.75,0.5,0.5625,0.6875,0.4375,2,0,1914,8889,436,735,592,1594094,716,6203,823,281,593,769,787,4095,394,768,346,578,329,385,674,651,748,729,650,14274,344,724,768,650,571,529,1452,732,306,727,450,102,591,323,1585,617,503,19624,625,713,642,731,386,739,393,1400,321,668,330,394,456,1076,3938,451,7329,441,404,641,781.875,201979.25,101380.5625,553.75,2315,1434.375,1231.9375,1836.1875,1534.0625,GOOD,A2LWB675XC50BL,22,,44,37,30,38,21,26,24,27
47,0,25,1,USA,White,10,1,1,1,1,1,1,1,1,1,1,1,1,1,1,1,1,1,1,1,1,1,1,1,1,1,1,1,1,1,1,1,1,1,1,1,1,1,1,1,1,1,1,1,1,1,1,1,1,1,1,1,1,1,1,1,1,1,1,1,1,1,1,1,1,1,1,1,1,1,1,1,1,1,2,AllLaunch,594,749,834,3980,1058,3411,852,1302,858,7547,807,1258,746,1010,323,718,1425,1025,690,505,846,491,410,707,395,1237,1713,850,787,449,1558,741,973,725,387,414,434,586,691,858,499,722,665,892,730,2547,817,891,850,820,28962,781,1152,770,196,1546,218,421,473,1548,635,752,1624,1098,759,2496.875,1627.9375,978,750.625,864.3125,2456.625,960.6875,1708.6562,GHOOD,A12076MUJWN024,25,,48,39,38,31,32,31,31,31
48,1,25,1,USA,White,10,1,1,1,0,1,1,1,1,1,1,1,1,1,1,1,1,1,1,0,0,1,1,0,1,1,1,0,1,1,1,0,1,1,1,1,0,0,1,0,1,0,1,0,1,1,0,1,1,0,1,0,1,1,1,1,1,1,1,0,0,1,1,1,1,0.9375,1,0.875,0.6875,0.5,0.875,0.6875,0.5625,0.8125,2,0,2650,1039,5653,788,30680,845,3272,839,658,31059,728,695,261,982,1003,737,685,6059,753,623,726,684,7103,1334,10071,711,466,971,728,756,682,7064,4781,824,801,2203,918,1626,699,4460,328,13518,872,359,670,533,1550,735,899,65511,722,52414,738,4172,16076,678,7077,760,838,734,2221,3072,685,673,5613.125,4623,5118.0625,2651.75,2275.25,2463.5,2492.1875,9517,6004.5938,good,AC9WUOXDCSYCZ,30,,49,37,37,33,31,32,29,30
49,1,25,1,AMERICAN,White,7,1,1,1,0,1,1,0,1,1,1,0,1,1,1,1,1,1,1,0,1,0,1,0,0,1,1,1,1,1,1,1,1,1,1,0,1,1,1,0,0,1,1,1,1,1,0,1,1,1,0,1,1,1,1,1,1,1,1,1,1,0,1,1,1,0.8125,0.75,0.875,0.75,0.625,0.875,0.8125,0.8125,0.8125,2,0,3778,642,111,3807,180,113,1022,168,171,269,558,277,176,238,186,336,213,90,566,139,1185,1233,243,4337,273,227,248,171,227,153,333,220,280,1843,219,96,497,106,875,1325,284,188,901,128,133,1025,163,1146,203,1447,185,171,274,201,153,282,244,226,115,1620,464,288,191,291,772.75,731.25,752,411,821.25,616.125,323.8125,648.9375,486.375,GOOD,A3G0ZHZ2559T3A,20,,44,33,13,39,16,12,15,8
50,1,25,1,USA,White,10,0,0,0,0,0,0,0,0,0,1,0,0,0,0,0,0,1,0,0,1,1,1,0,0,0,0,1,0,1,1,0,1,1,1,0,0,0,0,1,1,0,1,0,0,0,1,0,0,0,0,1,1,0,0,1,1,0,1,0,1,0,0,1,0,0.0625,0,0.125,0.5,0.5,0.5,0.40625,0.3125,0.5,2,0,816,892,701,1104,367,4124,626,406,1074,443,306,662,2901,786,304,288,681,827,289,891,1512,4125,516,421,1603,699,2259,5135,345,252,997,940,1554,19736,1105,905,758,630,167,512,4327,238,1512,1114,4318,791,5999,2046,3207,484,942,1731,1004,227,2110,2775,602,2715,1323,1419,853,952,1220,5863,886.875,1088.125,987.5,1025.25,1661.25,1343.25,1937.5625,2633.625,2285.5938,GOOD,A3X46JLBSEGMO,29,,53,39,35,34,32,32,31,29
51,1,25,1,USA,White,10,1,1,1,0,1,1,1,1,1,1,1,1,1,1,1,1,1,1,1,1,1,1,1,1,1,1,1,1,1,1,0,1,1,1,1,1,1,1,1,1,0,1,1,1,1,1,1,1,1,1,1,1,1,1,1,1,1,1,1,1,1,1,1,1,0.9375,1,0.875,0.9375,0.875,1,0.96875,0.9375,1,2,0,49424,1282,3097,4890,888,409,7304,311,986,571,925,361,994,454,2362,999,542,755,3571,601,748,813,1053,766,1235,537,626,1368,42112,755,1232,954,708,337,2282,633,1116,531,848,509,1163,1258,730,392,897,1028,474,537,860,890,2286,697,466,536,507,5723,16520,466,1610,432,408,482,1013,994,8247.5,1159.625,4703.5625,6389.875,818.625,3604.25,1993,965.3125,1479.1562,GOOD,A2WSNXVA7LQYSG,31,,50,40,37,32,27,28,28,28
52,1,25,2,USA,White,10,1,1,1,1,0,1,1,1,1,1,0,1,1,1,1,1,0,0,0,0,1,1,1,1,0,1,1,0,1,0,0,1,0,1,0,1,1,0,1,0,1,0,1,1,1,0,1,1,1,1,1,1,1,1,1,1,1,0,0,0,0,1,1,1,0.875,0.75,1,0.5,0.5,0.5,0.6875,0.75,0.625,2,0,2000,5780,403,1426,1793,1187,506,201,842,211,720,19928,457,4224,1102,178,184,7619,818,792,978,1544,721,826,273,1749,1089,3919,379,8661,516,858,1100,178,840,518,10536,292,27333,1611,1026,2263,136800,1409,282,211,1647,499,1282,1714,1193,769,1056,4400,633,1313,1524,349,845,1061,2767,1007,2701,250,977.875,4141.875,2559.875,619.75,3246,1932.875,11972.8125,1115.25,6544.0312,GOOD,A30TGUDBBTQ44A,24,,44,37,35,34,30,31,31,32
53,1,25,2,American,White,8,0,1,0,1,0,1,0,1,0,1,0,1,0,1,0,1,0,1,0,1,0,1,0,1,0,1,1,1,0,1,1,1,0,1,0,1,0,1,1,1,0,1,0,1,0,1,0,1,0,1,0,1,0,1,0,1,0,1,0,1,0,1,0,1,0.5,0,1,0.625,0.25,1,0.53125,0.0625,1,2,0,2217,18698,1530,1025,1906,1632,2085,8293,1329,1689,1559,1473,2094,2377,1456,1703,2222,1648,2727,1059,2287,1424,2262,1761,2056,1879,11571,2205,2010,2334,1274,4250,14800,1279,1565,1662,1771,1758,2397,1931,1616,4342,1661,2258,7829,2101,1899,2482,1817,1626,2361,1218,1617,1065,1661,1187,1581,2996,1914,1186,2209,2006,1563,1081,1772,4611.25,3191.625,3301.125,2070,2685.5625,3016.3125,1886.125,2451.2188,Nice survey,A18BCM3Z3AONUA,28,,42,43,27,38,27,31,26,14
54,1,25,2,American,White,8,1,1,1,1,1,1,1,1,1,1,1,1,1,1,1,1,1,1,1,1,0,1,1,1,1,1,1,1,1,1,1,1,0,0,0,0,0,0,0,0,0,0,0,0,0,0,0,0,0,0,0,0,0,0,0,0,0,0,0,0,0,0,0,0,1,1,1,0.9375,0.875,1,0,0,0,2,0,504,814,549,10555,1159,2881,570,637,799,659,893,672,1713,2773,1254,817,983,767,1255,1170,908,563,2041,1032,517,933,876,951,22147,988,10913,770,1183,1028,1101,679,676,3390,467,474,1000,464,1091,895,849,1048,503,733,911,959,1084,3684,134194,1033,1760,607,1563,1412,844,3715,577,667,712,955,930.125,2476,1703.0625,4955,896.75,2925.875,9282.1875,1358.9375,5320.5625,GOOD,A1D26DHX9CDRGI,20,,48,33,25,38,21,21,23,22
55,0,25,2,USA,White,10,1,1,1,1,1,1,1,1,1,1,1,1,1,1,1,1,1,1,0,1,1,1,1,1,1,1,1,1,1,1,1,1,0,0,0,0,0,0,0,0,0,0,0,0,0,0,0,0,0,0,0,0,0,0,0,0,1,0,0,0,1,0,0,0,1,1,1,0.9375,0.875,1,0.0625,0.125,0,2,0,3362,918,1346,1111,1322,1113,955,1143,831,905,1234,811,1361,1325,838,940,818,1352,1306,1026,1487,979,1595,1226,1307,846,930,1323,844,750,1989,883,2170,875,824,842,1323,1419,762,907,4088,1508,1276,1043,1526,1314,972,1625,1473,4298,11211,1383,1023,921,1441,3695,793,764,5943,1107,1228,1191,6384,1530,1406.125,1033.25,1219.6875,1284.5,1048.125,1166.3125,2652.3125,1526.375,2089.3438,good,A1PPO5F3AZZ09C,26,,48,38,31,36,25,29,29,27
56,1,25,1,USA,White,10,1,0,0,1,1,1,0,0,0,0,1,0,1,0,0,1,1,0,0,1,0,1,0,0,1,1,0,0,1,0,0,0,0,0,0,0,0,0,1,0,1,0,0,1,1,1,0,0,0,0,0,0,1,1,1,1,0,1,0,1,1,1,0,0,0.4375,0.5,0.375,0.375,0.375,0.375,0.40625,0.375,0.4375,2,0,1110,1101,1472,549,878,805,452,469,1200,1334,444,723,1195,1274,512,775,279,819,1637,407,815,1558,144,1186,858,1573,1152,306,623,317,1004,803,1182,354,1221,986,147,1011,291,262,764,752,2907,809,786,611,900,1020,660,987,203,399,1684,695,854,1491,1402,1175,614,1118,565,1275,356,1163,907.875,878.75,893.3125,814,871.125,842.5625,908.5,881.75,895.125,GOOD,ALQS67Q162ZSA,29,,48,38,36,28,30,29,32,29
57,1,24,2,American,White,8,1,1,1,1,1,1,1,1,1,1,1,1,1,1,1,1,1,1,1,1,1,1,1,1,1,1,1,1,1,1,1,1,0,0,1,0,0,0,0,0,0,0,0,0,1,0,0,0,0,0,0,0,0,0,0,0,0,0,0,0,0,1,0,0,1,1,1,1,1,1,0.09375,0.125,0.0625,2,0,1513,1191,1655,927,843,804,866,763,1403,885,8015,925,1234,4973,1163,1661,1864,20484,933,582,1593,1009,904,1043,914,1698,874,1605,635,896,1584,14725,38513,1238,1143,8135,1024,1388,2846,1072,1768,1212,1385,1484,1207,1006,2184,1121,1017,1194,1178,1728,12895,2017,2275,2193,53032,1861,3965,3295,1102,885,1486,1694,2086.5,1516.125,1801.3125,1162.625,5255.25,3208.9375,7938.75,1970.1875,4954.4688,good,A1OCD4TCH60U2B,24,,54,44,23,33,30,29,28,25
58,1,25,2,USA,White,10,0,1,1,1,1,1,1,1,1,1,1,0,0,0,0,0,1,1,1,1,0,1,1,0,1,1,1,1,1,1,1,0,1,1,1,0,0,0,0,1,1,1,1,1,0,0,1,1,1,1,1,1,1,1,1,1,1,0,0,0,0,1,1,1,0.625,0.625,0.625,0.8125,0.875,0.75,0.6875,0.6875,0.6875,2,0,1220,1986,1470,2769,2093,910,4071,1505,554,1090,2300,565,186,247,673,1033,1428,1986,735,536,356,838,2060,1444,221,856,1201,420,744,233,2244,874,1928,1320,2872,2093,748,475,1313,1000,1881,1667,1637,1164,793,1146,628,1336,1863,346,2059,1204,1848,1628,219,559,531,2113,750,725,2693,1684,243,2356,1570.875,1263.125,1417,1123.625,898.375,1011,1375.375,1301,1338.1875,GOOD,A3T3RH02NN60E,21,,47,35,24,35,31,30,29,31
59,1,24,2,American,White,8,1,1,1,1,1,1,1,1,1,1,1,1,1,1,1,1,1,1,1,1,1,1,1,1,1,1,1,1,1,1,1,1,0,0,0,0,0,0,0,0,0,0,0,0,0,0,0,0,0,0,0,0,1,0,0,0,0,0,0,0,0,0,0,0,1,1,1,1,1,1,0.03125,0.0625,0,2,0,1332,2715,2033,905,25719,1229,44850,3807,1489,1173,1870,1135,79598,1837,6804,1774,38272,2230,1237,3229,1627,1250,2305,1279,1512,1712,1795,1857,2229,5458,1516,1927,1240,107615,885,1255,1391,1349,2089,1586,1860,2211,1521,2412,1865,2407,1578,1264,1348,1625,1413,1551,1333,1371,1688,1953,1838,2935,989,1449,50147,2690,1341,2609,20461.875,1821.875,11141.875,6311.625,2367.75,4339.6875,4532.875,8517.625,6525.25,good,A2CXKGZKTD6XNH,25,,46,41,26,36,32,26,32,29
60,1,30,1,american,White,7,1,1,1,1,1,1,1,1,1,1,1,1,1,1,1,1,1,1,1,1,1,1,1,1,1,1,1,1,1,1,1,1,0,0,0,0,1,1,0,0,0,0,0,0,0,0,0,0,0,0,0,0,0,0,1,1,0,0,0,0,0,0,0,0,1,1,1,1,1,1,0.125,0.125,0.125,2,0,5032,1667,2163,2143,1578,3417,1190,1891,1637,976,1369,4547,1362,2282,1986,1593,1014,1423,2137,3468,1266,2242,1200,2817,4566,1799,1175,3808,2042,968,1554,6096,1044,1121,1704,1592,1726,1506,2475,1106,1538,2249,1078,2642,2396,2082,10750,2021,2150,1046,1456,2787,1248,1115,1527,2524,866,1599,8593,2091,3402,1165,1202,1473,2039.625,2314.5,2177.0625,1869.25,2827.625,2348.4375,2697.1875,1757.4375,2227.3125,good,AX70HH10V1ILZ,25,,53,35,30,36,28,29,26,30
61,1,24,2,USA,White,6,1,1,1,1,1,1,1,1,1,1,1,1,1,0,1,1,1,1,1,1,1,1,1,1,1,1,1,1,1,1,1,1,0,0,0,0,0,0,0,0,0,0,0,0,1,0,0,0,0,0,0,0,0,0,0,0,0,0,0,0,0,0,0,0,0.9375,1,0.875,1,1,1,0.03125,0.0625,0,2,0,1987,1645,1178,661,2354,1616,1973,1663,1729,3035,1062,1321,1155,1505,1195,1301,2281,1121,1220,986,1209,1391,1263,2203,2012,1485,2096,1143,1609,1401,1758,871,2461,879,3450,1754,826,1598,1604,1421,1057,1560,1847,1136,1618,1868,1513,2484,1466,2442,1021,2673,1651,1033,1061,1627,1014,10102,1120,1696,1385,999,1300,1521,1579.125,1593.375,1586.25,1681,1325.125,1503.0625,1524.625,2174.5625,1849.5938,NONE,A2CFG15CY2363O,22,,43,35,28,36,25,25,25,25
62,0,24,1,American,White,7,0,1,0,1,0,0,0,1,0,1,0,1,0,0,1,1,0,1,1,1,1,1,1,1,0,1,0,1,1,1,0,1,1,1,1,1,0,1,0,1,1,1,1,1,0,1,1,1,0,1,1,1,1,1,1,1,1,0,1,1,1,1,1,1,0.4375,0.125,0.75,0.75,0.5,1,0.84375,0.75,0.9375,2,0,13461,2198,2580,20636,1642,11595,5314,1653,6037,4596,5845,1652,5342,20194,75157,1673,2711,4976,21060,2962,1744,2266,2332,1547,2365,1845,2007,1205,1954,5122,4953,3450,7160,3245,2081,3223,2609,2324,76608,1451,3875,2633,21162,8474,4024,9232,3186,2511,2733,15312,2062,1375,6502,2191,11632,2409,2421,15426,2457,1162,6087,1927,1379,16675,14422.25,8024.625,11223.4375,4890.75,2921.625,3906.1875,9748.625,5598.125,7673.375,none,A273TRKU2TZS2T,22,,40,27,24,39,20,22,23,20
63,1,30,1,white,White,5,0,0,0,1,0,1,1,0,0,0,1,0,1,0,1,1,0,1,1,0,1,1,1,0,1,0,0,1,1,0,1,1,1,1,0,1,1,1,0,1,1,1,0,1,1,1,1,1,0,1,0,1,1,0,1,0,0,0,0,1,1,0,1,1,0.4375,0.5,0.375,0.625,0.75,0.5,0.65625,0.5625,0.75,2,0,1188,1163,1390,744,1136,569,355,402,753,1779,562,355,844,2827,570,279,793,2331,671,7274,947,2447,540,291,628,772,1282,850,94643,250,825,364,506,710,762,1143,20639,800,275,1234,847,908,649,555,800,970,362,595,1290,409,538,386,5155,731,776,1291,298,761,757,492,1962,1099,280,843,849.75,1014.75,932.25,12541.125,1822.375,7181.75,2243.5,807.9375,1525.7188,GOOD,A2G6WUB8TKOFE1,21,,37,35,27,45,25,26,22,19
64,1,24,2,American,White,8,1,1,1,1,1,1,1,1,1,1,1,1,1,1,1,1,1,1,1,1,1,1,1,1,1,1,1,1,1,1,1,1,1,1,1,1,1,1,1,1,1,1,1,1,1,1,0,1,0,1,1,1,1,1,1,1,1,1,0,1,1,0,1,1,1,1,1,1,1,1,0.875,0.8125,0.9375,2,0,5430,911,344,1860,1973,19683,736,1644,943,575,1500,1102,1079,1279,630,10066,2340,4626,682,1039,898,499,1890,393,956,585,1314,1871,1033,3280,7041,1621,991,400,238,543,717,1166,3047,592,957,981,1260,345,1393,396,14834,686,1593,1007,706,1639,977,461,4054,773,8550,878,2145,18872,288,1298,814,926,1579.375,4640,3109.6875,2019.25,1739.25,1879.25,2660.25,1935.1875,2297.7188,good,AL42QQ0WUTNJY,29,,44,37,26,32,30,27,25,26
65,1,30,1,WHITE,White,5,1,1,1,1,1,0,1,1,1,0,0,1,1,1,0,0,1,0,0,0,0,1,1,1,1,1,1,1,0,1,0,1,1,1,0,0,1,1,0,1,1,0,1,0,1,0,1,0,1,1,1,0,0,1,1,0,1,1,1,0,0,0,1,0,0.6875,0.75,0.625,0.625,0.5,0.75,0.5625,0.75,0.375,2,0,682,201,195,744,455,1823,571,1233,99,619,299,459,946,972,1070,504,1391,332,245,666,424,1106,909,520,1257,1411,586,1090,489,240,558,317,462,573,437,862,155,573,130,242,236,172,203,526,1002,486,700,1211,206,601,624,622,622,1459,1009,379,1544,820,623,391,1238,398,412,656,539.625,819.375,679.5,732.375,710.25,721.3125,600.1875,623.1875,611.6875,GOOD,A1VQLTP7XLTV0G,20,,52,29,28,47,18,13,18,27
66,1,25,1,USA,White,10,0,1,0,0,1,0,1,1,0,0,0,1,0,1,1,0,1,1,0,0,0,1,0,1,0,1,1,1,0,0,0,1,1,0,1,1,1,1,0,0,1,1,1,0,0,1,1,1,1,0,0,1,1,0,1,1,0,1,1,1,1,1,0,0,0.4375,0.375,0.5,0.5,0.25,0.75,0.65625,0.6875,0.625,2,0,367,228,375,279,761,153,395,307,733,715,718,864,587,449,1648,556,666,716,165,692,475,363,528,540,199,639,455,615,658,235,970,681,375,1415,329,354,2235,431,211,439,678,470,275,231,243,260,286,876,753,233,191,477,319,54064,229,316,784,451,1056,468,750,239,253,494,698,443.875,570.9375,514.5,560.125,537.3125,560.4375,3826.125,2193.2812,GOOD,A3EJN1HJQ5HNEK,24,,52,42,36,30,32,29,30,31
67,1,30,1,usa,White,10,1,1,1,1,1,1,1,1,1,1,1,1,1,1,1,1,1,1,1,1,1,1,1,1,1,1,1,1,1,1,1,1,1,1,1,1,1,1,1,1,1,1,1,1,1,1,1,1,1,1,1,1,1,1,1,1,1,1,1,1,1,1,1,1,1,1,1,1,1,1,1,1,1,2,AllLaunch,678,985,1057,830,423,692,1064,970,628,788,1659,1224,482,418,929,632,521,584,2498,1174,979,3451,461,992,743,1484,691,507,1018,587,925,1000,654,424,585,779,796,1388,1307,360,569,475,434,906,539,535,943,565,512,1035,17696,1042,389,704,579,369,1785,969,653,658,611,435,664,793,865,817.375,841.1875,979.5,1222.375,1100.9375,1794.75,714.8125,1254.7812,goiod,A3D950ZKN8YRUY,28,,46,35,32,33,27,26,28,28
68,1,25,2,USA,White,10,0,1,1,0,0,1,1,0,0,1,0,1,1,1,0,1,0,0,1,0,1,1,1,1,0,1,0,0,1,1,0,0,1,1,1,0,0,1,0,1,0,1,1,0,1,1,1,0,0,0,1,1,1,0,1,1,0,1,1,1,0,1,1,0,0.5625,0.375,0.75,0.5,0.5,0.5,0.625,0.625,0.625,2,0,450,792,185,855,1379,1367,194474,188,483,1696,1337,1537,285,944,556,395,956,599,798,994,1084,563,849,1250,2526,1969,1641,1954,297,1912,884,1044,1179,634,1827,1649,481,914,873,780,858,1408,1667,1519,1650,859,191,866,1426,1339,786,809,2729,1224,769,1705,438,2037,1384,15002,821,455,418,7352,24893.625,971.75,12932.6875,1129.375,1285.625,1207.5,1093.5625,2409.5,1751.5312,GOOD,A36QI9SVD3BD4L,25,,41,39,33,29,31,32,29,28
69,1,24,1,american,White,5,0,0,0,0,0,0,0,0,0,0,0,0,0,0,0,0,0,0,0,0,0,0,0,0,0,0,0,0,0,0,0,0,1,1,0,1,1,1,0,1,1,1,1,1,1,1,1,1,1,1,1,1,1,1,1,1,1,1,1,1,1,1,1,1,0,0,0,0,0,0,0.9375,0.875,1,2,0,486,431,2391,580,579,710,1679,855,906,490,992,412,4075,2431,390,1681,1348,905,407,537,1269,357,896,3080,1511,432,1038,6184,2594,421,1167,554,533,1700,2838,774,500,1102,2716,743,462,662,1960,58873,2162,459,569,1188,931,1076,1421,911,2532,761,1108,1791,2613,12171,714,1397,880,696,882,876,1437.25,948.75,1193,1278.75,1558.75,1418.75,1426.3125,5323.75,3375.0312,,A3DHPQ740IWFP4,4,,12,28,0,44,13,0,32,16
70,1,30,1,AMERICAN,White,8,1,0,0,1,1,1,0,0,0,0,1,0,1,1,0,0,0,0,0,1,1,0,0,1,1,1,0,0,1,1,0,1,1,1,1,1,1,0,0,1,1,1,0,1,0,1,0,0,0,0,0,1,1,1,1,1,1,1,1,1,1,1,1,1,0.4375,0.5,0.375,0.5,0.375,0.625,0.71875,0.625,0.8125,2,0,947,950,1345,1223,821,1581,1167,1335,1075,1211,1029,3997,757,1267,1252,1183,1853,1431,1538,1406,3215,756,1471,1090,1196,1539,1642,1165,1135,1033,725,781,1428,64510,1188,1335,1111,907,785,1129,2038,951,1269,1007,1166,1455,1191,1675,1423,1204,931,930,1146,985,789,1055,1746,1367,2822,3963,1467,915,1669,1124,1049.125,1593.375,1321.25,1596.875,1150.125,1373.5,1385.5625,5282,3333.7812,GOOD,A94KXCI4HQQP,30,,46,34,36,33,26,26,26,29
71,1,30,2,American,Asian,5,0,1,0,1,0,1,0,1,0,1,0,1,0,1,0,1,0,1,0,1,0,1,0,1,0,1,0,1,0,1,1,1,1,1,1,1,1,1,1,1,1,1,1,1,1,1,1,1,1,1,1,1,1,1,1,1,1,1,1,1,1,1,1,1,0.5,0,1,0.5625,0.125,1,1,1,1,2,0,1527,1024,2111,1130,1857,6091,1647,830,1168,914,1713,2156,1425,1730,1385,726,1756,1671,3491,1101,1428,1071,1437,804,1245,3099,1301,1474,2307,1999,1778,2637,1310,1125,705,609,703,1265,1027,898,1073,600,2756,1583,1443,841,640,635,722,2256,1240,2382,5644,837,1369,1909,1394,7305,915,672,558,1460,877,2615,1604.125,1825.125,1714.625,1842.875,1732,1787.4375,1398.5,1687,1542.75,should have asked worker to copy ID before going full screen,A173A97OFDAX9F,16,,17,53,33,44,18,15,22,22
72,1,30,1,amarican,White,5,1,1,1,0,0,1,1,1,1,1,0,0,1,1,1,1,1,1,0,1,0,1,0,1,1,0,1,1,0,0,1,0,1,0,1,1,1,1,0,1,1,1,1,1,1,1,1,1,1,1,1,1,0,1,1,1,1,1,0,1,1,1,1,1,0.75,0.75,0.75,0.5625,0.5,0.625,0.875,0.8125,0.9375,2,0,394,578,1451,187,763,1009,1548,1648,374,577,1759,594,1393,840,1513,778,1371,499,1482,534,468,848,1167,1158,1011,224,6714,505,815,256,199,122,1100,208,929,520,253,491,484,171,415,307,187,10058,853,4004,2140,4744,854,2029,1360,456,404,2364,305,1279,1260,162,791,791,980,328,656,528,1149.375,776.375,962.875,1653.375,518.25,1085.8125,810.6875,1777.5,1294.0938,GOOD,A26D7TO51KB6S3,24,,51,35,20,52,16,25,15,27
73,1,30,1,WHITE,White,7,0,0,1,0,1,1,1,0,0,1,1,1,1,0,0,0,1,0,1,1,1,1,0,0,0,1,1,0,1,0,0,0,1,1,1,1,1,0,1,1,0,0,1,0,0,1,0,0,1,1,0,0,1,1,1,1,0,1,1,1,1,0,1,0,0.5,0.625,0.375,0.5,0.625,0.375,0.625,0.6875,0.5625,2,0,536,359,508,1176,1200,331,533,894,605,819,837,1064,1254,526,233,9560,2290,1420,614,1186,815,3270,858,1330,356,659,891,417,803,376,353,2622,912,327,355,749,3594,992,651,254,1195,1328,1073,3361,704,1245,730,891,636,172,916,301,1633,232,830,535,2023,1370,770,3150,760,560,2140,721,713.25,1841.125,1277.1875,872.5,1410,1141.25,1182.625,1011.75,1097.1875,GOOD,A7W891FG2N72I,20,,51,33,25,37,26,24,17,28
74,1,23,1,american,White,7,1,0,1,0,1,0,1,0,1,0,1,0,1,0,1,0,1,0,1,0,1,0,1,0,1,0,1,0,1,0,1,0,1,1,1,1,1,1,1,1,1,1,1,1,1,1,1,1,1,1,1,1,1,1,1,1,1,1,1,1,1,1,1,1,0.5,1,0,0.5,1,0,1,1,1,2,0,2578,2317,4804,2289,2955,2379,12347,2352,2167,2909,5822,2486,2719,2491,2250,2452,2884,3658,2754,3003,2126,7339,2427,3567,2204,2879,2350,2204,2431,2564,2123,3306,2643,2160,2601,2322,2310,2298,5819,2389,2450,2348,2821,2359,3077,559049,3659,2329,3701,2615,3408,2234,2434,8901,2314,31032,3115,2563,2606,1971,2059,2397,3356,2380,4455.25,2459.375,3457.3125,2412.375,3565,2988.6875,3023.3125,39334.1875,21178.75,good survey,AD1M6NMXYDL7O,27,,49,41,29,34,25,25,26,26
75,0,25,2,American,White,6,1,0,0,1,1,0,1,0,1,1,0,0,1,1,1,0,0,0,1,1,1,0,1,0,0,1,0,1,1,1,1,0,0,1,1,1,0,1,1,1,0,0,1,1,1,1,1,1,1,0,1,1,1,1,1,1,0,1,1,1,0,1,1,1,0.5625,0.75,0.375,0.5625,0.625,0.5,0.78125,0.6875,0.875,2,0,2143,1396,1379,2436,1189,1418,1663,2664,2359,1996,1539,1463,1606,1972,2600,1354,2607,2397,2019,3162,1702,2696,2409,2070,1462,2637,1519,1345,8616,2619,2876,2944,1995,2099,1039,869,1448,1791,1696,1907,1944,1307,1704,1165,10108,988,1582,1977,1398,982,1026,1399,1189,956,1849,1627,1283,1700,1551,954,2444,3728,2320,1041,1809.75,1837.375,1823.5625,2901.25,2483.75,2692.5,2161,1530.625,1845.8125,good,A1O4ZB2DYIKJP1,26,,51,36,26,37,28,28,26,27
76,0,26,2,American,White,8,1,1,0,0,0,0,1,1,1,1,0,0,1,0,1,0,0,1,1,0,1,0,0,0,1,1,0,1,0,1,1,1,0,1,1,1,1,1,1,1,0,1,1,1,0,1,1,1,0,0,1,0,0,1,0,1,0,1,1,0,1,0,0,1,0.5,0.625,0.375,0.5625,0.5,0.625,0.625,0.5,0.75,2,0,1756,644,974,729,439,616,1159,11868,723,6224,3441,1436,999,1304,3592,1888,1326,1420,2132,748,504,486,1005,730,590,380,2337,1292,771,752,1651,620,1053,571,368,674,2305,410,61842,1531,1209,1547,716,489,1039,491,15568,385,793,1886,8134,827,1131,692,899,626,1090,1599,423,2555,405,985,831,1284,1635.375,3088.625,2362,1289.5,803.5,1046.5,6112.875,1034.5,3573.6875,very interesting,A3RUYP5T9601HX,21,,45,36,23,35,23,20,21,22
77,1,30,1,alaska,White,9,1,1,1,1,1,1,1,1,1,1,1,1,1,1,1,1,1,1,1,1,0,1,1,1,1,1,1,1,1,1,1,1,1,1,1,1,1,1,1,1,1,1,1,1,1,1,1,1,1,1,1,1,1,1,1,1,1,1,1,1,1,1,1,1,1,1,1,0.9375,0.875,1,1,1,1,2,0,92,932,844,256,878,98,298,156,66,294,718,949,264,1163,176,1412,298,104,267,8146,1107,290,160,209,1569,996,266,1211,275,150,171,211,1300,1043,105,204,1106,187,965,1547,81,227,241,97,234,99,178,1250,175,210,1130,272,400,138,170,1245,97,1147,1077,788,264,884,916,842,417,657.5,537.25,514.125,1414.625,964.375,527.4375,636.25,581.8438,good one survery,A29ZF5UF1BQXBH,24,,43,35,30,40,27,26,24,26
78,1,26,1,WHITE,White,8,1,1,1,1,1,1,1,1,1,1,1,1,1,1,1,1,1,1,1,1,1,1,1,1,1,1,1,1,1,1,1,1,1,1,1,1,1,1,1,1,1,1,1,1,1,1,1,1,1,1,1,1,1,1,1,1,1,1,1,1,1,1,1,1,1,1,1,1,1,1,1,1,1,2,AllLaunch,1530,295,482,331,256,461,259,185,227,7958,301,854,277,129,370,139,326,412,331,231,200,1706,861,180,482,287,242,323,167,238,170,1803,6213,178,288,262,182,307,980,346,1089,130,251,332,300,30739,589,642,244,100,348,349,270,80,363,317,311,181,1030,303,181,199,407,226,462.75,1294,878.375,347.375,647.5,497.4375,815.375,2168.1875,1491.7812,GOOD ONE SURVEY,A20OPPJS5GIHO3,24,,47,43,29,36,25,28,29,27
79,1,25,1,american,White,8,1,1,1,1,1,1,1,1,1,1,1,1,1,1,1,1,1,1,1,1,1,1,1,1,1,1,1,1,1,1,1,1,1,1,1,1,1,1,1,1,1,1,1,1,1,1,1,1,1,1,1,1,1,1,1,1,1,1,1,1,1,1,1,1,1,1,1,1,1,1,1,1,1,2,AllLaunch,267,250,1890,159,761,285,771,4815,408,312,421,535,288,878,299,1631,241,326,872,337,190,377,352,401,824,715,1145,615,1876,376,572,287,209,356,395,496,666,472,627,240,617,4698,306,54548,939,378,419,137,227,339,153,117,321,314,330,281,419,305,233,173,376,241,160,256,638.125,1108.125,873.125,759,429.25,594.125,399.8125,3959.4375,2179.625,good,A2SSXNB0N4H0EW,16,,43,38,21,45,14,15,13,10
80,1,30,1,white,White,4,1,1,0,1,1,0,1,1,1,0,1,0,1,1,1,1,1,1,0,1,0,0,1,0,1,1,1,1,1,1,0,1,1,0,1,0,1,0,0,1,0,0,1,1,1,0,0,0,0,0,1,0,1,1,1,1,1,0,0,0,1,1,0,1,0.75,0.875,0.625,0.6875,0.625,0.75,0.5,0.625,0.375,2,0,2124,1073,813,1276,1155,317,1951,802,2850,340,441,2131,201,258,1587,324,573,515,1435,718,1388,1113,5875,254,738,699,15881,1338,932,33280,649,2149,658,820,352,330,738,178,2794,114,972,1208,330,525,280,450,353,845,1899,234,377,468,772,282,899,241,1131,737,728,1402,386,548,768,909,1390.25,815.125,1102.6875,3433.875,5008.25,4221.0625,839.8125,580.6875,710.25,GOOD,A186H1K18UQ076,17,,51,38,27,47,27,25,25,22
81,1,30,1,WHITE,White,6,1,1,1,1,1,1,1,0,0,1,0,1,1,1,1,1,1,1,1,1,1,1,0,1,1,0,1,1,0,1,1,1,1,1,1,1,1,1,1,1,1,1,0,0,0,1,0,1,0,1,1,1,1,1,0,1,1,1,0,1,0,1,1,1,0.8125,0.75,0.875,0.8125,0.75,0.875,0.75,0.5625,0.9375,2,0,792,720,1149,811,617,179,799,551,1015,360,1146,469,1400,404,266,196,796,534,361,1239,577,930,723,227,688,1919,273,1804,1087,722,639,203,464,1410,1099,891,736,458,804,409,589,195,912,165,859,711,1467,1600,1362,287,394,1076,1319,533,1274,1016,406,1028,490,769,1365,1532,1722,783,898,461.25,679.625,643,947.25,795.125,953.875,803.9375,878.9062,GOOD,A2WB2666R3T5A6,16,,50,35,26,34,22,22,25,24
82,1,29,1,American,White,6,1,0,1,1,1,0,1,0,1,1,1,1,1,0,1,1,1,1,1,0,1,1,0,1,1,0,1,0,1,1,1,1,1,1,1,0,0,0,0,1,1,1,1,0,0,1,1,0,1,1,1,0,1,0,0,1,1,1,0,0,1,1,1,0,0.75,1,0.5,0.75,0.875,0.625,0.59375,0.6875,0.5,2,0,1020,1022,1434,1002,1315,355,11474,3207,1384,885,1149,883,451,638,1133,6626,901,348,1663,702,17657,1231,796,1014,2561,817,3621,1600,970,672,1181,1228,833,583,236,1301,606,7092,1524,77268,709,8882,650,970,766,987,893,931,750,1047,605,677,465,2338,987,1057,1022,6414,2679,1819,772,739,244,1163,2420,1827.25,2123.625,3668.75,951.5,2310.125,858.8125,7079.25,3969.0312,,A3NAONPCTVT6P1,20,,46,32,23,37,26,20,18,26
83,1,24,1,American,White,9,1,0,1,1,1,1,1,0,1,1,1,1,1,1,0,1,1,1,0,1,0,1,1,1,1,1,1,1,1,1,1,1,1,1,1,0,1,1,1,0,1,1,1,1,1,0,1,0,1,1,1,1,1,1,1,1,0,1,1,1,1,1,1,1,0.8125,0.875,0.75,0.875,0.75,1,0.84375,0.9375,0.75,2,0,748,2892,421,1227,757,1293,778,832,1509,795,393,19833,449,520,546,532,607,1223,694,681,1049,907,335,1596,1011,362,1158,305,1303,446,1620,721,730,32523,192,795,158,1073,712,810,1808,659,940,519,921,470,656,1096,379,667,240,776,1709,3906,394,638,379,1203,930,338,131,351,914,735,700.125,3490.5,2095.3125,972.125,780.125,876.125,699.5625,2909.9375,1804.75,good,A1N4I04LFE9LOK,24,,43,30,34,35,27,30,25,26
84,1,23,1,american,White,7,0,1,0,1,1,1,0,0,0,1,0,1,0,1,0,1,0,1,0,1,1,1,0,1,0,1,0,1,1,1,0,1,1,1,1,1,1,1,1,1,1,1,1,1,1,1,1,1,1,1,1,1,1,1,1,1,1,1,1,1,1,1,1,1,0.5,0.125,0.875,0.625,0.25,1,1,1,1,2,0,1521,1633,1609,1541,7543,1306,2106,3068,1823,1369,1389,1831,3667,1180,1898,1123,1527,1307,3045,1433,2137,2211,8209,1205,4202,1178,2058,1254,1048,1527,2577,18416,1218,1075,1300,1424,1845,2277,1267,2609,2413,1253,1179,963,1336,1242,3569,1367,2188,2071,1748,1402,1655,1285,3563,1632,983,1297,1407,6916,1361,1373,1490,1054,2694.5,1631.375,2162.9375,3100.375,3566.375,3333.375,1782.625,1827.5,1805.0625,Good experiment,A17M83XMPNU44O,17,,34,40,17,39,22,22,20,25
85,1,25,1,USA,White,10,1,1,0,1,1,1,1,1,0,0,0,1,0,1,0,0,1,1,1,1,1,1,0,0,1,1,0,1,1,0,0,0,1,0,1,1,0,0,1,1,0,0,1,1,1,0,1,0,0,1,0,1,0,0,1,0,0,1,0,1,0,0,1,0,0.5625,0.375,0.75,0.625,0.625,0.625,0.46875,0.5,0.4375,2,0,301,1473,253,667,316,11327,367,149,394,4206,460,253,845,407,1628,525,1305,1041,399,211,7289,2331,1403,674,862,846,349,435,373,783,247,162,288,849,1496,978,145,1120,182,769,458,210,471,244,465,525,335,410,517,3070,1009,833,1248,322,273,1107,193,534,160,416,1062,1513,784,461,570.5,2375.875,1473.1875,1528.375,810.375,1169.375,567.875,835.0625,701.4688,GOOD,ACI25ZPKQU1BQ,28,,48,37,35,34,31,28,30,31
86,1,25,1,USA,White,10,0,1,1,0,1,1,0,1,0,0,1,1,1,1,1,1,1,0,1,1,1,0,0,1,1,1,1,1,1,1,0,0,1,1,1,1,1,1,0,1,1,1,1,1,1,0,1,1,1,1,0,1,0,1,1,1,0,1,0,1,1,1,1,1,0.6875,0.625,0.75,0.6875,0.75,0.625,0.8125,0.6875,0.9375,2,0,969,784,3214,512,1411,212,778,341,1890,367,683,1314,932,1242,607,656,804,373,2501,1562,2078,250,398,932,1992,1044,1695,519,711,1321,664,699,1385,334,718,2109,1086,1033,1515,2834,2534,1067,758,1189,1633,904,994,2257,666,485,289,519,1212,1464,20086,851,316,423,191188,959,564,6070,1059,2370,1310.5,678.5,994.5,1355.375,837.5,1096.4375,14125.1875,1554.25,7839.7188,GOOD,AP6MMTRUTAOS3,27,,41,36,37,33,25,25,26,26
87,1,30,2,white,White,7,1,1,1,1,1,1,1,1,1,0,1,0,1,1,0,1,1,1,0,1,1,0,1,1,0,1,0,1,1,1,1,1,1,1,0,1,1,1,1,1,1,1,1,1,1,1,1,1,1,1,0,1,1,0,1,1,1,0,1,1,1,0,1,1,0.8125,0.875,0.75,0.75,0.625,0.875,0.84375,0.875,0.8125,2,0,632,719,642,642,1169,1687,677,457,669,664,632,1073,622,521,759,1620,2008,657,1380,560,633,467,639,596,464,868,600,683,1383,680,634,694,4030,505,797,654,717,3223,638,1468,804,853,892,983,780,764,684,1011,587,1409,647,689,673,1343,662,708,887,754,775,752,860,649,29203,618,725.25,922.875,824.0625,967.625,650.625,809.125,2727.25,1023.9375,1875.5938,nice experience in survey.,A23QWHVR69XW8W,15,,53,35,31,35,25,26,28,29
88,1,30,1,WHITE,White,8,1,1,1,1,1,1,1,1,1,1,1,1,1,1,1,1,1,1,1,1,1,1,1,1,1,1,1,1,1,1,1,1,1,1,1,1,1,1,1,1,1,1,1,1,1,1,1,1,1,1,1,1,1,1,1,1,1,1,1,1,1,1,1,1,1,1,1,1,1,1,1,1,1,2,AllLaunch,468,918,589,12929,140,5706,15405,961,1060,5460,315,1867,135,1242,1186,1690,827,345,460,12531,7199,226,3177,8511,220,834,6184,92185,2906,1680,413,227,794,891,1894,259,345,851,7690,6981,361,2003,1190,8287,1006,7402,234,825,47336,785,1602,668,910,371,29112,269,2858,5776,5185,44617,79952,516,275,3994,2412.25,3846.625,3129.4375,2673.25,14567.375,8620.3125,11296.5,5280.9375,8288.7188,GOD ONE SURVEY,A18C0TJO4VTS15,21,,46,41,35,34,27,28,28,29
89,0,33,1,new york,White,7,0,1,0,1,0,1,1,1,1,1,1,1,1,1,1,1,0,1,1,1,1,1,1,1,0,1,1,1,1,1,1,0,1,1,1,1,1,1,1,1,0,1,0,1,0,1,1,1,0,0,1,1,1,1,1,1,1,1,0,1,1,1,0,1,0.8125,0.625,1,0.8125,0.75,0.875,0.78125,0.625,0.9375,2,0,2513,26963,1873,2546,6923,10597,2312,2328,2462,2090,2186,3729,2311,2497,41555,3406,2143,16347,5136,2387,27652,2371,8442,1871,5248,6468,2557,20485,2035,2521,3711,3877,2669,1953,4201,6675,3257,6992,4740,2371,2218,6907,2889,4287,2395,3065,12198,5607,6812,2106,1931,6252,7628,2403,3147,2722,2212,10835,11719,7832,2664,2449,2455,2595,7766.875,6769.5,7268.1875,7115.5,7040.875,7078.1875,4570.9375,4690.6875,4630.8125,it was learn something about new information,A2UPBL7HRRZQPD,21,,47,36,24,34,20,19,21,20
90,1,30,1,american,Other,7,1,1,1,1,1,1,1,1,1,1,1,1,1,1,1,1,1,1,1,1,1,1,1,1,1,1,1,1,1,1,1,0,1,0,0,0,0,0,0,0,0,0,0,0,0,0,0,0,0,0,0,0,0,0,0,0,0,0,0,0,0,0,0,0,1,1,1,0.9375,1,0.875,0.03125,0.0625,0,2,0,5332,2374,2193,3054,1157,1250,1259,5890,1727,1111,1200,1017,2681,1113,110016,814,1255,1155,2157,1049,1787,1907,4872,2089,1273,1273,1430,4056,1562,1169,1119,802,1772,887,817,927,1129,914,1366,1418,1190,1487,1288,1842,3545,1723,961,883,2092,1161,1039,2746,1075,1343,793,1599,1431,867,1683,2667,1038,859,3596,3075,15695.625,2077.875,8886.75,1931.875,1687.5,1809.6875,1550.9375,1524.875,1537.9062,good,A1VJ1HYSU5M2I3,25,,46,35,35,36,28,27,29,32
91,1,24,2,American,White,8,1,1,1,1,1,1,1,1,1,1,1,1,1,1,1,1,1,1,1,1,1,1,1,1,1,1,1,1,1,1,1,1,0,0,0,0,0,0,0,0,0,0,0,0,0,0,0,0,0,0,0,0,0,0,0,0,0,0,0,0,0,0,0,0,1,1,1,1,1,1,0,0,0,2,0,1465,940,943,1858,2331,1661,936,846,974,1932,898,740,779,1904,733,1191,1564,1253,2364,975,855,812,1364,700,1613,1617,1624,994,1600,849,1111,1433,3730,748,91571,14417,721,1824,777,885,2406,1732,1312,14691,3018,923,1947,1807,2270,1630,1194,721,2644,1626,1474,723,959,1210,1316,719,1126,1052,1821,1007,1132.375,1384,1258.1875,1511.875,1079.125,1295.5,7392.875,2857.1875,5125.0312,good,A1BLDWE3JYO1O,22,,46,39,28,33,26,28,27,26
92,1,30,1,white,American Indian or Alaska Native,10,1,1,1,0,0,0,1,0,0,0,0,1,1,0,0,0,1,0,1,1,0,0,1,1,1,0,0,1,1,0,1,1,1,1,0,0,1,0,0,0,1,1,0,1,1,1,1,1,1,1,1,0,0,1,0,0,1,1,0,0,1,1,0,0,0.375,0.5,0.25,0.625,0.75,0.5,0.5625,0.5625,0.5625,2,0,163,317,126,214,88,164,1112,425,681,494,255,865,744,305,399,531,795,823,480,124,142,409,3297,1093,2018,94,936,1559,237,348,840,223,201,521,1149,1326,116,308,278,834,1184,1190,1813,286,382,483,357,1719,222,195,242,1021,543,2043,1330,331,208,617,1792,15356,135,583,1187,899,446,414.375,430.1875,1093.125,584.125,838.625,696.1875,1732,1214.0938,GOOD,A1BJCUIME1D3WT,29,,41,23,28,37,25,30,31,32
93,1,30,1,WHITE,White,8,1,1,1,1,0,1,1,0,1,1,0,1,1,1,1,1,1,0,1,1,1,1,1,1,1,1,1,1,1,1,0,1,1,0,1,1,1,1,1,1,0,0,0,1,1,1,1,1,1,1,0,1,1,1,0,1,0,0,1,0,1,1,1,1,0.8125,0.75,0.875,0.875,0.875,0.875,0.71875,0.6875,0.75,2,0,288,2735,410,555,515,626,637,654,2035,395,281,1369,412,190,501,520,881,878,1594,628,575,1003,409,1283,231,369,706,185,747,1149,1016,500,897,789,792,691,1209,445,546,698,1127,448,906,669,619,643,495,318,778,514,350,674,568,242,1057,696,1059,1299,209,219,831,623,1588,247,634.875,880.5,757.6875,769.875,749.375,759.625,814.4375,575.9375,695.1875,GOOD,A2BTEQA95MCIHU,22,,59,31,27,34,27,27,22,22
94,1,29,1,American,White,6,0,0,1,0,1,0,1,1,0,0,0,1,1,1,1,1,0,0,1,1,0,1,0,1,0,1,0,0,1,1,0,1,1,1,1,1,1,0,1,1,1,1,1,1,1,1,1,1,0,1,1,0,1,0,1,1,0,1,1,1,1,1,0,1,0.5625,0.625,0.5,0.5,0.25,0.75,0.8125,0.8125,0.8125,2,0,1271,1919,1717,1463,2176,3116,1378,1948,5720,2433,1327,9045,1026,1840,1436,24158,1337,1807,3062,4243,2607,41576,1455,10292,1681,3144,1332,2830,29262,1344,4995,1213,2092,1820,1606,7559,2124,1337,3481,2080,1454,9889,2466,1934,1070,1550,3556,4387,1319,1716,2252,1550,2084,1713,6057,1250,3343,5829,1003,2286,4214,932,1049,1442,2006.375,5740.25,3873.3125,5716.375,8306.125,7011.25,2448.125,2954.625,2701.375,,A2L54AX32N0H0O,21,,39,32,24,43,23,21,14,24
95,1,30,1,american,White,8,1,1,1,1,1,1,1,1,1,1,1,1,1,1,1,1,1,1,1,1,1,1,1,1,1,1,1,1,1,1,1,1,1,1,1,1,1,1,1,1,1,1,1,1,1,1,1,1,1,1,1,1,1,1,1,1,1,1,1,1,1,1,1,1,1,1,1,1,1,1,1,1,1,2,AllLaunch,673,383,1234,593,5611,1370,594,217,1393,153,924889,3099,499,625,591,1642,1114,565,643,392,622,169,1472,1852,27753,2359,2491,708,1073,290,2978,175,30674,906,1489,197,1546,215,426,5723,3971,2075,177,852,1560,293,1318,537,19529,429,761,776,1258,905,768,482,618,400,199,673,273,1442,602,538,116935.5,1010.25,58972.875,4768.25,813.75,2791,4073.0625,1027.6875,2550.375,good,A12LT7JTDX5V7J,21,,55,27,23,32,11,14,15,11
96,1,25,2,American,White,7,0,1,1,0,1,1,1,0,1,1,1,1,0,1,1,0,0,0,0,1,0,0,0,1,0,0,0,0,0,1,0,0,1,1,1,1,0,0,1,1,1,1,1,0,0,1,1,0,1,1,0,0,1,0,0,0,0,0,1,0,1,0,0,1,0.6875,0.75,0.625,0.1875,0,0.375,0.53125,0.625,0.4375,2,0,2912,2209,1989,27354,1629,993,4097,4244,1363,1401,4669,1175,1659,8323,10013,3554,4743,1870,2581,1771,2177,3575,2945,2010,6440,4106,6849,1985,4115,2536,1265,19900,14693,17579,4303,4840,3728,1931,32887,1950,53760,5240,50105,3450,1820,3700,2065,1799,3365,12595,2899,2340,3434,4515,1867,3490,109645,2183,9165,1925,9304,2488,1908,11489,3541.375,6156.625,4849,3889.375,4719.125,4304.25,19059.25,5094.625,12076.9375,It was a good survey.,A1JFJO5ZDFONBV,25,,49,35,34,33,27,28,28,29
97,1,25,1,USA,White,10,1,1,1,1,1,1,1,1,1,1,1,1,1,1,1,1,1,1,1,1,1,1,1,1,1,1,1,1,1,1,1,1,1,1,1,1,1,1,1,1,1,1,1,1,1,1,1,1,1,1,1,1,1,1,1,1,1,1,1,1,1,1,1,1,1,1,1,1,1,1,1,1,1,2,AllLaunch,1761,2185,1283,1706,1368,1563,1025,676,1073,1730,16289,1628,1370,2123,1150,1154,1220,2381,1129,16892,765,980,1034,930,38290,1956,2528,3000,712,2329,1208,1003,869,1224,1307,729,6243,403,1308,779,2362,1099,242,1088,1364,827,1844,1401,938,1284,1127,738,237,1419,1249,1384,1234,1415,541,114,1865,2201,541,1004,3164.875,1595.625,2380.25,5860.75,3683.875,4772.3125,1454.4375,1069.3125,1261.875,GOOD,A7YTEG9XC8IQ0,24,,45,34,25,39,25,27,26,25
98,1,30,1,white,White,8,1,1,1,1,1,0,1,1,1,1,1,1,1,1,1,0,0,1,1,1,1,1,1,1,1,1,0,1,1,1,1,1,1,1,1,1,1,1,1,1,1,1,1,1,0,1,1,1,1,1,0,1,1,1,1,1,1,1,1,1,1,1,1,1,0.875,1,0.75,0.875,0.75,1,0.9375,0.875,1,2,0,1867,2240,1061,2120,2063,16122,1801,1040,671,17867,33682,1163,704,2451,937,2483,1320,2091,873,3465,2206,728,1000,1770,634,1049,2504,3162,701,2302,900,39251,878,834,626,2116,16286,692,3041,859,7166,867,2252,17683,1372,1051,699,2090,1144,871,1281,885,811,2676,2217,6501,9064,961,717,2468,2209,3774,13362,1373,5348.25,5685.75,5517,1267.25,6727.25,3997.25,3945.3125,2856.3125,3400.8125,nice experience,AAPZFIM29LSKH,24,,41,31,29,46,29,23,25,27
99,1,30,1,White,White,8,1,0,1,1,1,1,1,1,1,1,1,1,0,0,1,1,1,1,1,1,1,1,1,1,1,0,1,1,0,1,1,1,1,1,1,1,1,1,1,1,1,1,1,0,1,1,1,1,0,1,1,1,1,1,1,1,1,1,1,0,1,1,1,0,0.8125,0.875,0.75,0.875,0.875,0.875,0.875,0.9375,0.8125,2,0,767,708,687,1184,2344,766,4650,10066,1243,1960,680,2993,3135,2903,6716,744,976,722,2033,1800,689,12226,2091,1087,1889,709,702,4698,1162,4083,800,20932,809,743,2129,1257,2138,1050,555,730,1482,2162,2034,832,2131,2248,12778,2698,2571,810,912,19284,775,2161,2515,848,18127,1119,14152,1055,864,2100,828,713,2527.75,2665.5,2596.625,1292.75,5782.125,3537.4375,4050,2488.125,3269.0625,nice experience,A220YWGLW4C6DK,22,,44,38,30,36,24,28,26,25
100,1,23,1,American,White,8,0,1,1,1,0,1,0,1,0,1,0,1,0,1,0,1,0,1,0,1,1,1,0,1,0,1,1,1,0,1,0,1,1,1,1,1,1,1,1,1,1,1,1,1,1,1,1,1,1,1,1,1,1,1,1,1,1,1,1,1,1,1,1,1,0.5625,0.125,1,0.625,0.25,1,1,1,1,2,0,2492,1603,2173,1961,2405,1967,2821,1851,2432,267739,1894,1734,1945,1753,6276,1613,1691,2620,2613,2187,2543,1949,4818,3117,4081,1848,1728,1912,2107,6225,2138,1716,2174,3602,2359,1298,1931,1872,2104,1939,2882,2187,1530,2167,3480,1638,2282,1598,2692,1306,158538,2019,1752,2669,1960,2295,5671,1927,1796,1836,3304,1757,2012,1941,2804.75,35027.625,18916.1875,2714.875,2696.75,2705.8125,12279.1875,2003.1875,7141.1875,Good experiment,A1EHUD2STHHL3X,14,,50,37,20,35,19,19,21,19
101,1,34,1,AMERICAN,White,7,0,1,0,1,0,1,0,1,0,1,0,1,0,1,0,1,0,1,0,1,0,1,0,1,0,1,1,1,0,1,0,1,1,1,1,1,1,1,0,1,1,1,1,1,1,1,1,1,1,1,0,1,1,1,1,1,1,1,1,1,1,1,1,1,0.5,0,1,0.5625,0.125,1,0.9375,0.875,1,2,0,6175,2568,4176,3471,2474,3293,3321,2632,3860,2631,3125,5347,2513,2933,2725,3640,1994,2371,2630,2202,2440,6800,2475,3145,1846,2578,16604,3165,2706,2387,2235,2367,3014,3416,2853,2449,2943,2411,3864,2090,5323,3485,2455,2975,22204,2595,3217,3086,2706,8090,2989,3104,2228,1954,5275,4929,19736,3063,3639,3024,4589,2320,4739,3601,3546.125,3314.375,3430.25,4116.25,3126.875,3621.5625,5735.875,3287,4511.4375,GOOD,A2VQ84LFHUHOZY,28,,49,36,29,40,25,24,25,26
102,1,30,1,USA,White,8,1,1,0,0,1,0,1,1,1,0,1,1,0,1,0,1,1,1,1,1,0,1,1,1,0,1,0,1,1,0,0,1,1,1,1,1,0,1,0,1,0,1,1,1,0,1,1,0,0,1,1,0,1,1,0,0,0,0,1,0,0,1,0,1,0.625,0.625,0.625,0.6875,0.5,0.875,0.5625,0.4375,0.6875,2,0,16172,778,878,919,750,713,901,775,464,726,2936,838,784,761,752,719,2172,812,34758,800,844,1674,687,823,752,801,1219,1408,1258,924,824,8427,1039,825,935,1102,943,1086,791,922,673,1251,6037,765,853,643707,1748,941,1275,922,654,831,777,9033,816,797,998,927,430,821,780,8017,677,1506,2954.625,778.625,1866.625,5314.25,1958.625,3636.4375,1214.125,42090.8125,21652.4688,GOOD,A1Q11754ERTJ9Y,22,,44,27,21,37,25,22,23,25
103,1,26,2,american,White,10,1,1,1,1,1,1,1,1,1,1,1,1,1,1,1,1,1,1,1,1,1,1,1,1,1,1,1,1,1,1,1,1,1,0,0,1,1,0,1,1,1,0,1,1,1,1,1,1,0,1,1,1,1,0,1,1,0,0,1,1,1,0,1,0,1,1,1,1,1,1,0.6875,0.8125,0.5625,2,0,23655,5405,3697,1190,3572,8359,8999,14655,8033,12169,9293,8503,6624,27297,8468,13529,6489,58210,5944,6680,3186,11591,3103,14517,3940,5894,12825,10999,10767,11373,4693,9161,7660,1745,25013,5214,8929,4909,11106,4111,3384,5292,16443,7358,13001,7845,22157,23277,6723,4942,14585,14880,6034,2149,6226,12619,5749,19829,3965,11039,34805,12083,6505,2115,9042.625,11388.375,10215.5,6368.375,16053.125,11210.75,12017.8125,8712.9375,10365.375,none,A31I96JLVVWHXK,25,,45,47,26,39,31,27,28,30
104,0,28,2,USA,White,8,0,1,0,0,0,1,0,1,1,1,0,0,0,1,0,1,1,1,1,1,1,1,1,1,1,1,1,1,1,1,1,1,0,0,1,1,1,1,1,1,0,0,0,0,1,1,0,0,1,1,1,1,0,0,1,1,1,1,0,0,1,0,0,0,0.4375,0.125,0.75,1,1,1,0.53125,0.5625,0.5,2,0,6400,4321,2100,3293,22669,7820,2264,3027,36942,17242,1806,8545,3034,2753,3377,4870,55122,1116,1747,4572,1968,2702,2182,1348,1886,2851,3899,2443,2715,1298,2111,32754,3280,2195,1258,10493,2353,1912,1843,5806,6590,8914,2405,11196,2008,2679,1860,1923,3207,3339,2169,4348,2786,4021,34643,1895,5345,3794,2865,3576,3440,4797,1824,10424,9824,6483.875,8153.9375,8953.75,6135.5,7544.625,4867.25,5082,4974.625,GOOD,AWYFC0JZRN7T5,23,,44,38,26,35,25,28,28,24
105,1,30,1,WHITE,White,8,1,1,1,1,1,1,1,1,1,1,1,1,1,1,1,1,1,1,1,1,1,1,1,1,1,1,1,1,1,1,1,1,1,1,1,1,1,1,1,1,1,1,1,1,1,1,1,1,1,1,1,1,1,1,1,1,1,1,1,1,1,1,1,1,1,1,1,1,1,1,1,1,1,2,AllLaunch,462,469,502,721,715,1337,660,418,769,1299,738,881,745,400,484,1347,701,768,473,26182,2493,942,430,687,1500,716,150,579,289,871,441,1546,4496,901,928,684,4829,1798,4250,4287,882,875,189,698,1096,1132,674,262,1332,1530,178,1009,508,868,152,717,682,888,238,5549,943,8100,689,267,634.375,859,746.6875,809.625,4036.375,2423,1379.125,1847.8125,1613.4688,GOOD ONE SURVEY,A1DO39MYSJF9AW,25,,50,33,37,32,20,23,23,15
106,1,30,1,usa,White,6,0,1,1,1,1,0,1,1,0,0,1,1,1,0,1,0,1,1,1,1,1,1,0,1,1,1,1,0,1,1,0,1,1,1,1,1,1,0,0,1,1,1,1,1,1,1,1,1,0,1,1,1,0,1,0,1,1,1,1,1,1,1,1,1,0.625,0.75,0.5,0.8125,0.75,0.875,0.84375,0.75,0.9375,2,0,1348,1322,2624,1809,1515,2570,42201,5898,1674,1645,777,8488,1737,42813,1775,3387,1296,2548,1371,1762,1932,2362,1524,15260,1991,2064,1516,4011,1970,1641,2004,1898,1485,1095,1618,1498,1194,1691,1636,1602,3504,1299,5233,53649,1353,4068,3313,2778,1866,1489,1794,1586,1458,2440,2078,1755,1488,2160,2371,1314,2275,1699,113987,2553,6706.375,8491.5,7598.9375,1700.5,3943.25,2821.875,9165.8125,5167.25,7166.5312,good,A5933VXZTV8ZV,25,,51,38,35,36,29,29,29,30
107,1,23,1,American,White,7,1,1,1,1,0,0,1,1,1,1,1,1,1,1,0,1,1,0,1,1,0,0,1,0,1,1,0,1,1,1,0,0,1,0,0,0,0,0,0,1,0,1,1,1,1,0,1,1,1,1,0,0,0,0,1,1,0,0,1,1,1,0,1,1,0.8125,0.75,0.875,0.5625,0.625,0.5,0.53125,0.5625,0.5,2,0,187,843,525,824,749,1095,19829,539,156,1222,1609,5070,822,1031,746,1464,6773,2438,13958,119,6482,111620,1499,11804,3842,871,17922,1066,67215,7836,253,1957,2185,1172,366,789,1383,2073,329,2000,1436,1056,1211,1601,829,3216,14843,1287,4300,3401,1679,1904,2138,436,714,509,3082,900,1422,4132,2083,1623,1530,7380,3077.875,1511,2294.4375,14743,17213.875,15978.4375,2470.625,2092.4375,2281.5312,good survey,A2X6YUAB2FIWYS,28,,45,38,35,32,30,28,30,30
108,1,30,1,White,White,8,1,1,1,0,1,1,1,0,1,1,1,1,1,1,1,0,1,1,1,1,1,1,1,0,1,1,1,1,1,1,1,0,0,1,1,1,1,1,1,1,1,1,1,1,1,1,1,1,1,1,1,1,1,1,0,0,1,1,1,1,1,1,1,1,0.8125,1,0.625,0.875,1,0.75,0.90625,0.875,0.9375,2,0,638,716,1299,1014,1290,712,756,1766,688,937,1576,2038,666,888,737,1056,6151,732,798,1061,948,765,718,824,813,681,613,1374,1527,948,1156,749,566,632,1853,2215,745,1037,563,818,695,1872,763,810,340,6725,852,773,909,833,942,855,771,747,856,1069,4683,602,662,666,749,757,667,683,956.25,1140.875,1048.5625,1590.5,891.75,1241.125,1038.5,1318.375,1178.4375,nice experience.,A2W7GF9K6PNIWW,26,,53,36,27,41,25,29,28,23
109,1,23,1,American,White,5,1,1,1,1,1,1,1,1,1,1,1,1,1,1,1,1,1,1,1,1,1,1,1,1,1,1,1,1,1,1,1,1,1,1,1,1,1,1,1,1,1,1,1,1,1,1,1,1,1,1,1,1,1,1,1,1,1,1,1,1,1,1,1,1,1,1,1,1,1,1,1,1,1,2,AllLaunch,1126,955,3082,983,991,1506,968,1393,2943,1031,3039,3975,1013,947,1055,4358,359,976,898,834,1094,1110,15633,1384,2428,8519,2355,979,902,1173,2671,1141,1003,808,976,1424,855,7730,583,1002,1448,4580,1019,16225,1772,1423,1020,937,1809,1061,2526,840,5415,1116,1673,53342,996,1584,892,984,919,1171,1637,840,1777.125,1893.5,1835.3125,3292.5,2014.5,2653.5,1533.9375,5941.6875,3737.8125,good survey waiting for future survey,A3FSZC6AI8V4MW,29,,48,37,34,32,28,28,28,27
110,1,25,2,USA,White,7,1,0,1,1,0,1,0,1,1,1,1,1,0,1,0,1,0,0,1,1,0,0,0,0,1,1,0,1,0,1,1,1,1,1,0,1,0,1,0,0,0,1,1,1,1,1,0,0,0,0,1,1,0,1,0,1,1,1,1,1,1,1,1,1,0.6875,0.5,0.875,0.5,0.375,0.625,0.65625,0.5,0.8125,2,0,1082,1004,1096,1073,1393,1106,465,1242,988,4009,1582,1099,813,987,1172,1434,978,1059,2378,1546,955,1050,1090,2075,1411,1460,1129,1474,985,758657,5304,2210,1059,3901,780,993,1127,1775,1564,7069,818,1498,3947,1305,3570,1175,1125,970,930,843,875,1082,1095,845,977,865,985,1010,1145,8147,1036,1133,804,902,1073.875,1494.25,1284.0625,1778.75,96191.375,48985.0625,1364.8125,2094.5625,1729.6875,GOOD,A1D51OV9MTWFHL,24,,49,36,31,34,26,27,25,30
111,1,23,1,american,White,8,0,1,0,1,0,1,0,1,1,1,1,1,0,1,1,1,0,1,0,1,0,1,1,1,0,1,0,1,0,1,0,1,1,1,1,1,1,1,1,1,1,1,1,1,1,1,1,1,1,1,1,1,1,1,1,1,1,1,1,1,1,1,1,1,0.6875,0.375,1,0.5625,0.125,1,1,1,1,2,0,2530,1302,33834,1393,1765,1538,1896,1130,1873,1424,4359,1837,1665,1761,1970,1763,2822,1664,1485,1388,1527,2713,2011,1438,1965,1693,1283,1488,1912,1679,1117,1128,1175,910,1154,1671,904,1081,1289,1250,1713,1006,1539,1382,1593,2602,983,1446,1193,798,2085,2321,1851,1010,1216,3914,2463,3958,1577,1165,1243,980,2634,1083,6236.5,1518.5,3877.5,1765.25,1648.875,1707.0625,1538.25,1661.0625,1599.6562,Good experiment,A1O5EIEK0HONJJ,16,,44,36,22,39,20,21,20,21
112,0,27,2,USA,White,10,1,0,1,1,1,1,1,1,1,1,1,0,0,1,1,0,1,0,1,1,1,0,0,1,1,0,1,1,1,0,1,1,1,0,1,0,0,0,1,1,1,1,1,1,1,1,1,0,1,1,0,0,1,0,1,1,0,0,1,0,1,1,1,1,0.75,0.875,0.625,0.6875,0.875,0.5,0.65625,0.8125,0.5,2,0,951,1361,14078,911,983,1327,1095,941,1303,2222,432,989,947,927,1834,2388,1612,420,1424,844,1273,923,1951,1173,881,3350,1239,906,2132,991,881,994,968,1624,1805,1432,1192,1411,1221,1019,3512,969,1082,1713,1420,2852,2117,2885,1068,1289,897,1563,3108,11745,1299,1043,1071,1367,1028,1485,2663,1082,1137,941,2702.875,1383.25,2043.0625,1424.125,1200.125,1312.125,1599.25,2151.25,1875.25,none,A1KOM62T8TK4E2,32,,42,40,12,32,16,16,16,32
113,1,25,1,AMERICAN,White,4,1,1,1,1,1,1,0,1,1,1,1,1,1,1,1,1,1,1,0,1,0,1,1,1,1,1,1,1,0,1,1,1,1,1,0,1,1,1,1,1,1,1,1,1,1,1,0,1,1,1,1,1,1,1,1,1,1,1,1,1,1,1,1,1,0.9375,0.875,1,0.8125,0.625,1,0.9375,0.875,1,2,0,330,369,314,387,224,200,729,1579,144,303,1444,360,225,216,122,188,224,552,737,188,281,148,233,825,292,1640,195,175,379,285,178,792,1098,262,209,135,311,125,217,155,207,258,999,123,178,106,340,262,283,224,240,224,180,122,124,212,245,739,302,114,255,209,184,338,441.5,450.25,445.875,314.875,575.625,445.25,335.75,225.5,280.625,GOOD,A1CIWGE3EI8HCZ,25,,49,29,16,40,7,6,6,8
114,1,30,1,USA,White,8,1,1,1,1,1,1,1,1,1,1,1,1,1,1,1,1,1,1,1,1,1,1,1,1,1,1,1,1,1,1,1,1,1,1,1,1,1,1,1,1,1,1,1,1,1,1,1,1,1,1,1,1,1,1,1,1,1,1,1,1,1,1,1,1,1,1,1,1,1,1,1,1,1,2,AllLaunch,1058,929,1260,706,1295,1041,771,17074,769,330,1011,1385,1746,1062,1020,1031,953,1047,1250,1044,993,18843,873,844,411,1057,1282,973,261,995,1162,1385,1085,1001,964,1050,237,1328,1423,1100,1315,1374,1744,903,1249,964,2529,1200,1330,1387,978,754,1221,1055,979,964,1034,1919,1177,1503,875,1534,1000,1042,1116.25,2944.75,2030.5,898.125,3273.5,2085.8125,1196.25,1192.375,1194.3125,SOMETHING GOOD,A3ETC700NZ5VOM,12,,57,36,24,48,27,24,27,26
115,1,24,1,USA,White,6,1,1,0,1,0,1,1,1,1,0,1,1,1,0,1,1,0,1,1,1,0,1,1,1,0,0,1,1,1,1,1,1,0,1,1,1,1,1,0,0,1,0,1,1,1,1,1,1,0,0,0,0,1,0,1,0,0,1,1,1,1,1,0,1,0.75,0.75,0.75,0.75,0.625,0.875,0.625,0.625,0.625,2,0,699,1466,611,925,5753,1521,1250,1225,1320,354,778,1354,2590,849,1160,2298,14474,978,1456,1248,2313,1114,1215,26521,755,2320,1380,4132,786,173194,2597,1356,1397,1536,993,772,1131,1602,973,740,18927,2881,66858,1044,30305,1186,1009,819,4409,1303,1328,2993,365,663,3803,1400,1251,962,260,876,667,793,1320,2224,1770.125,1249,1509.5625,3122,26357.875,14739.9375,8437.25,1362.125,4899.6875,good,A1FB38QSHRLLXT,23,,49,32,33,41,28,27,26,28
116,0,301,1,USA,American Indian or Alaska Native,10,1,1,0,1,1,0,0,0,0,0,1,1,0,0,0,1,0,1,0,1,1,1,1,1,1,0,1,0,0,1,0,1,1,1,1,0,0,1,1,0,0,1,1,0,0,0,0,0,0,0,1,1,1,1,1,1,1,0,1,0,1,1,1,0,0.4375,0.375,0.5,0.625,0.5,0.75,0.5625,0.6875,0.4375,2,0,568,498,250,483,28792,1065,812,874,466,393,374,1477,808,716,458,882,168,259,166,401,132,587,1467,835,408,706,2876,12367,450,1051,312,1026,620,609,103536,444,15323,643,652,434,904,849,465,795,649,507,1976,159,784,2766,219,826,650,1541,91,642,716,1106,2484,1105,240,1064,250,336,4066,798.5,2432.25,747.375,2154,1450.6875,8097.4375,864.125,4480.7812,GOOD,A1YWKBTGMG496B,28,,50,27,31,35,23,28,26,31
117,1,24,1,American,White,7,0,1,1,1,1,0,0,1,0,0,1,1,1,0,0,1,0,1,0,0,0,1,1,0,0,1,1,0,1,1,1,0,1,1,1,1,1,1,1,1,0,0,1,1,1,0,1,0,1,1,1,1,0,1,0,0,1,1,1,1,1,1,1,0,0.5625,0.5,0.625,0.5,0.5,0.5,0.75,0.8125,0.6875,2,0,1547,2043,11739,3283,4125,850,1882,1163,6048,1762,2506,967,1051,1372,1613,808,16043,1020,1754,2881,1868,1651,2027,1146,907,1738,2002,1297,209707,2169,13153,1130,1978,2068,1137,1562,2749,2064,1352,1857,1818,2329,1503,1359,3465,1548,2082,1545,1071,2418,3682,1259,5080,820,1070,1273,786,889,1458,1266,1393,1054,1114,2938,3813.875,1531,2672.4375,30932.625,1629,16280.8125,1983.625,1640.5625,1812.0938,Good,A3CG0F88NX07OY,26,,42,40,31,37,26,23,26,21
118,1,23,1,american,White,10,1,1,1,1,1,1,1,1,1,1,1,1,1,1,1,1,1,1,1,1,1,1,1,1,1,1,1,1,1,1,1,1,1,1,1,1,1,1,1,1,1,1,1,1,1,1,1,1,1,1,1,1,1,1,1,1,1,1,1,1,1,1,1,1,1,1,1,1,1,1,1,1,1,2,AllLaunch,1667,4542,851,573,1483,1144,736,436,824,1146,1808,996,3218,1226,1273,1114,36244,3380,844,2153,721,704,917,1773,925,899,1957,394,690,2045,1004,957,990,2634,2209,3469,889,846,1409,3880,904,930,586,940,830,443,494,787,842,2232,1174,917,2350,1459,1646,961,885,565,1015,885,893,1863,1115,3638,1482.5,1397.125,1439.8125,5412.75,1538.125,3475.4375,1139.4375,1653.0625,1396.25,good survey,A2ZWDFMFC1E4SQ,29,,50,38,37,31,31,31,29,31
119,1,24,1,American,White,8,1,1,1,1,0,0,1,1,1,1,0,0,0,1,1,0,0,1,0,1,1,1,0,1,1,1,0,1,1,1,0,0,1,1,1,1,1,1,0,0,0,1,1,1,0,1,0,1,0,1,1,1,1,1,1,1,1,0,1,0,1,1,1,1,0.625,0.625,0.625,0.625,0.375,0.875,0.75,0.6875,0.8125,2,0,936,939,844,1126,910,839,2041,1046,1078,860,1489,1485,1094,1339,1471,921,1309,1775,1240,1558,984,931,771,1477,1501,985,988,1080,7278,4145,834,1083,1130,1032,1067,23079,1246,1822,1217,1475,1868,1410,940,1432,1275,1045,1245,789,1117,1357,1908,1212,917,808,901,946,2986,1030,1535,1329,940,1117,957,1073,1232.875,1069.375,1151.125,1863.125,1629.25,1746.1875,1328.0625,2559.75,1943.9062,Good,A1BNXEB380NQ3,23,,43,32,27,40,26,21,28,25
120,1,30,1,usa,White,8,1,1,1,1,1,0,1,0,1,1,0,0,0,1,1,0,1,1,0,0,1,1,1,1,0,1,0,0,1,0,0,0,0,1,1,0,1,0,1,1,1,0,1,0,1,1,1,1,0,1,0,0,1,1,0,1,1,1,1,0,1,0,1,1,0.625,0.75,0.5,0.5,0.5,0.5,0.65625,0.75,0.5625,2,0,421,275,312,121,133,251,183,380,247,330,118,219,169,145,603,182,171,352,279,139,274,445,113,200,756,264,122,333,273,128,122,251,195,323,106,322,442,752,232,235,161,226,115,273,1196,125,264,178,907,107,40762,221,248,1563,2300,402,203,131,203,267,118,220,266,620,273.25,237.875,255.5625,263.75,264,263.875,2982.375,372.8125,1677.5938,good,A1GPLUJQNAMKOS,22,,46,42,32,40,28,27,28,24
121,1,23,1,American,White,3,1,1,1,1,1,1,1,1,1,1,1,1,1,1,1,1,1,1,1,1,1,1,1,1,1,1,1,1,1,1,1,1,1,1,1,1,1,1,1,1,1,1,1,1,1,1,1,1,1,1,1,1,1,1,1,1,1,1,1,1,1,1,1,1,1,1,1,1,1,1,1,1,1,2,AllLaunch,865,911,600,371,867,900,810,1631,695,840,2891,1391,771,898,1283,958,921,928,1240,4055,1596,841,1409,2375,974,1082,848,1028,992,699,820,995,2733,920,772,1023,1026,790,908,1332,1058,964,1007,613,977,3887,755,880,1129,956,2307,504,954,951,944,1191,1319,855,1150,923,932,1119,1242,1178,1097.75,987.5,1042.625,1100,1500.375,1300.1875,1200.8125,1130.375,1165.5938,good survey,A3N3TR6NI4GZVJ,30,,48,38,30,39,26,26,24,25
122,1,25,1,usa,White,10,1,1,1,1,1,1,1,1,1,1,1,1,1,1,1,1,1,1,1,1,1,1,1,1,1,1,1,1,1,1,1,1,1,1,1,1,1,1,1,1,1,1,1,1,1,1,1,1,1,1,1,1,1,1,1,1,1,1,1,1,1,1,1,1,1,1,1,1,1,1,1,1,1,2,AllLaunch,1100,266,488,528,814,16588,340,716,2949,721,2302,510,625,338,917,265,376,272,588,672,163,329,481,496,536,632,719,439,472,892,433,1223,456,218,474,553,194,720,435,1107,709,864,971,6288,381,714,1261,368,1736,3041,499,856,739,817,1377,210,977,465,1051,169,210,156,394,339,1191.875,2491.5,1841.6875,471,619.375,545.1875,741.5,1055.3125,898.4062,good,A2JUD8Y832GI2G,22,,47,38,26,36,26,27,26,28
123,1,23,1,American,White,6,1,1,1,1,1,0,1,0,1,1,1,1,1,1,1,1,0,1,1,1,1,1,1,1,0,0,1,0,1,1,1,1,1,1,1,1,1,1,1,1,0,1,1,1,1,1,0,0,1,1,0,1,1,1,1,0,1,1,1,1,1,1,1,0,0.875,1,0.75,0.75,0.75,0.75,0.8125,0.8125,0.8125,2,0,861,2214,487,851,67264,957,1626,223,320015,1114,1174,4140,1307,193,772,633,432,175,4910,5914,1726,1324,3555,3148,1524,1834,1308,236,148,2265,23400,3688,1505,19174,8754,17341,165,973,761,25675,394,1667,2095,575,882,1192,1151,215,252,673,8288,11938,1271,854,1260,1907,1115,1544,2549,1133,17478,39655,3666,3658,49188.25,1290.625,25239.4375,4625.375,2323,3474.1875,3224.125,8010.875,5617.5,Good survey,A32D7VIEDMKU1J,28,,47,39,36,38,29,29,28,29
124,0,27,2,white,White,7,1,1,1,1,1,1,1,1,1,1,1,1,1,1,1,1,1,1,1,0,1,1,1,1,1,1,1,1,1,0,1,1,1,1,1,1,1,1,1,1,1,1,1,1,1,1,1,1,1,1,1,1,1,1,1,1,1,1,1,1,1,1,1,1,1,1,1,0.875,1,0.75,1,1,1,2,0,876,889,1163,1193,3574,880,906,899,1929,1081,991,456,1493,1264,1439,1087,954,908,1147,4729,969,1274,917,898,894,2551,1558,851,992,6484,754,3510,1248,1253,2168,1154,1264,1187,1062,958,1354,3964,944,891,1627,1323,1639,1107,858,1264,951,914,429,1254,3391,242,3396,503,1336,948,1259,1405,2619,362,1546.375,968.625,1257.5,1023.125,2650.625,1836.875,1596.5625,1170.5625,1383.5625,good,A1TLE11H6Z03DS,21,,44,33,26,35,24,25,27,26
125,1,25,2,CHRISTIAN,White,10,1,1,1,0,1,1,1,1,1,1,1,1,1,1,1,1,1,1,1,0,1,1,1,1,1,1,1,1,1,1,1,1,1,1,1,1,1,1,1,1,1,1,1,1,1,1,1,1,1,1,1,1,1,1,1,1,1,1,1,1,1,1,1,1,0.9375,1,0.875,0.9375,1,0.875,1,1,1,2,0,3382,1704,38735,1505,1152,10448,582,2354,1596,951,41757,1874,5053,2842,2027,953,1145,1630,1076,1594,412,1145,6545,1110,1045,1668,1368,2043,1115,2352,2296,1774,951,533,108,1396,1350,1125,1394,5114,49319,1955,1065,14888,1074,953,6064,1915,934,1620,1001,892,1404,1152,1036,3401,1391,1204,1207,1440,1176,1639,2394,3854,11785.5,2828.875,7307.1875,1875.25,1664.5,1769.875,4491.75,2692.5625,3592.1562,GOOD,A1850E40YZKJDG,27,,48,33,26,39,23,20,19,25
126,1,23,1,american,White,10,1,1,1,1,1,1,1,1,1,1,1,1,1,1,1,1,1,1,1,1,1,1,1,1,1,1,1,1,1,1,1,1,1,1,1,1,0,1,1,1,1,1,1,1,1,1,1,1,1,1,1,1,1,1,1,1,1,1,1,1,1,1,1,1,1,1,1,1,1,1,0.96875,0.9375,1,2,0,867,1063,720,837,764,864,671,440,868,669,315,538,716,1065,970,987,417,1010,1174,502,944,883,485,531,1059,730,530,916,970,1127,819,836,1091,1024,847,769,954,905,994,879,871,905,861,711,820,1009,809,890,806,703,897,791,843,815,843,788,936,820,1318,896,763,845,858,785,736.375,807.875,772.125,799.75,816.875,808.3125,906.9375,845.9375,876.4375,good survey,A3NGHYHVIOR0ET,31,,48,41,36,34,31,31,29,32
127,0,25,2,American,White,8,0,0,0,0,0,0,0,0,0,0,0,1,0,0,0,0,0,0,0,0,0,0,1,0,0,0,0,0,0,0,0,0,1,1,1,1,1,1,1,1,1,1,1,1,1,1,1,1,1,1,1,1,1,1,1,1,1,1,1,1,1,1,1,1,0.0625,0,0.125,0.0625,0.125,0,1,1,1,2,0,2249,1491,1098,1390,1160,2968,1537,1330,1118,2321,962,19034,1920,1035,1321,1647,1353,1199,1202,1429,894,1232,3114,1067,3604,1074,18515,1268,1021,1171,1121,1145,800,891,1137,1248,2982,820,1067,1137,831,1065,1140,1056,7499,842,791,1098,1076,1092,957,1062,1648,893,1316,1460,935,936,770,1077,1062,842,1464,1820,1420.625,3902,2661.3125,3853,1198.125,2525.5625,1592.1875,1083.6875,1337.9375,Nice study,A2CARGPM00NDIU,11,,39,38,23,29,19,22,21,18
128,1,23,1,american,White,10,1,1,1,1,1,1,1,1,1,1,1,1,1,1,1,1,1,1,1,1,1,1,1,1,1,1,1,1,1,1,1,1,1,1,1,1,1,1,1,1,1,1,1,1,1,1,1,1,1,1,1,1,1,1,1,1,1,1,1,1,1,1,1,1,1,1,1,1,1,1,1,1,1,2,AllLaunch,1414,1255,1140,6178,2023,845,10644,1227,842,1385,1087,1330,826,1018,1383,1143,1312,2536,951,921,1115,1948,1203,915,2380,1474,977,2155,912,977,2041,968,2905,832,1067,805,1048,947,1663,1732,1943,1528,1205,3139,1800,963,952,1746,898,1440,1331,1113,970,1446,937,818,4769,2837,941,885,737,1067,1095,762,2419.875,1797.625,2108.75,1361.375,1486.75,1424.0625,1516.3125,1378.75,1447.5312,good survey,A1C8A1DB3I06TL,27,,51,37,35,35,30,30,32,28
129,1,30,1,USA,White,10,1,0,0,1,1,0,0,0,0,1,1,0,0,0,0,1,0,0,1,1,0,0,0,0,1,1,1,1,0,0,1,0,1,1,1,0,1,1,1,0,1,1,1,1,1,1,1,1,0,1,1,1,1,1,1,1,0,1,1,1,0,1,1,0,0.375,0.375,0.375,0.4375,0.5,0.375,0.8125,0.8125,0.8125,2,0,993,1177,1671,857,1152,1415,1485,1023,2469,1900,1390,1373,164348,1580,2163,738,1592,24131,759,1325,873,1591,1814,1009,951,1453,1531,1522,2000,1077,904,1789,1688,1023,2590,866,1173,1092,1021,796,865,1421,1200,1048,1585,888,1132,1348,1047,1372,1822,1460,1144,1508,1524,1784,1124,2413,1576,779,909,1807,1057,1807,21958.875,1257.875,11608.375,1303,4237.125,2770.0625,1341.0625,1338.25,1339.6562,GOOD,A1ELLN49PLQQ49,27,,54,37,27,38,27,23,20,22
130,1,26,2,USA,White,8,0,1,1,1,1,1,0,1,1,1,0,1,1,1,1,1,1,1,0,0,1,1,1,1,0,1,1,0,1,1,0,1,0,0,0,0,1,1,0,1,1,1,1,1,0,0,1,1,0,1,1,1,1,0,0,0,0,0,0,1,0,1,0,0,0.8125,0.625,1,0.6875,0.625,0.75,0.46875,0.375,0.5625,2,0,1383,1625,1265,1691,3990,1379,1828,1386,1840,1384,1188,2612,6266,1204,1269,1696,2461,1161,1929,1867,1204,1408,1262,2494,1819,989,1101,7306,1260,1768,4739,2204,2376,2583,1829,2163,1411,1448,2086,1761,2955,5719,1488,1699,2571,2214,1448,1882,2186,1718,1431,1298,1150,1384,2371,1902,1337,3128,1373,4203,3145,1258,2550,1846,2378.625,1622.125,2000.375,1971.875,2399.625,2185.75,1981.6875,2262.875,2122.2812,good,A24T86THKKGAMM,19,,48,38,30,36,24,25,27,26
