subID,AttenCheck,Age,Gender,Nation,Race,Ses,low_PCF1,high_PCF1,low_PCF2,high_PCF2,low_PCF3,high_PCF3,low_PCF4,high_PCF4,low_PCF5,high_PCF5,low_PCF6,high_PCF6,low_PCF7,high_PCF7,low_PCF8,high_PCF8,low_PCM1,high_PCM1,low_PCM2,high_PCM2,low_PCM3,high_PCM3,low_PCM4,high_PCM4,low_PCM5,high_PCM5,low_PCM6,high_PCM6,low_PCM7,high_PCM7,low_PCM8,high_PCM8,low_tree1,high_tree1,low_tree2,high_tree2,low_tree3,high_tree3,low_tree4,high_tree4,low_tree5,high_tree5,low_tree6,high_tree6,low_tree7,high_tree7,low_tree8,high_tree8,low_tree9,high_tree9,low_tree10,high_tree10,low_tree11,high_tree11,low_tree12,high_tree12,low_tree13,high_tree13,low_tree14,high_tree14,low_tree15,high_tree15,low_tree16,high_tree16,PCF,PCF_low,PCF_high,PCM,PCM_low,PCM_high,tree,tree_low,tree_high,Face race,selection,RT_low_female1,RT_high_female1,RT_low_female2,RT_high_female2,RT_low_female3,RT_high_female3,RT_low_female4,RT_high_female4,RT_low_female5,RT_high_female5,RT_low_female6,RT_high_female6,RT_low_female7,RT_high_female7,RT_low_female8,RT_high_female8,RT_low_male1,RT_high_male1,RT_low_male2,RT_high_male2,RT_low_male3,RT_high_male3,RT_low_male4,RT_high_male4,RT_low_male5,RT_high_male5,RT_low_male6,RT_high_male6,RT_low_male7,RT_high_male7,RT_low_male8,RT_high_male8,RT_low_tree1,RT_high_tree1,RT_low_tree2,RT_high_tree2,RT_low_tree3,RT_high_tree3,RT_low_tree4,RT_high_tree4,RT_low_tree5,RT_high_tree5,RT_low_tree6,RT_high_tree6,RT_low_tree7,RT_high_tree7,RT_low_tree8,RT_high_tree8,RT_low_tree9,RT_high_tree9,RT_low_tree10,RT_high_tree10,RT_low_tree11,RT_high_tree11,RT_low_tree12,RT_high_tree12,RT_low_tree13,RT_high_tree13,RT_low_tree14,RT_high_tree14,RT_low_tree15,RT_high_tree15,RT_low_tree16,RT_high_tree16,RT_PCF,RT_PCF_low,RT_PCF_high,RT_PCM,RT_PCM_low,RT_PCM_high,RT_tree,RT_tree_low,RT_tree_high,Comments,workerID,Aggression,IRI,SDO,PCAT1,PCAT2,Nationalism,IC-hi,IC-vi,IC-hc,IC-vc
1,1,24,1,USA,White,7,0,0,0,1,0,1,1,0,1,1,1,0,0,1,0,1,0,1,0,1,1,1,1,1,0,0,1,1,1,1,0,1,1,1,1,0,1,1,0,0,1,1,0,1,1,1,0,0,1,0,1,1,1,1,1,1,1,0,1,1,1,1,1,0,0.5,0.375,0.625,0.6875,0.5,0.875,0.71875,0.8125,0.625,1,0,657,939,719,811,747,1625,612,351,379,1344,4241,725,1097,3012,599,569,801,449,745,625,479,623,2040,959,824,397,45249,617,712,690,300,451,887,435,737,1615,1188,1156,1551,1484,1072,346,1079,1355,1018,189,8778,910,2233,1146,1698,807,569,1960,530,485,1163,639,673,457,594,5169,578,1588,1131.375,1172,1151.6875,6393.75,601.375,3497.5625,1521.75,1233.8125,1377.7812,good,AWIUYK2925GQF,29,,54,38,20,34,28,29,29,31
2,1,21,1,white,White,7,0,0,1,1,1,0,0,0,0,0,0,1,0,1,1,1,1,1,0,0,1,1,0,1,1,1,1,1,1,0,0,0,0,1,1,1,0,1,0,1,0,1,1,0,1,1,0,1,0,1,0,1,0,0,1,0,1,0,1,1,0,1,1,0,0.4375,0.375,0.5,0.625,0.625,0.625,0.5625,0.4375,0.6875,1,0,1085,1317,346,1054,987,648,1161,723,625,1295,1164,879,11674,1778,743,1054,979,776,825,828,1881,1652,720,839,840,668,1059,682,612,877,854,871,889,948,697,1301,1195,867,1219,1506,2021,1193,1074,1260,819,1133,2382,801,1492,716,1271,1194,946,1840,934,73080,874,1029,803,1743,742,943,785,760,2223.125,1093.5,1658.3125,971.25,899.125,935.1875,1133.9375,5644.625,3389.2812,GOOD,A2GOCM12UBDY9,25,,51,41,34,34,28,28,28,28
3,1,25,2,USA,White,9,0,0,0,0,0,0,0,0,1,0,1,0,0,0,0,0,0,0,0,0,0,0,0,0,0,0,0,1,0,0,0,0,1,1,1,1,1,1,1,1,1,1,1,1,1,1,1,1,1,1,1,1,1,1,1,1,1,1,1,1,1,1,1,1,0.125,0.25,0,0.0625,0,0.125,1,1,1,1,0,1178,1354,1321,1489,1793,1263,1264,1322,939,1328,1100,1265,1228,1107,1586,1269,1434,1359,2072,1438,1362,2126,1257,1575,1219,1097,1338,1379,1532,1270,1338,1207,1233,1611,1211,1160,1360,1058,1193,1184,1152,1316,1020,1259,1605,1104,1216,1066,1391,1241,1130,1196,1163,4499,3362,1175,1259,1531,952,1049,1093,1076,1238,1011,1301.125,1299.625,1300.375,1444,1431.375,1437.6875,1348.625,1408.5,1378.5625,Good,A2TJ7Z59VQOUMN,17,,51,30,24,37,18,20,19,19
4,1,25,1,American,White,10,1,1,1,1,1,1,1,1,1,1,1,1,1,1,1,1,1,1,1,1,1,1,1,1,1,1,1,1,1,1,1,1,0,0,0,0,0,0,0,0,0,0,1,0,0,0,0,0,0,0,0,0,1,0,0,0,0,0,0,0,1,1,0,0,1,1,1,1,1,1,0.125,0.1875,0.0625,1,0,2121,1557,1138,3013,1746,4894,946,1637,1122,160342,1590,2369,29959,3518,2978,1213,50270,2113,2530,1344,1792,1302,1121,1377,1488,10124,4914,1559,1074,1610,2330,9800,2697,1399,2498,18624,1313,58539,2078,18714,38420,13469,63406,1630,1258,1793,18825,1831,2601,17705,1523,3396,2731,1617,1864,1538,2007,3393,1725,18167,3332,5258,1714,10352,5200,22317.875,13758.9375,8189.875,3653.625,5921.75,9249.5,11089.0625,10169.2812,Good,A35QQGY8A1FOJL,25,,44,52,32,44,26,27,29,27
5,1,24,2,USA,White,9,1,1,1,0,1,1,0,0,0,1,0,1,1,1,1,1,1,1,0,1,1,1,1,1,1,1,1,1,0,1,1,0,1,1,0,1,0,1,0,0,0,1,1,1,1,1,0,1,1,0,1,0,1,1,1,0,1,0,1,0,1,1,1,1,0.6875,0.625,0.75,0.8125,0.75,0.875,0.65625,0.6875,0.625,1,0,1317,1620,865,2035,2940,2876,2000,2485,2714,2345,1040,1022,732,1015,2730,6543,496,892,1591,1901,1308,2551,2193,1228,2890,3093,2303,1686,1208,1349,1019,1499,1194,894,541,3755,1263,1074,1229,2434,867,1021,894,881,1638,897,1354,2318,603,1114,1401,2372,2114,1304,858,1197,1219,1071,1291,858,4663,1150,2285,1113,1792.25,2492.625,2142.4375,1626,1774.875,1700.4375,1463.375,1465.8125,1464.5938,GOOD,A2FU79UEZPM9CO,14,,44,35,27,40,25,23,26,25
6,1,21,1,WHITE,White,8,0,0,0,0,0,1,0,0,1,1,0,0,0,0,0,1,0,1,0,0,0,1,1,1,1,0,1,0,1,1,1,0,1,0,1,0,0,0,0,0,0,0,1,1,0,0,1,1,0,1,1,1,1,1,1,1,0,1,1,1,1,1,0,0,0.25,0.125,0.375,0.5625,0.625,0.5,0.5625,0.5625,0.5625,1,0,1378,299,722,19970,604,512,964,160,601,1587,1160,1552,6566,394,1604,375,380,482,1570,3967,943,731,1333,1097,358,572,686,1272,741,1536,735,744,800,457,992,1259,605,1247,671,8004,971,871,541,560,1344,2138,1498,882,893,945,909,1630,723,1560,706,730,567,687,937,1455,2313,1200,1677,615,1699.875,3106.125,2403,843.25,1300.125,1071.6875,1009.1875,1515,1262.0938,GOOD,A2OMMS60NRL9E2,26,,46,39,31,31,28,28,28,29
7,0,25,2,usa,White,8,1,1,1,1,1,1,1,1,0,1,1,1,1,1,1,1,1,1,1,1,1,1,1,1,1,1,1,1,1,1,1,1,1,1,0,1,0,1,0,0,0,0,1,0,0,1,1,1,1,1,0,1,0,1,0,1,0,0,0,0,1,1,1,1,0.9375,0.875,1,1,1,1,0.53125,0.375,0.6875,1,0,969,793,889,822,1194,1287,5857,1903,1217,1000,813,1146,1391,769,804,731,836,932,897,1411,849,1472,1170,921,976,1183,26778,853,2168,1071,1649,983,766,1477,1536,987,1296,957,8344,1560,1446,1617,824,1540,1498,747,769,778,13101,862,1306,799,1316,904,1427,2945,1447,1517,1474,1239,3163,863,792,783,1641.75,1056.375,1349.0625,4415.375,1103.25,2759.3125,2531.5625,1223.4375,1877.5,no,A13DYTJ1MAZAHU,22,,46,31,25,37,23,22,22,21
8,1,27,2,US CITIZEN,White,10,0,1,0,1,1,1,0,1,1,1,1,1,0,1,0,1,0,1,0,1,0,1,0,1,0,1,0,1,0,1,0,1,1,1,1,1,1,1,0,1,1,1,0,1,1,1,1,1,1,1,0,1,1,1,1,1,0,1,0,1,1,1,0,1,0.6875,0.375,1,0.5,0,1,0.8125,0.625,1,1,0,2187,1668,1897,1259,6045,1159,6054,2514,2134,1752,1587,1035,2034,1201,1447,1551,1851,1682,20148,1153,1947,1371,1752,1093,2175,1654,1836,2170,1716,1757,2255,1325,2246,1271,3835,31311,1602,1452,2044,2282,1173,1170,1772,1160,1898,1389,2341,1323,2375,2475,1551,2321,2062,1098,1916,2398,1725,1460,1905,1392,1505,1206,2934,1511,2923.125,1517.375,2220.25,4210,1525.625,2867.8125,2055.25,3451.1875,2753.2188,IT WAS A NICE SURVEY,AD5GQ7ZQOWRHS,20,,49,38,27,36,23,23,23,23
9,1,26,2,American,American Indian or Alaska Native,10,0,0,1,0,1,0,0,1,0,0,0,0,0,1,0,0,0,0,0,0,0,0,0,0,1,0,1,0,1,0,0,1,0,0,0,0,0,0,0,1,0,0,0,0,1,0,0,0,0,1,0,0,0,0,0,0,0,0,0,0,0,0,0,0,0.25,0.25,0.25,0.25,0.375,0.125,0.09375,0.0625,0.125,1,0,1382,1948,2016,111427,2343,1535,875,4649,1321,1990,2274,3405,2108,2827,1591,2163,19579,10315,2566,996,2579,2008,2644,1893,2287,4327,2400,27827,2456,1998,2211,2304,1839,2857,1957,3539,1816,2511,1912,14008,1668,3588,2010,3856,5745,2283,4558,2268,2287,2544,2490,1589,2384,1401,2034,2366,8659,1996,3046,2336,3657,6503,1827,2053,1738.75,16243,8990.875,4590.25,6458.5,5524.375,2993.0625,3481.125,3237.0938,Good,A1KRXY4629AK58,5,,51,32,31,37,29,21,32,30
10,1,24,2,american,White,6,0,1,0,0,1,1,1,1,1,0,1,1,1,1,1,1,0,1,1,1,1,1,1,1,1,1,1,0,1,1,0,1,0,1,0,1,1,1,1,0,1,0,1,0,1,0,1,1,0,1,0,0,0,1,1,1,1,1,1,1,1,1,1,1,0.75,0.75,0.75,0.8125,0.75,0.875,0.6875,0.6875,0.6875,1,0,391,3681,585,45783,1000,222,1314,481,317,445,803,272,399,1634,2697,621,541,1747,6761,11043,446,375,2818,3104,5802,844,2528,825,769,2010,2176,1493,454,683,986,1667,504,430,644,424,2782,1085,553,565,1735,739,1061,1603,4911,10111,4122,441,2560,399,1988,407,639,281,5160,3066,728,518,1968,1035,938.25,6642.375,3790.3125,2730.125,2680.125,2705.125,1924.6875,1465.875,1695.2812,GOOD,A19U6F8CULVG2X,29,,50,38,32,33,27,31,28,31
11,1,25,2,health care,White,9,1,1,1,1,1,1,1,1,1,1,1,1,1,1,1,1,1,1,1,1,1,1,1,1,1,1,1,1,1,1,1,1,1,0,1,1,1,1,1,1,1,1,1,1,1,1,0,1,1,1,1,1,1,1,1,1,1,1,1,1,1,1,1,1,1,1,1,1,1,1,0.9375,0.9375,0.9375,1,0,320,390,228,220,549,375,465,265,190,208,343,348,538,588,254,320,313,260,216,577,362,592,1805,425,262,339,311,176,2530,331,322,1293,241,935,495,360,286,168,1567,283,488,772,423,345,5104,297,1047,532,549,292,255,437,18407,187,293,881,278,370,369,7924,400,548,325,444,360.875,339.25,350.0625,765.125,499.125,632.125,1907.9375,923.4375,1415.6875,good one survey,A3FDNISG0ENQEB,28,,46,36,26,41,27,27,29,27
12,0,26,2,USA,White,7,1,0,1,1,0,1,0,0,0,0,0,1,0,0,0,1,0,0,1,0,0,0,0,0,1,0,1,1,1,0,0,0,0,1,1,0,1,0,1,0,0,1,1,1,0,1,1,0,1,0,1,1,0,0,1,0,1,0,1,1,1,0,1,1,0.375,0.25,0.5,0.3125,0.5,0.125,0.59375,0.75,0.4375,1,0,861844,1276,1127,1005,1110,1238,4299,1793,986,10586,870,2349,2615,12552,6238,2119,1330,1209,1194,1659,1728,1411,2072,1584,1136,931,37798,1372,1947,1154,2590,2056,2110,903,1193,381405,1832,2000,2293,1300,1455,2528,1037,1186,1543,1997,2652,1016,1337,2163,1185,1385,1321,2042,2004,3180,2187,17634,7955,1778,1103,6450,1907,997,109886.125,4114.75,57000.4375,6224.375,1422,3823.1875,2069.625,26747.75,14408.6875,good,A3MOXHLZVF0PQ1,22,,50,32,26,39,24,23,23,25
13,1,24,1,USA,White,8,1,1,1,0,0,1,1,1,0,0,1,0,0,1,0,0,1,1,1,0,1,1,1,1,1,0,1,1,1,1,1,1,1,0,1,0,0,0,1,1,1,0,1,0,0,1,1,1,1,0,1,1,0,0,0,1,0,1,1,0,0,0,1,1,0.5,0.5,0.5,0.875,1,0.75,0.53125,0.625,0.4375,1,0,554,801,1019,1641,458,638,501,1144,712,786,692,725,644,920,822,636,754,1378,1946,682,347,492,207,732,1082,863,1119,523,1237,1143,712,786,1855,1905,825,1124,656,665,1072,1594,1099,610,1967,1920,900,1112,812,847,3087,1593,1492,978,1377,1964,1486,3019,1295,916,257,11074,953,19358,392,883,675.25,911.375,793.3125,925.5,824.875,875.1875,1220.3125,3097.625,2158.9688,good,AN1S4W4SN1KMY,25,,51,35,32,35,28,27,29,28
14,1,26,1,USA,White,6,0,0,1,0,1,0,1,0,0,0,1,0,0,0,1,0,1,0,1,0,1,0,1,0,1,0,1,0,1,0,1,0,1,0,0,0,1,0,1,0,1,0,1,0,1,0,1,0,0,0,1,0,1,0,1,0,1,0,1,0,0,0,0,0,0.3125,0.625,0,0.5,1,0,0.375,0.75,0,1,0,1559,1333,1856,1566,1592,1534,2375,1409,1691,3728,1383,2074,1855,1936,1648,1600,1964,1308,1571,1710,1757,1648,2927,1720,1852,1299,1672,1953,2108,1506,2119,1384,1627,1653,1919,2038,2348,1480,1682,1522,1565,1768,1667,1764,1838,1509,1499,2194,1408,2015,3234,1789,3110,1779,2357,1361,2700,1649,1872,1342,1785,2127,1477,2109,1744.875,1897.5,1821.1875,1996.25,1566,1781.125,2005.5,1756.1875,1880.8438,Survey,A12AU35HL27VTX,22,,60,32,25,36,20,23,16,21
15,1,29,1,Usa,Black or African American,5,0,0,0,0,0,0,0,0,0,0,0,0,0,0,0,0,0,0,0,0,0,0,0,0,0,0,0,0,0,0,0,0,1,1,1,1,1,1,1,1,1,1,1,1,1,1,1,1,1,1,1,1,1,1,1,1,1,1,1,1,1,1,1,1,0,0,0,0,0,0,1,1,1,1,0,679,1081,866,730,1896,3456,969,756,761,945,1398,967,772,1043,780,1075,725,879,944,903,2173,866,790,755,1577,1314,883,1073,622,1689,1097,1431,930,1432,1028,1444,1526,5798,1801,803,774,852,1035,912,881,723,924,931,10877,1014,865,1518,1599,1090,1073,851,1753,1089,911,913,911,2005,984,1155,1015.125,1256.625,1135.875,1101.375,1113.75,1107.5625,1742,1408.125,1575.0625,,AQKTLQV04FD4N,7,,0,51,30,38,28,10,28,24
16,0,25,2,USA,White,10,1,1,1,1,1,0,0,1,1,1,1,0,0,1,1,0,1,1,1,1,1,1,1,1,1,1,1,1,1,1,1,1,1,0,0,0,0,0,0,1,1,0,0,0,0,1,0,0,0,0,0,0,1,0,1,1,0,0,0,0,1,0,1,0,0.6875,0.75,0.625,1,1,1,0.28125,0.375,0.1875,1,0,2185,1363,1953,33296,1914,33489,1924,2146,1502,1853,1556,3032,1922,2134,1787,1670,2342,2990,1190,1281,2498,5045,7953,1534,22359,22746,53969,166201,1341,10924,1262,1561,1841,2709,2411,28531,3925,2389,1282,2211,10973,1298,1796,11366,1891,2411,1744,7046,1673,23069,1718,3564,3080,1856,2135,1910,2569,3218,1417,1469,40034,1186,3725,15835,1842.875,9872.875,5857.875,11614.25,26535.25,19074.75,5138.375,6879.25,6008.8125,Good,A2VIXACM475S69,21,,46,35,22,38,17,20,23,21
17,1,30,1,American,White,9,1,0,0,0,0,0,0,1,1,1,1,0,0,1,0,0,1,0,1,1,0,1,1,1,1,1,0,1,0,0,1,0,1,1,1,1,1,1,1,0,1,0,1,0,1,0,1,1,1,1,0,0,1,1,1,0,1,0,0,1,0,1,0,1,0.375,0.375,0.375,0.625,0.625,0.625,0.65625,0.75,0.5625,1,0,295,1593,542,3531,611,511,418,1214,575,185,1465,1889,1232,152,123,145,548,768,1818,484,298,356,810,483,469,384,871,884,1147,378,776,603,6346,472,498,911,693,410,48050,1147,767,737,340,195,320,525,135,419,1081,131,1430,3133,1083,920,1003,1879,1720,199,165,786,1194,444,1077,275,657.625,1152.5,905.0625,842.125,542.5,692.3125,4118.875,786.4375,2452.6562,good,A1BFIV6NMCYFCL,23,,44,26,26,40,25,25,27,28
18,1,30,1,health care,White,9,1,1,1,1,1,1,1,1,1,1,1,1,1,1,1,1,1,1,1,1,1,1,1,1,1,1,1,1,1,1,1,1,1,1,1,1,1,1,1,1,1,1,1,1,1,1,1,1,1,1,1,1,1,1,1,1,1,1,1,1,1,1,1,1,1,1,1,1,1,1,1,1,1,1,AllLaunch,300,218,233,196,231,223,488,600,245,387,249,138,296,2514,361,305,223,321,295,106,255,235,296,292,472,268,534,287,297,568,199,240,306,45372,256,297,38875,593,1066,330,272,219,237,313,207,361,300,258,224,312,234,139,247,267,300,275,610,146,268,256,2633,289,555,227,300.375,572.625,436.5,321.375,289.625,305.5,2911.875,3103.375,3007.625,good one survey,A1AUIDHOA3U2UZ,21,,51,36,27,30,29,28,26,28
19,1,27,1,U.S. CITIZEN,White,9,0,1,0,1,0,1,0,1,0,1,0,1,1,1,0,1,0,1,1,1,0,1,0,1,1,1,0,1,1,1,1,1,1,1,1,1,1,1,1,1,1,1,1,1,1,1,1,1,1,1,1,1,1,1,0,1,1,1,0,1,1,1,1,1,0.5625,0.125,1,0.75,0.5,1,0.9375,0.875,1,1,0,1760,2435,3089,2180,5929,1550,4834,1992,10075,2077,4573,23736,3795,5674,5108,1552,2954,1440,3828,1871,5384,1665,2201,2813,3426,2038,2111,5761,3730,1858,2189,1733,1665,7932,2403,1601,1555,2428,5964,1599,1836,2522,1802,2016,1932,3988,2189,1485,3786,2247,2797,79134,2865,1703,7087,1774,1881,1878,2041,1812,3521,3195,2833,1697,4895.375,5149.5,5022.4375,3227.875,2397.375,2812.625,2884.8125,7313.1875,5099,It was interesting,A2MU74O33H1J70,19,,40,40,25,31,22,26,24,25
20,1,24,1,USA,White,8,0,1,1,1,0,0,0,1,1,1,0,0,1,1,1,1,1,1,0,0,0,1,1,1,0,1,0,1,0,1,1,0,0,1,1,1,0,1,1,1,0,1,1,0,1,1,0,1,1,0,1,0,1,1,0,1,0,0,1,0,1,0,1,1,0.625,0.5,0.75,0.5625,0.375,0.75,0.625,0.625,0.625,1,0,704,809,1467,738,1047,36262,765,2180,4031,810,827,1874,1531,261,1274,1025,1153,1010,1057,1212,760,1773,2040,1790,1411,688,470,47561,943,482,1203,2010,552,457,1067,464,626,851,1633,1203,1399,4600,780,699,880,873,1046,1171,336,1876,1420,2158,199,788,1203,1645,848,1326,1903,353,790,414,2826,673,1455.75,5494.875,3475.3125,1129.625,7065.75,4097.6875,1094.25,1221.9375,1158.0938,GOOD,A28LB2VUBPEU3S,27,,48,29,33,31,27,29,31,28
21,1,30,1,AMERICAN,White,7,1,1,1,1,1,1,1,1,1,1,1,1,1,1,1,1,1,1,1,1,1,1,1,1,1,1,1,1,1,1,1,1,1,0,0,0,0,0,0,0,0,0,0,0,0,0,0,0,0,0,0,0,0,0,0,0,0,0,0,0,0,0,0,0,1,1,1,1,1,1,0.03125,0.0625,0,1,0,1023,1095,1427,2996,2304,2057,947,996,993,914,652,2684,1401,776,1360,954,2901,1042,744,1515,1043,1180,6968,1040,1417,2883,1978,2194,794,1042,1020,993,763,2208,1660,970,1809,1427,900,1298,2180,2825,1211,1402,1914,1401,1033,920,1436,1163,2222,1098,813,1224,1746,1566,1301,2209,2418,2041,1044,1513,1050,1659,1263.375,1559,1411.1875,2108.125,1486.125,1797.125,1468.75,1557.75,1513.25,GOOD,A3MWATLDK10OK2,25,,59,39,30,34,31,27,30,27
22,1,24,1,USA,White,8,0,1,1,1,0,1,1,0,1,1,0,1,1,0,0,1,0,0,1,1,0,1,0,1,1,0,1,1,1,0,1,1,0,1,1,1,0,0,1,0,1,1,1,1,0,1,0,0,1,1,0,1,0,0,1,1,1,0,1,1,1,1,0,0,0.625,0.5,0.75,0.625,0.625,0.625,0.59375,0.5625,0.625,1,0,1673,1075,1108,1290,672,577,880,1091,34833,603,759,1195,904,1126,138,1265,895,307,1357,906,1099,736,931,799,134,1151,802,1284,790,705,624,562,474,1299,1308,1192,1236,13623,313,447,684,5844,1844,1921,3555,528,418,4023,864,1074,189,747,550,690,2157,594,889,1293,344,964,681,400,663,564,5120.875,1027.75,3074.3125,829,806.25,817.625,1010.5625,2200.1875,1605.375,good,AAB90MZIFMSWG,28,,46,31,32,39,28,25,29,29
23,1,24,1,USA,White,7,0,1,1,0,1,0,1,0,1,0,1,1,0,0,1,1,1,1,1,0,0,1,0,1,1,1,0,1,1,1,0,1,0,1,0,0,0,1,1,1,1,1,1,1,1,0,1,1,1,1,1,1,1,0,0,1,1,0,1,0,1,1,1,1,0.5625,0.75,0.375,0.6875,0.5,0.875,0.71875,0.75,0.6875,1,0,962,509,354,1170,973,549,729,641,409,1160,611,1102,382,1063,695,707,1270,468,2040,1373,970,488,204,497,209,735,376,505,429,465,383,399,522,926,681,657,570,1031,872,743,2461,371,1358,622,103342,701,666,856,680,778,1976,1550,1046,698,522,619,530,392,1305,1350,1086,655,1221,885,639.375,862.625,751,735.125,616.25,675.6875,7427.375,802.125,4114.75,GOOD,AMPAOPRLEKM58,24,,42,34,32,37,27,27,24,31
24,0,27,2,American,White,7,0,0,0,0,0,0,0,0,0,0,0,0,0,0,0,0,0,0,0,0,0,0,0,0,0,0,0,0,0,0,0,0,0,0,1,1,1,1,1,1,0,1,1,1,0,1,1,1,0,1,0,1,0,1,0,1,0,1,0,1,0,1,0,1,0,0,0,0,0,0,0.625,0.3125,0.9375,1,0,1520,1310,3525,1563,1349,2888,1817,2234,1179,16794,1210,1076,1567,1137,1334,1409,1191,21862,1871,1662,922,1408,2033,1008,1807,2176,1209,1122,1972,2316,1624,1624,2014,1666,3271,26833,6028,2134,3711,3210,3137,3152,1796,15709,1497,1761,1728,2154,4842,2384,2256,1996,864,1787,1692,2224,1433,5751,1432,2387,1525,284176,1146,3987,1687.625,3551.375,2619.5,1578.625,4147.25,2862.9375,2398.25,22581.9375,12490.0938,,A2DV646CE86W3B,20,,46,32,23,35,22,21,19,21
25,1,24,1,USA,White,8,1,0,1,1,0,1,1,1,0,0,0,1,1,1,1,0,1,0,1,1,1,1,0,1,1,0,1,1,0,1,1,1,1,1,1,0,1,1,1,0,0,1,1,1,0,1,1,1,1,0,0,1,1,0,1,0,1,1,1,1,1,1,0,1,0.625,0.625,0.625,0.75,0.75,0.75,0.71875,0.75,0.6875,1,0,869,1037,2028,819,1080,755,1057,1356,1070,1186,1719,1352,1198,1191,823,768,1327,1461,2831,2249,828,1970,1306,1076,1488,1220,924,1299,484,1212,2584,1367,1106,1252,887,1024,1008,1109,718,1955,1444,1134,785,1155,748,1389,1240,1607,873,1318,1181,1816,1083,931,432,451,916,883,1852,540,674,1706,1315,822,1230.5,1058,1144.25,1471.5,1481.75,1476.625,1016.375,1193.25,1104.8125,good,A3U69HUUS4ZRQ1,23,,52,33,30,33,31,25,25,26
26,1,30,1,AMERICAN,White,6,1,1,1,1,1,1,1,1,1,1,1,1,1,1,1,1,1,1,1,1,1,1,1,1,1,1,1,1,1,1,1,1,0,0,0,0,0,0,0,0,0,0,0,0,0,0,0,0,0,0,0,0,0,0,0,0,0,0,0,0,0,0,0,0,1,1,1,1,1,1,0,0,0,1,0,1674,4377,2968,3034,2394,937,2314,1609,3365,2936,1543,1453,1255,1308,839,1344,2058,1501,2393,1822,1029,1199,1937,1437,1547,23403,1089,2506,1562,2234,4073,1530,3723,1198,6270,2243,1451,2111,5833,1907,1434,2988,1994,2224,2391,1680,2964,2708,4610,2042,1377,2091,2364,2099,1204,1360,1576,1400,1425,3497,1446,16744,1107,2080,2044,2124.75,2084.375,1961,4454,3207.5,2573.0625,3023.25,2798.1562,GOOD,A8AEFZTMDVN0Z,27,,51,39,34,34,27,30,26,30
27,1,26,1,American,White,9,0,0,1,1,1,1,1,1,1,1,0,1,1,0,0,1,1,1,1,1,1,1,1,1,0,0,1,1,0,1,0,1,1,1,1,1,1,1,1,1,1,1,1,1,1,1,1,1,0,1,1,1,1,1,1,1,1,1,1,1,1,1,0,1,0.6875,0.625,0.75,0.75,0.625,0.875,0.9375,0.875,1,1,0,2060,6840,2283,2430,1302,1529,2915,1813,974,951,2658,2505,1459,2127,1944,1700,1227,2226,1242,2411,21065,1323,626,1500,1817,2010,1622,1803,2063,3209,2847,676,738,2025,6838,669,1718,1421,3142,10813,639,1190,1015,2104,1490,1699,2283,2293,1980,3023,701,14277,1663,1436,612,606,2406,1007,5408,972,1894,1359,2164,767,1949.375,2486.875,2218.125,4063.625,1894.75,2979.1875,2168.1875,2853.8125,2511,n/a but I really hope to see a bonus included with this for my time!,A3HZFB2JLF3JMY,11,,46,35,21,40,26,23,27,30
28,1,30,1,WHITE,White,9,1,0,1,1,0,1,1,1,0,1,1,1,0,0,1,0,1,0,0,1,0,1,0,1,0,0,1,0,0,0,0,1,1,1,0,0,1,1,1,0,1,0,1,0,1,1,1,0,0,1,1,0,1,0,1,1,1,0,0,1,1,1,1,0,0.625,0.625,0.625,0.375,0.25,0.5,0.625,0.8125,0.4375,1,0,9076,7266,5184,902,549,2314,849,282,1286,637,1449,488,1523,1372,685,302,1345,1139,2207,899,3570,1179,817,2377,1417,1767,842,561,188,819,524,795,323,2368,1739,154,1401,727,846,729,209,489,468,1072,494,833,349,1032,1330,327,682,862,566,503,649,1507,409,1099,506,4337,1080,658,480,826,2575.125,1695.375,2135.25,1363.75,1192,1277.875,720.6875,1095.1875,907.9375,GOOD,A18PV3W45KFF1J,26,,48,38,16,39,24,25,24,19
29,0,30,1,USA,White,9,1,1,1,1,1,0,1,1,1,0,0,0,0,0,1,0,1,1,1,1,1,0,1,0,1,0,1,0,1,1,1,1,0,1,1,1,1,0,1,0,0,0,1,1,1,1,0,0,1,0,1,0,1,1,1,1,1,0,1,1,0,0,1,1,0.5625,0.75,0.375,0.75,1,0.5,0.625,0.75,0.5,1,0,737,2898,616,323,342,469,658,46,344,649,670,1603,1210,728,149,90,2798,102,1135,1960,175,4030,159,167,186,1820,229,1713,1886,186,1715,229,2584,446,191,811,161,899,314,66,679,1251,289,202,261,544,1954,1275,808,411,729,1371,303,1575,234,2750,961,1411,2733,1458,1174,858,195,305,590.75,850.75,720.75,1035.375,1275.875,1155.625,848.125,977.0625,912.5938,GOOD,A1VZJLXV3K6UTE,18,,50,38,35,31,24,25,27,25
30,1,26,2,USA,White,8,1,0,0,1,0,1,1,1,0,1,0,1,1,0,1,0,0,1,1,1,0,0,1,0,1,0,0,1,0,0,0,0,1,0,0,0,0,1,0,1,0,0,1,1,1,0,1,0,1,1,0,0,0,1,1,0,1,0,0,0,1,1,0,0,0.5625,0.5,0.625,0.375,0.375,0.375,0.4375,0.5,0.375,1,0,1163,1263,1055,3514,3528,1721,1055,1720,2657,1250,1452,3159,1206,1818,1506,1443,1128,1023,1246,1625,1420,3243,1425,1976,2106,2438,864,3222,7197,1281,928,1624,1725,1105,23078,1453,1896,1242,2106,1162,1060,1375,1357,5729,6673,1475,886,1939,1063,995,3208,1536,1324,1472,1240,3649,1185,1762,956,1900,1504,1056,6204,2677,1702.75,1986,1844.375,2039.25,2054,2046.625,3466.5625,1907.9375,2687.25,GOOD,A3JWK1OWG3LKO6,20,,47,37,25,39,20,22,20,24
31,1,28,1,American,White,3,0,0,0,0,0,0,0,0,0,0,0,0,0,0,0,0,0,0,0,0,0,0,0,0,0,0,0,0,0,0,0,0,1,1,1,1,0,1,0,1,0,1,0,1,1,1,0,1,0,1,0,1,0,1,0,1,0,1,0,1,0,1,0,1,0,0,0,0,0,0,0.59375,0.1875,1,1,0,4656,1727,1425,1168,1698,1288,1837,3319,1774,1048,1178,1390,1354,1369,2080,1265,1671,10010,1163,1092,1332,1518,1050,1701,2837,2104,1280,2502,1420,11705,1654,1427,2060,1985,5238,1617,3889,1755,2210,1933,1306,1413,2205,2634,2849,1553,1189,1151,1479,1633,1225,1772,1685,19754,3655,2682,4856,3253,1201,5008,1489,3102,1284,1424,2000.25,1571.75,1786,1550.875,4007.375,2779.125,2363.75,3291.8125,2827.7812,This was very well-designed.,A11LL3J3YSXB4U,4,,3,29,22,36,26,0,20,20
32,1,32,1,usa,American Indian or Alaska Native,7,1,1,1,1,0,1,0,1,1,0,1,1,1,0,1,0,0,0,1,1,0,0,1,0,1,1,1,1,1,0,1,0,1,0,0,1,0,1,0,0,0,0,0,0,1,1,0,0,0,1,1,1,1,1,0,0,0,0,1,0,1,0,1,0,0.6875,0.75,0.625,0.5625,0.75,0.375,0.40625,0.4375,0.375,1,0,2105,992,666,2450,704,190,2353,705,10318,1102,119438,20224,1399,624,2923,1448,3176,1372,714,10977,1208,1281,1311,2218,553,1968,293612,2778,2452,1225,2181,2587,824,399,1337,1666,6738,45876,2077,1345,478,388,441,879,1425,4420,1719,867,623,813,1674,4628,482,389,2706,1433,523,800,2090,593,2988,1257,3455,5068,17488.25,3466.875,10477.5625,38150.875,3050.75,20600.8125,1848.75,4426.3125,3137.5312,good,A1DKBHRMJKQSMU,23,,51,35,31,39,29,27,23,27
33,0,25,2,American,White,9,1,0,0,0,0,0,0,0,0,1,0,0,0,1,0,0,0,1,0,0,0,0,0,0,0,1,0,0,0,0,0,0,1,1,1,1,1,1,1,1,0,1,1,1,1,1,1,1,1,0,1,1,1,1,1,1,1,1,1,1,0,1,1,1,0.1875,0.125,0.25,0.125,0,0.25,0.90625,0.875,0.9375,1,0,1762,1360,34802,1843,2939,17642,9452,1431,1329,1389,1608,5489,1704,1210,70103,1166,1658,817,7465,38046,927,41808,1072,3533,1367,786,639,25225,928,2998,285959,1152,856,1333,1643,25234,1801,122316,1847,1803,820,1369,1389,5346,964,1543,1959,16208,2700,1346,866,930,2064,1525,3096,12498,610,1506,650,852,1290,3701,2308,12190,15462.375,3941.25,9701.8125,37501.875,14295.625,25898.75,1553.9375,13106.25,7330.0938,The study was good,AM37KSR9W7MV2,14,,43,26,26,38,26,22,27,19
34,1,24,1,American,White,8,1,1,1,0,1,1,1,0,0,1,0,0,1,1,0,0,1,0,0,1,0,1,1,1,0,1,1,1,1,0,1,0,1,1,0,1,1,1,1,0,1,1,0,1,1,1,1,0,1,1,1,1,1,1,1,1,1,0,1,1,1,1,1,1,0.5625,0.625,0.5,0.625,0.625,0.625,0.84375,0.875,0.8125,1,0,1282,667,496,1744,1067,1184,1877,2266,1439,459,1414,434,2911,1537,234,1217,62,1921,2202,2788,345,1838,89,874,6694,125,223,295,566,1549,766,1299,433,609,537,3135,1161,2929,815,218,853,1199,360,2661,968,589,183,656,1554,521,1248,1607,925,698,1128,253,523,301,2177,1771,675,1312,663,319,1340,1188.5,1264.25,1368.375,1336.125,1352.25,887.6875,1173.625,1030.6562,Good,A2FUFL66YEHXZR,25,,50,30,30,34,27,27,25,23
35,0,25,2,american,White,7,1,0,0,0,1,0,1,0,0,0,0,0,0,0,0,1,0,0,0,0,0,0,0,0,0,0,0,0,0,0,0,0,1,0,0,1,1,0,1,1,1,1,1,0,0,1,0,1,1,1,1,0,0,0,1,1,1,0,1,0,1,0,1,1,0.25,0.375,0.125,0,0,0,0.625,0.75,0.5,1,0,1553,2373,1940,2517,1912,1951,1509,2680,1628,2179,2094,1393,1488,1259,1423,1331,2543,1554,2930,1360,1677,2201,1439,21060,2031,1988,3380,8425,38936,1582,1357,1433,1585,1150,1221,2148,1593021,1950,1403,1400,1419,1598,1654,38954,1099,1705,1454,1982,16196,1335,1498,1806,5530,1363,1315,1970,2691,1763,1772,1574,1977,3253,2840,2068,1693.375,1960.375,1826.875,6786.625,4950.375,5868.5,102292.1875,4126.1875,53209.1875,INTERESTING,A3MCBUK7K3KO27,21,,48,37,31,32,26,23,27,25
36,1,30,1,white,White,6,1,1,1,0,1,1,1,1,1,0,0,1,0,0,0,1,1,0,0,0,1,1,1,0,0,1,1,0,1,0,1,1,1,1,1,1,1,0,0,0,1,1,1,1,0,0,1,0,1,1,1,1,0,1,1,1,1,0,1,1,0,1,1,0,0.625,0.625,0.625,0.5625,0.75,0.375,0.6875,0.75,0.625,1,0,527,56666,3424,1585,269,12562,364,681,1746,162,361,333,221,311,233,1768,2595,269,1174,785,343,8270,663,5639,12143,795,610,531,2380,745,1386,515,14947,179,1955,3010,3349,468,410,1537,1048,11349,596,1217,865,2122,1545,675,209,742,1662,213,1143,5266,7854,513,1384,815,975,223,149,2451,702,483,893.125,9258.5,5075.8125,2661.75,2193.625,2427.6875,2424.5625,1953.9375,2189.25,GOOD,A24WNH0XRGDD6R,18,,49,33,21,39,23,24,21,26
37,1,24,1,USA,White,8,0,0,1,0,1,1,0,1,1,1,0,1,1,1,1,1,0,1,1,1,1,0,1,1,1,1,0,1,1,1,0,1,1,1,0,1,1,1,1,0,1,1,1,1,1,1,1,0,0,1,1,1,1,1,0,1,1,1,1,0,1,1,1,1,0.6875,0.625,0.75,0.75,0.625,0.875,0.8125,0.8125,0.8125,1,0,559,1177,601,908,993,673,525,647,668,521,660,1081,710,967,558,461,943,563,1140,773,542,882,408,701,621,641,1118,940,395,777,341,697,377,746,635,411,480,627,441,667,943,720,622,541,772,786,515,698,1094,440,831,1597,745,400,474,745,681,637,522,569,1339,659,507,736,659.25,804.375,731.8125,688.5,746.75,717.625,686.125,686.1875,686.1562,nothing,A2UGQ85W3M5YU2,29,,44,32,31,36,23,28,30,30
38,1,30,1,American,White,7,0,1,1,1,0,0,0,0,0,0,0,0,1,0,0,1,0,1,1,0,1,1,1,0,0,1,1,1,1,0,0,1,0,0,0,1,1,0,1,0,0,0,0,0,1,1,1,0,0,0,0,1,0,0,0,0,0,0,0,1,0,0,1,1,0.3125,0.25,0.375,0.625,0.625,0.625,0.3125,0.3125,0.3125,1,0,107,140,363,104,332,161,143,274,144,172,245,329,126,300,480,1560,291,299,978,111,209,294,287,1033,298,212,1492,344,331,309,258,301,167,324,193,152,169,285,8616,387,279,323,201,308,221,273,262,323,415,254,311,252,314,298,191,327,85687,274,186,192,221,272,225,298,242.5,380,311.25,518,362.875,440.4375,6103.625,283.875,3193.75,good,A18FA6FOZHPGDN,24,,44,36,31,37,26,25,27,26
39,0,30,1,USA,White,7,1,1,1,1,1,1,1,0,1,1,1,1,0,0,1,0,0,0,0,1,0,0,0,0,1,1,0,1,1,1,1,1,0,0,0,1,0,0,1,0,1,1,1,1,0,1,0,1,1,1,1,1,1,1,1,1,0,0,1,1,1,0,1,1,0.75,0.875,0.625,0.5,0.375,0.625,0.65625,0.625,0.6875,1,0,1266,1302,5413,852,544,1185,830,2185,654,1268,1361,1886,835,1014,764,1841,1163,852,1131,1446,517,953,2115,1743,571,632,784,758,604,805,722,773,1363,1259,422,1089,2956,957,3103,1546,2054,3606,586,988,1089,1526,768,969,4306,2667,2320,993,935,863,1678,1141,812,1444,1407,1187,1320,1182,2357,2102,1458.375,1441.625,1450,950.875,995.25,973.0625,1717.25,1469.9375,1593.5938,GOOD,A1EO7HD58BQXC4,29,,51,39,34,34,27,27,25,27
40,1,22,1,USA,White,9,0,1,0,1,0,1,1,1,0,1,1,1,1,1,0,1,1,1,1,1,1,1,0,1,1,1,1,1,1,0,1,1,1,1,1,1,0,1,1,1,1,0,0,0,0,1,0,1,1,1,1,0,1,1,1,1,0,0,1,0,1,1,1,1,0.6875,0.375,1,0.875,0.875,0.875,0.6875,0.6875,0.6875,1,0,683,503,534,698,933,752,608,816,712,927,573,296,695,733,990,348,248,682,433,1344,390,333,1280,1090,686,358,237,741,642,239,675,1570,667,607,718,535,290,634,705,506,584,633,1118,1185,1225,2733,663,652,788,1019,979,992,1233,418,281,670,971,7471,285,1419,392,776,1243,514,716,634.125,675.0625,573.875,794.625,684.25,758.875,1297.75,1028.3125,NOTHING,A1KMSB67R9CHJB,26,,49,37,33,33,26,30,26,31
41,0,27,1,USA,White,7,0,0,0,0,0,0,0,0,0,0,0,0,0,0,0,0,0,0,0,0,0,0,0,1,0,0,0,0,0,0,0,0,1,1,1,1,1,1,1,1,1,1,1,1,1,1,1,1,1,1,1,1,1,1,1,1,1,1,1,1,1,0,1,1,0,0,0,0.0625,0,0.125,0.96875,1,0.9375,1,0,1128,2833,19268,2171,1268,7827,2564,1256,1808,1392,1819,1591,1566,1839,1161,1282,5000,3227,1481,1418,955,1488,1600,6371,2981,9087,3935,1752,102467,1704,1725,2335,1068,1728,1937,3728,2505,2124,1595,242539,1260,3497,3612,2044,3601,1691,1964,2115,1825,3209,1504,7392,1739,17097,6272,1749,1211,19007,5521,1512,2984,2009,1738,1250,3822.75,2523.875,3173.3125,15018,3422.75,9220.375,2521,19543.1875,11032.0938,GOOD,A3ETEPWQCD8FPY,30,,39,31,33,38,27,27,31,30
42,1,32,1,usa,White,7,1,1,1,1,1,1,1,1,1,1,1,1,1,1,1,1,1,1,1,1,1,1,1,1,1,1,1,1,1,1,1,1,1,1,1,1,1,1,1,1,1,1,1,1,1,1,1,1,1,1,1,1,1,1,1,1,1,1,1,1,1,1,1,1,1,1,1,1,1,1,1,1,1,1,AllLaunch,6690,2731,2735,2241,1848,14853,2695,7391,2372,1792,3097,2341,2445,2832,2494,3192,5173,3237,2321,1929,7282,10545,3447,11013,1049730,3037,2254,3556,2479,2755,1925,3905,4076,50553,3684,4256,4842,1990,9962,2145,3395,3723,2935,2293,3027,4347,2398,7059,56683,2494,3072,3829,15264,3855,6011,3669,2246,3068,3225,1814,2285,3813,2759,14057,3047,4671.625,3859.3125,134326.375,4997.125,69661.75,7866.5,7060.3125,7463.4062,good,A2L2UA5B62ZJ5O,26,,51,33,31,35,26,29,30,27
43,1,30,1,American,White,8,1,0,0,1,1,1,0,1,0,1,1,0,1,0,0,1,1,1,1,1,0,1,0,1,1,0,0,0,1,1,1,1,0,1,0,0,0,0,1,0,1,1,1,1,1,1,1,1,1,1,1,0,1,1,1,1,0,1,1,1,1,1,1,1,0.5625,0.5,0.625,0.6875,0.625,0.75,0.75,0.75,0.75,1,0,346,1368,4193,1546,1201,525,539,1202,610,1250,469,863,8399,1128,444,3487,25104,3680,2855,4487,4799,580,1490,2481,2090,3441,843,396,921,1185,4667,1426,4953,3521,156,628,2244,2610,610,2322,3348,8035,866,637,794,2103,515,1424,983,394,1078,482,3051,445,3478,9902,638,5306,1363,237,2132,739,282,6122,2025.125,1421.125,1723.125,5346.125,2209.5,3777.8125,1655.6875,2806.6875,2231.1875,good,A2FWGQG8R251JH,22,,43,36,35,33,29,25,25,29
44,1,24,1,WHITE,White,10,1,1,1,1,1,1,1,0,1,1,1,1,1,1,1,1,1,0,1,1,1,1,1,1,1,1,1,1,1,1,1,1,1,1,1,1,1,1,1,1,1,1,1,1,1,1,1,1,1,1,1,1,1,1,1,1,1,1,1,1,1,1,1,1,0.9375,1,0.875,0.9375,1,0.875,1,1,1,1,0,224,250,458,345,346,215,327,1230,289,193,272,205,250,1284,130,576,179,937,138,258,354,439,135,234,195,266,179,194,236,201,233,367,312,291,228,241,236,448,210,312,166,304,248,883,1200,281,258,138,332,1563,508,8977,1099,282,146,1017,274,9051,1163,295,1098,1270,306,129,287,537.25,412.125,206.125,362,284.0625,486.5,1592.625,1039.5625,GOOD,A2TEC1JFE61K2L,24,,46,35,25,45,25,24,24,26
45,1,23,1,american,White,7,0,1,0,1,0,1,0,1,0,1,0,1,0,1,0,1,0,1,0,1,0,1,0,1,0,1,0,1,0,1,0,1,1,1,1,1,1,1,1,1,1,1,1,1,1,1,1,1,1,1,1,1,1,1,1,1,1,1,1,1,1,1,1,1,0.5,0,1,0.5,0,1,1,1,1,1,0,1924,1358,1468,1975,2783,1738,2318,1153,2399,7494,1745,1232,1435,1410,1867,1364,1575,1305,2440,2256,2185,1520,1875,1823,1575,1557,2479,1036,17985,1220,2050,5355,897,1261,1187,914,1562,1306,1085,1045,1096,1077,1181,1874,927,2824,1450,1295,27699,1028,1121,1300,824,2053,1371,1339,1054,982,1144,4450,1111,1481,1316,1588,1992.375,2215.5,2103.9375,4020.5,2009,3014.75,2814.0625,1613.5625,2213.8125,good experiment,A3LXCMY8L2JOA3,20,,50,32,19,42,20,19,20,19
46,1,23,1,American,White,6,1,0,1,0,1,0,1,0,1,0,1,1,1,0,1,1,1,0,1,0,1,0,1,0,1,0,1,0,1,0,1,0,1,1,1,1,1,1,1,1,1,1,1,1,1,1,1,1,1,1,1,1,1,1,1,1,1,1,1,1,1,1,1,1,0.625,1,0.25,0.5,1,0,1,1,1,1,0,2772,35964,1702,2322,5211,2364,2445,2979,1752,5174,2785,3079,1869,2898,2130,1600,2026,4130,1686,2292,3029,7178,1334,2456,2400,3246,2090,2043,2693,6478,2493,2158,1661,4806,1721,1886,2419,6010,9671,5645,1884,1212,1410,2710,1810,1194,1754,1427,1449,3316,1127,2546,1380,2801,1197,1850,4785,1363,3382,2513,4691,8231,1328,1872,2583.25,7047.5,4815.375,2218.875,3747.625,2983.25,2604.3125,3086.375,2845.3438,Good,A1TMBU6LX5UNIC,24,,45,32,25,39,21,22,21,24
47,1,24,1,WHITE,White,9,1,1,1,1,1,1,1,1,1,1,1,1,1,1,1,1,1,1,1,1,1,1,1,1,1,1,1,1,1,1,1,0,1,1,1,1,1,1,1,1,1,1,1,1,1,1,1,1,1,1,1,1,1,1,1,1,1,1,1,1,1,1,1,1,1,1,1,0.9375,1,0.875,1,1,1,1,0,542,1352,139,902,304,363,481,247,943,192,408,343,929,1405,288,184,910,240,198,1035,143,477,652,529,891,143,995,341,1410,182,250,1921,224,311,373,325,199,278,1662,328,649,661,113,464,117,170,472,2024,229,845,168,295,326,250,271,237,1663,73,120,2143,265,385,308,745,504.25,623.5,563.875,681.125,608.5,644.8125,447.4375,595.875,521.6562,GOOD,A2QO2K51UYQO36,22,,51,36,25,34,27,25,25,25
48,1,24,1,white,White,9,1,1,1,1,1,1,1,0,1,1,1,1,1,1,1,1,1,0,1,1,1,1,1,1,1,1,1,1,1,1,1,0,1,1,1,1,1,1,1,1,0,1,1,1,1,1,1,1,1,1,0,1,1,0,1,0,1,1,1,1,1,1,1,1,0.9375,1,0.875,0.875,1,0.75,0.875,0.875,0.875,1,0,3480,324,757,3460,1402,333,283,814,703,697,494,773,365,574,743,691,1112,1093,671,364,759,661,535,765,554,484,1163,569,508,868,914,853,6481,504,1083,516,1192,1102,765,510,592,796,782,495,666,705,515,1335,14164,1175,506,675,2030,754,476,616,761,564,289,727,1725,362,691,652,1028.375,958.25,993.3125,777,707.125,742.0625,2044.875,718,1381.4375,GOOD,AKLUSDCQMH4D4,21,,49,32,26,35,27,26,26,26
49,0,27,2,USA,White,10,0,1,1,1,1,1,1,1,1,1,1,1,0,1,1,1,0,1,1,1,1,1,0,1,1,1,1,1,0,1,1,1,1,1,0,0,0,0,1,1,1,0,1,1,0,1,1,1,1,1,1,1,0,1,1,0,0,1,1,0,0,1,1,1,0.875,0.75,1,0.8125,0.625,1,0.65625,0.625,0.6875,1,0,874,91,971,1454,411,1275,2033,269,852,793,147,110,292,2811,222,118,754,874,3813,963,194,1174,629,16725,824,1437,2053,230,110,251,198,1495,875,14994,91,874,905,370,538,220,871,350,111,211,1822,1613,193,1653,892,967,2212,310,744,472,2531,412,455,1982,1918,410,1284,16091,751,208,725.25,865.125,795.1875,1071.875,2893.625,1982.75,1012.0625,2571.0625,1791.5625,none,A2KKTH04PFDLLF,32,,48,44,40,32,32,32,32,32
50,0,25,2,USA,White,7,0,1,0,1,0,1,0,1,0,1,0,0,0,0,0,1,0,1,0,1,0,1,0,1,0,1,0,1,0,1,0,1,1,1,1,1,1,1,1,1,1,1,1,1,1,1,1,1,1,1,1,1,1,1,1,1,1,1,1,1,1,1,1,1,0.375,0,0.75,0.5,0,1,1,1,1,1,0,6854,1768,8199,1397,1635,7332,1892,3954,16170,1809,9192,3878,4410,4377,2629,1595,1663,2025,1840,11370,1958,2389,2130,40257,1860,3058,2926,16027,5315,1608,7873,1337,3184,1494,1321,1020,2557,24642,1354,1164,10851,1594,1267,954,1325,2756,1846,2239,1881,1702,1540,2173,984,1710,899863,4686,1053,1025,1117,7706,1337,1511,2081,1114,6372.625,3263.75,4818.1875,3195.625,9758.875,6477.25,58347.5625,3593.125,30970.3438,Good Survey,A26DX5C2CN723R,21,,46,31,19,35,21,22,23,20
51,1,26,2,USA,White,7,1,1,1,1,1,1,1,1,1,1,1,1,1,1,1,1,1,1,1,1,1,1,1,1,1,1,1,1,1,1,1,1,0,0,0,0,0,0,0,0,0,1,0,0,0,0,0,0,0,1,0,0,0,0,0,0,0,0,0,0,0,0,0,0,1,1,1,1,1,1,0.0625,0,0.125,1,0,1105,1296,1224,888,1107,1091,948,1255,1315,908,1124,1433,2100,128927,974,724,1698,897,1083,1027,859,14268,1023,1010,3251,1226,7854,1625,1390,1027,827,872,1458,1489,1368,1161,1198,1281,1433,899,1711,27315,939,1491,9213,656,1659,1424,1365,48466,1122,1997,718,1297,1025,1770,1371,1093,1075,1492,1002,1439,1178,890,1237.125,17065.25,9151.1875,2248.125,2744,2496.0625,1739.6875,5885,3812.3438,GOOD,A1G1V9N0WVGQBH,20,,48,31,25,36,21,19,17,22
52,1,26,2,USA,White,8,1,1,1,0,0,0,1,1,1,0,0,1,1,1,0,1,1,1,1,0,1,0,0,0,0,1,1,1,0,0,0,0,0,0,0,0,0,0,1,1,1,0,0,0,1,1,0,0,0,0,0,0,0,0,1,1,0,0,1,0,0,0,0,0,0.625,0.625,0.625,0.4375,0.5,0.375,0.25,0.3125,0.1875,1,0,1057,2049,1035,1394,1502,6084,1436,1427,1660,1401,1459,1777,1490,1025,6420,1205,779,1147,1270,20793,1634,1313,1803,2466,3026,1859,1152,1532,1740,1227,1323,3163,1408,1048,1929,1352,2018,1004,907,979,2256,931,1203,1091,1051,19753,1627,1961,1628,1188,1976,1483,1705,1251,1456,923,1250,1004,683,1136,8793,892,1242,1049,2007.375,2045.25,2026.3125,1590.875,4187.5,2889.1875,1945.75,2315.3125,2130.5312,GOOD,A9ITLUKISBA1V,23,,50,30,26,36,23,20,22,21
53,1,24,1,American,White,8,0,0,1,0,1,1,1,1,1,1,0,0,0,1,0,1,1,1,1,1,1,1,1,0,0,0,0,1,1,1,1,0,1,1,0,0,1,1,1,1,1,1,1,1,0,1,1,1,1,0,1,1,0,1,1,1,1,0,1,1,1,0,1,0,0.5625,0.5,0.625,0.6875,0.75,0.625,0.75,0.8125,0.6875,1,0,1339,1154,1339,2551,2396,104,296,1328,258,747,472,2411,24674,168,1233,401,833,1335,970,98,683,1082,1587,360,1604,849,1377,16114,89,95,3627,3736,867,12026,735,822,1009,964,953,3610,958,11493,1058,532,725,858,842,147,1672,1698,1002,1029,758,215,771,1231,1700,160,9497,117,1835,336,1042,1580,4000.875,1108,2554.4375,1346.25,2958.625,2152.4375,1589,2301.125,1945.0625,Good,AVN3UDFOR662D,21,,51,36,33,44,30,28,25,29
54,0,35,2,USA,White,5,1,1,1,1,1,1,1,1,1,1,1,1,1,1,1,1,1,1,1,1,1,1,1,1,1,1,1,1,1,1,1,1,1,1,1,1,1,1,1,1,1,1,1,1,1,1,1,1,1,1,1,1,1,1,1,1,1,1,1,1,1,1,1,1,1,1,1,1,1,1,1,1,1,1,AllLaunch,881,894,396,1304,650,847,824,818,305,1066,994,544,553,1255,875,657,841,682,719,3809,891,850,462,1770,890,560,932,799,701,780,1238,640,6728,840,1356,676,3628,592,572,955,774,1160,826,1421,742,417,765,1147,138,770,696,497,854,532,1039,886,754,924,183,956,3561,906,1962,798,684.75,923.125,803.9375,834.25,1236.25,1035.25,1536.125,842.3125,1189.2188,,A3DNB1B2PF702E,19,,48,31,23,38,18,19,18,18
55,1,30,1,AMRICAN,White,6,0,1,1,1,0,0,1,0,1,1,1,1,0,1,0,0,1,0,0,0,0,1,1,0,1,0,0,1,1,1,1,0,1,1,1,0,1,1,0,0,0,0,0,0,0,0,1,1,1,0,1,0,1,0,1,1,1,1,1,1,1,1,1,0,0.5625,0.5,0.625,0.5,0.625,0.375,0.59375,0.75,0.4375,1,0,100,6268,209,157,238,451,140,413,284,1439,745,297,331,370,593,305,299,1321,2834,7361,514,378,218,240,325,240,242,2044,484,259,547,307,202,721,742,1057,610,216,310,147322,601,233,268,339,162,219,282,417,162,483,201,137,1929,426,260,791,1121,546,458,315,129,187,271,269,330,1212.5,771.25,682.875,1518.75,1100.8125,481.75,9604.875,5043.3125,GOOD,A1TYJL96F3IJI6,23,,50,32,31,30,29,26,30,30
56,0,23,2,US,White,10,1,1,1,1,1,1,1,1,1,1,1,1,1,1,1,1,1,1,1,1,1,1,1,1,1,1,1,1,1,1,1,1,0,0,0,0,0,0,0,0,0,0,0,0,0,0,0,0,0,0,0,0,0,0,0,0,0,0,0,0,0,0,0,0,1,1,1,1,1,1,0,0,0,1,0,859,1600,1683,1738,48211,1413,2208,995,1793,2070,1448,1315,990,860,1330,1475,764,1324,1995,950,820,2595,766,1266,1552,1871,1627,1047,1271,1623,983,1451,1593,2001,1877,1157,1553,866,742,797,1277,2374,1274,1412,1458,1650,833,1024,849,2048,863,1605,4546,975,1413,1598,953,1641,1405,4073,2031,1482,1425,905,7315.25,1433.25,4374.25,1222.25,1515.875,1369.0625,1505.75,1600.5,1553.125,good,A21RKTKODVYUU4,28,,50,37,35,32,30,29,28,28
57,1,23,2,usa,White,10,1,0,1,1,1,1,0,1,1,1,1,1,1,1,1,0,0,0,1,1,1,0,0,1,1,1,0,1,0,0,1,1,1,1,1,0,1,1,1,1,0,1,0,1,1,1,1,1,1,1,1,1,1,1,1,0,1,1,1,1,0,1,1,1,0.8125,0.875,0.75,0.5625,0.5,0.625,0.84375,0.8125,0.875,1,0,4997,999,281,6484,201,804,707,2065,266,1299,857,1675,8946,1332,1034,780,156,432,2058,603,4256,283,1122,1298,514,3267,2051,2929,2543,1888,761,3671,846,1097,12049,4403,934,3569,15805,801,903,177,680,1120,1693,3626,2611,1061,4083,725,880,2169,268,1042,3444,644,264,919,361,491,3728,1364,1771,4133,2161.125,1929.75,2045.4375,1682.625,1796.375,1739.5,3145,1708.8125,2426.9062,good,A2LNVRMKZ2KWCR,26,,48,38,37,32,31,31,28,31
58,1,32,1,usa,White,6,1,1,1,1,1,1,1,1,1,1,1,1,1,1,1,1,1,1,1,1,1,1,1,1,1,1,1,1,1,1,1,1,1,1,1,1,1,1,1,1,1,1,1,1,1,1,1,1,1,1,1,1,1,1,1,1,1,1,1,1,1,1,1,1,1,1,1,1,1,1,1,1,1,1,AllLaunch,3986,22936,4090,3898,2546,768,2442,2997,2247,1103,2395,8395,1787,1859,2955,2507,969,2858,2914,6595,3787,2738,3874,4793,1114,1281,3028,4740,974,2836,3235,1002,1738,1248,29674,2464,7992,1413,3146,56699,2915,1053790,2865,2202,1048,9443,3002,3304,1418,1695,1943,2504,1671,2365,1970,2508,2747,3024,162059,1122,6588,786,2337,1444,2806,5557.875,4181.9375,2486.875,3355.375,2921.125,14569.5625,71625.6875,43097.625,good,A294C3NQHIOI8K,10,,52,34,28,32,19,28,26,24
59,0,24,2,US,White,9,1,1,1,1,1,1,1,1,1,1,1,1,1,1,1,1,1,1,1,1,1,1,1,1,1,1,1,1,1,1,1,1,0,0,0,0,0,0,0,0,0,0,0,0,0,0,0,0,0,0,0,0,0,0,0,0,0,0,0,0,0,0,0,0,1,1,1,1,1,1,0,0,0,1,0,1820,1627,1243,1705,1483,70751,2833,1482,2271,1377,1944,1897,1793,3242,3146,1688,1035,788,1710,824,1523,2248,1204,1639,1361,1745,1800,1309,1459,2441,1259,844,1651,1806,1847,10258,1535,1370,1312,12873,1987,2202,28096,1404,1482,1713,1689,1546,1001,1505,1453,1517,1782,1809,1464,2432,1904,13689,1684,2296,1947,1385,1617,1664,2066.625,10471.125,6268.875,1418.875,1479.75,1449.3125,3278.1875,3716.8125,3497.5,Good,ANV82ST8QDXV9,28,,50,38,31,36,22,25,24,26
60,1,23,1,american,White,5,1,1,1,1,1,1,1,1,1,1,1,1,1,1,1,1,1,1,1,1,1,1,1,1,1,1,1,1,1,1,1,1,1,1,1,1,1,1,1,1,1,1,1,1,1,1,1,1,1,1,1,1,1,1,1,1,1,1,1,1,1,1,1,1,1,1,1,1,1,1,1,1,1,1,AllLaunch,3944,59632,2221,15369,1849,32983,1884,2111,2816,2638,2192,1995,7580,220746,2035,8777,78524,1975,2357,2099,2270,2019,3366,1826,13944,1497,1877,56618,2195,2154,11920,3152,2159,2087,9792,4624,9565,2117,4002,2213,2176,4509,129883,1993,2270,2737,2570,2181,2823,12537,2203,2213,27582,2484,2449,1865,9355,2367,21606,2450,2158,46363,2359,2708,3065.125,43031.375,23048.25,14556.625,8917.5,11737.0625,14559.5,5965.5,10262.5,GOOD SURVEY,A6UW6OVGUK8IK,29,,52,36,31,35,27,28,28,28
61,1,26,1,USA,White,7,1,0,0,1,0,1,1,0,0,1,0,0,1,0,1,1,0,1,1,0,1,0,1,0,1,0,1,1,1,0,1,0,1,0,1,0,1,0,0,0,1,0,1,1,1,1,1,0,1,0,1,0,0,0,1,0,1,1,1,0,1,0,0,1,0.5,0.5,0.5,0.5625,0.875,0.25,0.53125,0.8125,0.25,1,0,2028,2128,1289,2032,2973,2055,119349,2942,2321,14627,1856,1594,1992,4255,1621,1399,1707,1804,1663,2010,2932,1547,2622,1697,3262,3123,2087,1488,1927,2045,1968,1531,5601,23318,2114,1657,2817,2712,2065,2510,2073,2520,1816,3877,1754,4302,2285,2282,1917,3151,2256,2352,3611,1431,1826,2184,1536,2452,2020,2126,1943,1638,1861,35137,16678.625,3879,10278.8125,2271,1905.625,2088.3125,2343.4375,5853.0625,4098.25,Good,A3353C3WYAR1XU,25,,45,35,23,44,21,21,22,22
62,0,25,2,U.S.Citizen,White,9,1,1,1,1,1,1,1,1,1,1,1,1,0,1,1,1,1,1,1,1,1,1,0,1,1,1,1,1,1,1,1,1,0,0,0,0,0,0,0,0,0,0,0,0,0,0,0,0,0,0,0,0,0,0,0,0,0,0,0,0,0,0,0,0,0.9375,0.875,1,0.9375,0.875,1,0,0,0,1,0,7152,1877,8091,1406,1434,1330,1127,1363,1414,1074,1761,2257,1744,1345,6554,2499,1430,3675,1817,4315,3521,3726,2800,3948,1594,1385,1155,1518,1323,3616,1824,1310,1423,2520,3240,1650,4370,1119,1633,1006,1220,1279,1770,7677,1773,44568,1379,1164,4167,1496,1204,1313,1673,1724,1764,1587,2659,2284,2341,2265,1393,1255,97152,1547,3659.625,1643.875,2651.75,1933,2936.625,2434.8125,8072.5625,4653.375,6362.9688,good,A37A9TP6F6S9IB,21,,49,40,26,41,26,25,21,24
63,1,24,1,American,Black or African American,4,0,1,0,1,0,1,0,1,0,1,0,1,0,0,1,1,1,1,0,1,0,1,1,1,0,1,0,1,0,1,0,1,1,1,1,1,1,1,1,1,1,1,1,1,1,1,1,1,1,1,1,1,1,1,1,1,1,1,1,1,1,1,1,1,0.5,0.125,0.875,0.625,0.25,1,1,1,1,1,0,1515,2584,2063,3966,2309,1697,7965,7662,2883,3735,1789,1631,2341,4130,4102,5462,1660,118389,3424,1755,237407,20305,3648,1245,1911,3469,3940,4979,2531,1556,2251,2894,1907,2146,2190,3142,2957,5581,1645,1565,2422,2963,931,1347,1786,1042,179300,1900,2807,2865,1080,1860,1492,5076,1429,1410,4109,44295,2079,1586,2538,1963,128927,2809,3120.875,3858.375,3489.625,32096.5,19324,25710.25,21099.9375,5096.875,13098.4062,,A2T1OFT6T845KR,5,,1,57,25,40,23,24,26,28
64,0,27,1,USA,Hispanic or Latino,6,0,0,0,0,0,0,0,0,0,0,0,0,0,0,0,0,0,0,0,0,0,0,0,0,0,0,0,0,0,0,0,0,1,1,1,1,1,1,1,1,1,1,1,1,1,1,1,1,1,1,1,1,1,1,1,1,1,1,1,1,1,1,1,1,0,0,0,0,0,0,1,1,1,1,0,1797,1641,6773,4813,1802,2179,2237,8333,4723,1213,1997,13234,1504,7945,2237,2552,2374,1178,1234,25806,1467,1178,4106,19157,1424,2355,1365,1225,5115,6574,3946,1447,10443,5742,6133,1113,1928,1208,7698,1582,1155,1385,1440,4013,2147,4316,13372,1494,1855,3414,1573,2535,1333,15951,11895,2657,1891,10081,1722,5467,2495,1293,1241,18905,2883.75,5238.75,4061.25,2628.875,7365,4996.9375,4270.0625,5072.25,4671.1562,GOOD,A2J12UZ2DPDNCT,26,,47,38,35,35,26,23,26,26
65,1,26,2,USA,White,6,1,1,1,1,1,1,1,1,1,1,1,1,1,1,1,1,1,1,1,1,1,1,1,1,1,1,1,1,1,1,1,1,0,0,0,0,0,0,0,0,0,0,0,0,0,0,0,0,0,0,0,0,0,0,0,0,0,1,0,0,0,0,0,0,1,1,1,1,1,1,0.03125,0,0.0625,1,0,1381,2496,717,1094,520,1790,3106,663,2111,645,1078,1059,14600,824,858,2551,785,1580,817,2112,713,8892,870,962,615,1038,946,1319,1434,744,976,1334,1013,530,559,827,1118,1015,971,621,1246,1398,942,1375,794,515,895,1183,818,825,1539,999,1012,6012,1282,784,834,530,1095,932,935,877,758,972,3046.375,1390.25,2218.3125,894.5,2247.625,1571.0625,988.1875,1212.1875,1100.1875,Good,A2LS8X6OLHUIYL,22,,50,31,25,40,18,17,18,18
66,1,23,1,American,White,7,0,0,1,0,0,0,0,0,0,1,1,0,0,0,0,0,0,0,0,0,0,0,0,0,0,0,0,0,0,0,0,0,1,0,1,1,1,1,1,1,1,1,1,1,1,1,1,1,1,1,1,1,1,1,1,0,1,1,1,1,1,1,1,1,0.1875,0.25,0.125,0,0,0,0.9375,1,0.875,1,0,3100,2649,4011,1556,4129,2524,5142,2075,1851,1251,1276,9968,6891,12594,14529,1715,2658,119553,6117,2168,2173,4915,2574,2161,5997,5004,4456,1892,2800,7221,3510,2578,14799,2144,4014,63272,7694,7351,3549,5883,2086,3469,2045,2254,3135,10911,3808,28896,1516,2083,4870,9534,1290,5033,4683,2395,2527,13924,38329,1760,2184,5420,63989,3523,5116.125,4291.5,4703.8125,3785.625,18186.5,10986.0625,10032.375,10490.75,10261.5625,good survey,A2GDRG9VOOIMRU,28,,50,39,37,33,29,28,32,30
67,1,30,1,AMAERICAN,White,10,1,1,1,1,1,0,0,1,1,1,1,0,1,1,0,0,1,0,1,1,1,0,0,1,0,0,1,0,0,0,1,1,1,1,1,1,0,1,1,1,1,1,0,1,1,1,1,1,1,1,1,0,0,1,1,1,1,1,1,1,1,0,1,0,0.6875,0.75,0.625,0.5,0.625,0.375,0.8125,0.8125,0.8125,1,0,4248,1840,1572,2106,1968,1820,1834,3210,22709,2097,5809,1851,1976,4017,1734,1859,1507,1215,2240,6549,1881,2185,3459,2442,936,2153,1739,3733,1496,2088,2054,1791,1544,2254,3408,1265,1388,1839,1839844,2568,3346,2715,2195,1190,2221,2253,2454,4288,2182,3326,2295,1718,2040,923,1921,2848,2234,2190,1833,1374,2912,1766,1780,2238,5231.25,2350,3790.625,1914,2769.5,2341.75,117099.8125,2172.1875,59636,GOOD,AJFYQOPDMGLHW,15,,43,33,25,33,21,20,21,24
68,1,26,2,USA,White,8,1,1,1,1,1,1,1,1,1,1,1,1,1,1,1,1,1,1,1,1,1,1,1,1,1,1,1,1,1,1,1,1,1,0,0,0,0,0,0,0,0,0,0,1,0,0,0,0,0,0,0,0,0,0,0,0,0,0,0,0,0,0,0,1,1,1,1,1,1,1,0.09375,0.0625,0.125,1,0,1710,983,959,648,1282,888,1454,869,1108,1373,1037,1292,1461,906,1619,984,1647,1048,1963,896,1075,857,958,718,589,1381,840,3827,1381,913,787,952,699,1170,960,1033,998,1263,2150,1302,969,1005,619,600,1009,1280,1214,1146,620,1620,1074,914,905,781,1042,1101,1466,6716,989,1273,963,3904,1039,1721,1328.75,992.875,1160.8125,1155,1324,1239.5,1044.75,1676.8125,1360.7812,GOOD,A1GP5TMETA533V,22,,48,32,25,36,20,19,19,19
69,1,23,1,American,White,5,1,1,1,1,1,1,1,1,1,1,1,1,1,1,1,1,1,1,1,1,1,1,1,1,1,1,1,1,1,1,1,1,1,1,1,1,1,1,1,1,1,1,1,1,1,1,1,1,1,1,1,1,1,1,1,1,1,1,1,1,1,1,1,1,1,1,1,1,1,1,1,1,1,1,AllLaunch,1185,4199,824,833,818,1177,937,999,1221,5624,944,910,827,881,1336,1055,1489,1120,835,236679,1226,2722,1293,975,2725,833,1192,844,858,132998,865,2602,913,1029,848,974,1815,836,1491,647618,855,853,1335,1236,782,1187,1256,909,910,837,2166,888,880,913,849,897,954,1052,1199,1356,4161,1171,1207,1037,1011.5,1959.75,1485.625,1310.375,47346.625,24328.5,1351.3125,41424.5625,21387.9375,GOOD SURVEY,A3N843LIEJMFT8,30,,48,35,34,32,27,27,28,25
70,1,29,1,American,White,5,1,0,0,0,0,0,0,0,0,0,0,0,0,0,0,0,0,0,0,0,0,0,0,0,0,0,0,0,0,0,0,0,1,1,1,1,1,1,1,1,1,1,1,1,1,1,1,1,1,1,1,1,1,1,1,1,1,1,0,1,1,1,1,0,0.0625,0.125,0,0,0,0,0.9375,0.9375,0.9375,1,0,2166,1460,419,1236,1993,3225,9604,3692,2388,496,1869,1227,2053,1457,521,1160,507,671,2451,444,2189,3092,603,1255,1012,962,617,1072,595,859,1376,465,1168,1776,1440,1360,1006,2993,387,437,1798,1157,1689,1334,1226,698,908,650,568,2090,915,661,1731,2540,690,1604,825,1047,504,1433,1057,937,1859,1706,2626.625,1744.125,2185.375,1168.75,1102.5,1135.625,1110.6875,1401.4375,1256.0625,This work was very realistic,A2US44U9XJ2KXF,17,,43,27,19,38,13,14,19,14
71,1,30,2,White,White,8,0,0,0,0,0,0,0,0,0,0,0,0,0,0,0,0,0,0,0,0,0,0,0,0,0,0,0,1,0,0,0,0,1,0,1,1,1,1,1,1,1,1,1,1,1,1,1,1,1,1,1,1,0,1,1,1,1,1,1,1,1,1,1,1,0,0,0,0.0625,0,0.125,0.9375,0.9375,0.9375,1,0,955,1096,1041,898,1322,1073,1149,1145,926,991,925,1284,958,1160,1391,930,945,1135,995,1149,1058,1398,864,851,993,856,912,1307,1048,841,1130,905,1270,681,946,924,1223,1135,962,1003,1115,911,1105,1342,1154,2193,1071,994,1018,1170,1112,1115,1003,1124,1158,1106,1108,961,1024,912,1264,890,1164,1221,1083.375,1072.125,1077.75,993.125,1055.25,1024.1875,1106.0625,1105.125,1105.5938,GOOD,A2ZXHQJNWSJND7,22,,45,36,27,38,25,25,26,25
72,1,20,1,American,White,5,1,1,1,1,1,1,1,1,1,1,1,1,1,1,1,1,1,1,1,1,1,1,1,1,1,1,1,1,1,1,1,1,0,1,0,0,1,0,1,1,1,0,0,1,1,0,1,1,0,0,0,0,0,0,0,1,1,1,1,1,1,1,0,1,1,1,1,1,1,1,0.53125,0.5,0.5625,1,0,934,990,1197,903,1440,1146,757,7564,895,16217,1679,986,1167,978,3199,1142,6919,1229,1041,1718,1098,4412,854,2495,854,827,1055,2126,1020,846,2148,1786,1785,3408,2006,1378,2026,5456,1982,1804,2795,2394,4214,4918,861,3136,5452,2775,1463,3916,1746,2260,1642,2401,1659,2817,1647,1427,1355,921,3712,4221,14932,7080,1408.5,3740.75,2574.625,1873.625,1929.875,1901.75,3079.8125,3144.5,3112.1562,No,A1UJWR5MS1ASQV,15,,37,34,24,40,27,24,30,31
73,0,25,2,USA,White,9,1,1,1,1,1,1,1,1,1,1,1,1,1,1,1,1,1,1,1,1,1,1,1,1,1,1,1,1,1,1,1,1,0,0,0,0,0,0,0,0,0,0,0,0,0,0,0,0,0,0,0,0,0,0,0,0,0,0,0,0,0,0,0,0,1,1,1,1,1,1,0,0,0,1,0,14134,1238,1247,1231,1813,3623,1093,1407,1389,1044,3126,961,4315,1502,4282,1622,1346,1483,1664,1174,1662,1222,1322,5020,1223,1548,2300,892,3897,2543,927,2113,1533,1343,1251,1720,1455,2904,6274,1289,1389,1180,2449,3156,1002,1023,1270,1220,1349,1494,2479,1709,1145,1045,1234,2341,1489,1049,1391,1312,893,1572,1760,1356,3924.875,1578.5,2751.6875,1792.625,1999.375,1896,1772.6875,1607.0625,1689.875,Good,A1TBIJ2KCJMM5O,19,,49,31,23,39,18,18,19,18
74,1,24,1,American,White,7,0,1,1,1,1,1,1,1,1,1,1,1,1,1,1,1,1,1,1,1,1,0,1,1,1,1,1,1,1,1,1,1,1,1,1,1,1,1,1,0,1,1,1,1,1,1,0,1,1,1,1,1,1,0,1,1,1,1,1,1,1,1,0,1,0.9375,0.875,1,0.9375,1,0.875,0.875,0.875,0.875,1,0,509,292,22138,338,2073,915,496,1712,501,120311,663,587,709,312,461,267,507970,689,1425,1546,198,284,1786,536,10072,159,268,746,309,710,322,754,994,18196,151,380,1070,1394,1396,389,438,1298,290,544,588,382,498,2000,927,246,159,432,302,720,1793,2009,1557,1405,407,1148,340,412,1637,147,3443.75,15591.75,9517.75,65293.75,678,32985.875,784.1875,1943.875,1364.0312,good,ADJCLBRKVM2KZ,26,,46,38,27,43,28,28,26,26
75,0,26,2,American,White,8,1,0,1,1,0,1,1,0,0,1,0,0,1,1,0,1,1,0,0,0,1,1,0,0,1,0,1,1,1,1,0,0,0,1,1,1,1,0,1,1,1,0,1,0,1,0,1,1,1,1,1,1,0,1,1,1,1,1,0,1,1,1,1,1,0.5625,0.5,0.625,0.5,0.625,0.375,0.78125,0.8125,0.75,1,0,794,1841,978,838,994,679,766,841,2018,601,2334,1115,130,665,753,665,780,708,2112,2473,286,625,519,704,833,271,6035,6952,950,1190,802,652,1980,9649,1433,715,807,692,232,961,1619,656,828,825,848,754,1025,2019,1119,832,1032,755,1345,899,1082,732,878,850,724,206,1027,772,946,883,1095.875,905.625,1000.75,1539.625,1696.875,1618.25,1057.8125,1387.5,1222.6562,good,A918XOZOHIXOD,22,,50,35,26,37,20,22,22,21
76,0,30,1,american,White,8,0,1,0,0,0,1,1,0,0,0,0,0,0,0,0,0,1,0,0,0,1,0,1,0,0,0,1,1,0,0,0,1,0,1,1,1,1,1,0,0,1,1,1,1,1,1,1,1,1,1,1,1,1,0,0,1,1,0,1,1,0,1,0,1,0.1875,0.125,0.25,0.375,0.5,0.25,0.75,0.6875,0.8125,1,0,891,9345,945,1448,9481,965,739,1741,13040,1070,1342,759,785,1100,1181,13574,3548,1091,1357,3448,766,7540,946,1079,951,1298,2315,1179,1224,1242,5153,2188,7926,1425,1268,1381,1377,1171,1196,1431,1732,1819,830,1063,806,1359,2309,1251,1736,1061,733,4465,2359,1625,855,15274,1253,1777,17485,1138,968,12003,4625,931,3550.5,3750.25,3650.375,2032.5,2383.125,2207.8125,2966.125,3073.375,3019.75,nice survey,A1QQYV5X5PUKPI,23,,46,34,33,33,30,23,27,28
77,1,23,1,American,White,5,1,1,1,1,1,1,1,1,1,1,1,1,1,1,1,1,1,1,1,1,1,1,1,1,1,1,1,1,1,1,1,1,1,1,1,1,1,1,1,1,1,1,1,1,1,1,1,1,1,1,1,1,1,1,1,1,1,1,1,1,1,1,1,1,1,1,1,1,1,1,1,1,1,1,AllLaunch,982,688,852,1066,858,2064,964,936,882,934,968,820,811,891,860,1251,4108,3310,740,846,3501,840,884,858,902,3482,765,10361,3604,947,1751,2670,1202,2690,1359,1048,927,961,950,860,825,1233,842,1097,797,571,1839,1886,808,887,5149,704,937,3687,1641,8152,786,1247,729,857,6948,2738,1762,899,897.125,1081.25,989.1875,2031.875,2914.25,2473.0625,1718.8125,1844.8125,1781.8125,GOOD SURVEY,A1M8K3X5V9GKTF,30,,43,35,27,45,21,19,23,20
78,1,24,2,White,White,10,0,0,0,0,0,0,0,0,0,0,0,0,0,1,0,0,0,0,0,0,0,0,0,0,0,0,0,0,0,0,0,0,1,1,1,1,1,1,1,1,1,1,1,1,1,1,1,1,1,1,1,1,1,1,1,1,1,1,1,1,1,1,1,1,0.0625,0,0.125,0,0,0,1,1,1,1,0,1090,2596,1146,1160,1031,969,779,1336,1577,1477,1059,1323,1085,795,1171,922,1339,1065,6795,1677,17738,849,817,803,1003,1091,1025,1305,1457,781,1163,1274,1042,1659,1177,1088,1102,2347,1288,1121,25553,1691,1131,20384,1413,925,7795,953,1076,878,2157,1377,1421,962,1145,1210,1244,1411,1161,1267,1160,1394,1114,981,1117.25,1322.25,1219.75,3917.125,1105.625,2511.375,3186.1875,2478,2832.0938,GOOD,A1Q6BI8YZ2XSJR,25,,47,36,29,36,27,27,27,26
79,1,23,1,american,White,8,0,1,1,1,0,1,0,1,0,1,0,1,0,1,1,1,0,1,0,1,0,1,1,1,1,1,0,1,1,1,1,1,1,1,1,1,0,1,0,1,1,1,0,1,0,1,0,1,1,1,1,1,0,1,0,1,0,1,0,1,1,1,0,1,0.625,0.25,1,0.75,0.5,1,0.6875,0.375,1,1,0,2937,2496,5572,19244,3839,1903,12085,5181,6631,14628,5130,3112,9938,2890,16007,3329,6606,32085,1854,2314,6104,2893,26098,2332,7974,2170,4045,7373,7403,3828,6854,1503,2246,2821,2506,2172,2982,4161,6585,1690,6757,2129,2730,2868,1954,2264,6640,3295,2390,4954,3318,2687,14979,1722,1839,2552,3070,1723,2666,4486,2651,2269,5622,11549,7767.375,6597.875,7182.625,8367.25,6812.25,7589.75,4308.4375,3333.875,3821.1562,interesting task,A2FK6782M09EBO,15,,41,39,24,32,27,26,32,25
80,1,30,1,American,White,8,1,1,1,1,1,1,1,1,1,0,1,1,0,1,1,1,0,0,1,1,1,0,1,1,1,1,1,1,0,1,1,1,1,1,1,1,1,1,0,1,1,1,1,1,1,1,1,1,1,1,1,1,1,1,1,1,1,1,1,0,1,1,1,1,0.875,0.875,0.875,0.75,0.75,0.75,0.9375,0.9375,0.9375,1,0,1919,757,1452,1761,668,1377,6060,1297,847,689,1673,501,528,22073,735,4843,1058,1126,1347,927,551,706,441,658,605,250,626,1403,305,9351,498,1850,566,545,186,9834,229,435,182,1280,601,519,562,683,731,682,1864,1307,2121,1904,385,503,446,513,1319,1111,1697,455,2334,671,1003,430,505,431,1735.25,4162.25,2948.75,678.875,2033.875,1356.375,920.6875,1331.4375,1126.0625,good,AVEUOIZ1BBTDW,26,,45,33,30,37,23,31,28,29
81,1,32,1,usa,White,8,1,1,1,1,1,0,0,0,1,1,1,1,1,1,0,1,0,1,0,1,1,1,1,1,1,1,0,1,0,1,0,1,1,0,1,1,1,1,0,1,1,1,1,1,1,0,1,1,1,1,0,0,1,1,1,0,0,1,1,1,0,1,1,1,0.75,0.75,0.75,0.6875,0.375,1,0.75,0.75,0.75,1,0,200909,506,737,841,410,4632,848,729,501,1105,1131,743,954,9057,899,659,826,7379,1160,543,450,396,762,386,1522,1216,788,1066,1032,895,699,450,912,713,788,784,944,507,261,802,1000,731,794,1187,1407,786,651,473,436,1347,365,797,1908,814,737,729,171,802,1132,475,1195,1072,803,680,25798.625,2284,14041.3125,904.875,1541.375,1223.125,844,793.6875,818.8438,good,AMTLIDTSKW9FY,28,,53,29,29,41,26,26,27,24
82,1,25,1,ameriacn,White,8,1,1,1,1,1,1,1,1,1,1,1,1,1,1,1,1,1,1,1,1,1,1,1,1,1,1,1,1,1,1,1,1,1,1,1,1,1,1,1,1,1,1,1,1,1,1,1,1,1,1,1,1,1,1,1,1,1,1,1,1,1,1,1,1,1,1,1,1,1,1,1,1,1,1,AllLaunch,203,5300,5370,248,41209,4998,7850,115,2033,286059,170,753,169,143875,4090,136,192,300,146,250,121493,120,258,4891,267,206,171,304,274,160,219,105,891,6968,216,151,1404,321,310,553,186,130,154,315,1345,96,9978,724,5048,352,201,95,122,7769,289,866,2049,165,277,141,169,104,146,177,7636.75,55185.5,31411.125,15377.5,792,8084.75,1424.0625,1182.9375,1303.5,good,A1FSIQ92KO75FG,22,,52,31,20,35,10,7,9,10
83,1,26,1,USA,White,6,1,0,0,0,1,0,1,0,1,0,1,0,0,0,1,0,1,0,0,0,1,0,1,0,0,0,1,0,0,0,1,0,1,0,1,0,0,0,1,0,0,0,1,0,0,0,0,0,1,0,1,0,1,0,0,0,1,0,0,0,1,0,1,0,0.375,0.75,0,0.3125,0.625,0,0.3125,0.625,0,1,0,1510,1726,1671,1739,1539,1912,1725,1405,2434,1892,2438,1694,1429,1846,1813,1598,1578,1528,1406,1493,1952,1504,1487,1734,2039,3334,1504,143104,1652,1900,3198,1729,1410,1529,1714,1724,1860,1895,1832,1379,1687,4328,1391,1899,1590,1694,1559,1707,2360,1745,1785,207879,1676,1461,2830,1372,1874,1488,1507,1602,1597,1657,2247,1602,1819.875,1726.5,1773.1875,1852,19540.75,10696.375,1807.4375,14685.0625,8246.25,GOOD,AOQU769ZT0JSD,23,,52,38,21,37,22,26,23,21
84,1,30,2,American,White,3,0,0,0,0,0,0,0,0,0,0,0,0,0,0,0,0,0,0,0,0,0,0,0,0,0,0,0,0,0,0,0,0,1,1,1,1,1,1,1,1,1,1,1,1,1,1,1,1,1,1,1,1,1,1,1,1,1,1,1,1,1,1,1,1,0,0,0,0,0,0,1,1,1,1,0,2111,72526,3075,5720,1433,8783,5237,2673,2082,2826,3264,3493,4654,13825,1691,1858,1504,4749,2437,3782,2163,3252,1390,2591,1344,1702,2128,5218,1685,1717,1496,2353,2513,2051,2523,2479,1630,9809,1727,1572,2229,2159,1687,2600,1549,1774,3141,1430,3053,1355,2213,4870,9920,1908,8040,2760,3299,1547,1265,4302,1581,1192,5067,1865,2943.375,13963,8453.1875,1768.375,3170.5,2469.4375,3214.8125,2729.5625,2972.1875,informative study,A2J5HVBN88MDDG,26,,46,34,33,31,30,26,26,29
85,1,30,1,white,White,6,1,1,1,1,0,0,0,1,0,1,1,0,0,0,0,1,0,1,0,0,1,0,0,1,0,0,0,0,1,0,1,1,0,1,1,1,0,0,1,0,1,1,0,1,0,1,0,1,1,1,1,1,0,0,0,0,0,0,0,1,1,1,1,0,0.5,0.375,0.625,0.375,0.375,0.375,0.53125,0.4375,0.625,1,0,1104,509,516,766,347,224,403,754,693,410,1143,209,980,418,4197,769,830,3288,786,1220,677,424,601,666,321,196,2527,498,712,476,281,214,335,618,251,301,152,482,328,468,546,440,720,898,1457,691,1099,569,319,928,255,491,327,494,453,287,1123,320,290,625,1482,255,275,145,1172.875,507.375,840.125,841.875,872.75,857.3125,588.25,500.75,544.5,GOOD,ANB4KEJIENCM1,17,,36,24,24,46,22,24,24,23
86,1,24,1,white,White,9,1,1,1,1,1,1,1,1,1,1,0,1,1,1,0,1,1,1,1,1,1,1,1,1,1,1,1,1,1,1,1,1,1,1,1,1,1,1,1,1,1,1,1,1,1,1,1,1,1,1,1,1,1,1,1,1,1,1,1,1,1,1,1,1,0.875,0.75,1,1,1,1,1,1,1,1,0,3337,797,1528,722,783,712,803,662,968,2195,1393,909,795,588,1812,890,1003,882,690,840,774,1367,983,611,828,801,784,728,1071,29825,702,803,2316,1626,769,723,914,902,727,625,665,633,850,784,860,806,764,818,738,831,681,849,850,2186,663,1025,846,4106,837,1066,788,703,827,1038,1427.375,934.375,1180.875,854.375,4482.125,2668.25,880.9375,1170.0625,1025.5,good,AD0WW5V58J7CV,22,,56,31,28,37,27,24,23,27
87,1,26,2,USA,White,10,1,1,1,1,1,1,1,1,1,1,1,1,1,1,1,1,1,1,1,1,1,1,1,1,1,1,1,1,1,1,1,1,0,0,0,0,0,0,0,0,0,0,0,0,0,0,0,0,0,0,0,0,0,0,0,0,0,0,0,0,0,0,0,0,1,1,1,1,1,1,0,0,0,1,0,918,1047,841,1303,910,1175,1385,834,1157,1346,3129,1206,976,12696,1119,1610,1086,995,994,1009,1809,1218,847,1171,1199,1037,794,1413,1057,1242,1078,915,5875,1148,911,1139,1284,988,1431,1186,2823,1309,1183,1550,1645,1408,1383,1420,1369,1472,1168,985,1131,1160,1161,1249,1380,1495,1534,1376,1228,2058,1087,1189,1304.375,2652.125,1978.25,1108,1125,1116.5,1662.0625,1320.75,1491.4062,GOOD,A2F1VWINKE769G,21,,51,33,25,38,20,19,19,21
88,1,25,2,American,White,5,0,0,0,0,0,0,0,0,0,0,0,0,0,0,0,0,0,0,0,0,0,0,0,0,0,0,0,0,0,0,0,0,0,0,0,0,0,0,0,0,0,0,0,0,0,0,0,0,0,0,0,0,0,0,0,0,0,1,0,0,0,0,0,0,0,0,0,0,0,0,0.03125,0,0.0625,1,0,3470,7555,2710,1836,1393,5269,2350,1200,2541,3522,1378,6855,4335,1618,3763,1613,4387,5983,2052,1666,4917,3748,1391,5859,1888,2128,3986,3472,1744,1195,3857,2255,3875,6078,6612,1310,1730,1679,1374,12293,3393,1888,2675,2162,6899,912,1315,2398,1950,1363,2416,4661,1315,2466,2560,1361,1343,27924,1757,1089,1291,1072,3297,1264,2742.5,3683.5,3213,3027.75,3288.25,3158,2737.625,4370,3553.8125,None,A2J4GCDXLDHYXX,14,,48,34,25,41,21,19,20,20
89,1,30,1,WHITE,White,3,0,0,1,1,0,1,0,1,0,0,1,1,1,1,0,0,0,0,0,1,1,0,1,1,1,0,0,1,1,1,1,0,0,1,0,1,1,1,1,1,1,0,1,1,1,0,1,1,1,1,1,1,1,1,1,1,0,0,1,1,1,0,1,1,0.5,0.375,0.625,0.5625,0.625,0.5,0.78125,0.8125,0.75,1,0,597,475,1348,792,480,1236,1218,386,454,779,457,791,4476,578,126,434,536,706,919,251,1131,1132,266,922,146,4219,434,705,418,572,569,177,1027,1461,561,265,849,882,423,598,863,408,312,407,666,644,8035,474,187,1760,844,904,384,453,1066,354,138,805,289,272,440,233,388,203,1144.5,683.875,914.1875,552.375,1085.5,818.9375,1029.5,632.6875,831.0938,GOOD,A2XLIB5Y2QSM8P,19,,46,30,21,35,22,24,23,26
90,0,25,1,USA,White,7,0,0,0,0,0,0,0,0,0,0,0,1,0,0,0,0,0,0,0,0,1,0,0,0,0,0,0,0,0,0,0,0,1,1,1,1,1,1,1,1,1,1,1,1,1,1,1,1,1,1,1,1,1,1,1,1,1,1,1,1,1,1,1,1,0.0625,0,0.125,0.0625,0.125,0,1,1,1,1,0,1564,640832,1802,2583,2143,1358,3815,1673,1667,101207,1707,2558,4627,1739,2101,2425,2824,3406,1343,3066,39910,2456,8359,1545,2020,2730,1856,2431,1463,5087,123154,1842,2390,370495,6872,1662,1981,1345,1835,1714,1641,1856,1739,1624,2646,2636,1809,1930,1496,1903,2962,1808,1779,1344,2167,6955,3465,1786,2502,1850,4143,2591,2088,1568,2428.25,94296.875,48362.5625,22616.125,2820.375,12718.25,2594.6875,25191.6875,13893.1875,GOOD SURVEY,A16B7ZNV276IJA,27,,46,36,32,33,28,28,29,24
91,1,26,2,USA,White,7,1,1,1,1,1,1,1,1,1,1,1,1,1,1,1,1,1,1,1,1,1,1,1,1,1,1,1,1,1,1,1,1,0,0,0,0,0,0,0,0,0,0,0,0,0,0,0,0,0,0,0,0,0,0,0,0,0,0,0,0,0,0,0,0,1,1,1,1,1,1,0,0,0,1,0,1876,4522,9962,1192,4019,1661,1591,5837,6262,1782,2232,1315,3439,3154,1108,1652,4407,2280,1127,1891,8174,4525,8154,1060,11407,6285,1073,754,7679,7233,5001,762,1258,1526,1467,8756,5092,6976,14537,3378,7728,1746,915,3532,1361,3951,2284,882,1499,1232,1343,1208,1231,3944,1284,1905,962,2048,1366,1429,2228,3048,5741,1094,3811.125,2639.375,3225.25,5877.75,3098.75,4488.25,3143.5,2915.9375,3029.7188,good,A2CES7YUJHWXXW,22,,48,31,25,36,18,19,16,18
92,1,30,1,white,White,6,0,1,1,1,1,0,1,0,1,0,1,1,0,0,1,1,1,1,1,1,1,0,1,0,1,1,0,0,0,0,0,1,1,1,1,1,1,0,0,1,0,0,0,0,1,1,0,1,0,0,1,1,1,0,0,1,0,0,0,1,0,0,1,0,0.625,0.75,0.5,0.5625,0.625,0.5,0.46875,0.4375,0.5,1,0,2668,292,906,531,818,1049,310,457,410,745,1332,1444,851,552,1148,322,467,878,2998,2360,517,895,623,366,390,1527,550,1290,922,680,882,601,704,876,877,1320,1077,410,4900,1102,1231,1292,264,330,1484,774,1895,975,1255,297,1274,702,1343,928,497,2728,1036,1848,1239,1427,1068,3205,1857,358,1055.375,674,864.6875,918.625,1074.625,996.625,1375.0625,1160.75,1267.9062,GOOD,A1HHSC58C8R2Q0,24,,44,32,20,45,20,27,12,19
93,0,23,2,US,White,10,1,1,1,1,1,1,1,1,1,1,1,1,1,1,1,1,1,1,1,0,1,1,1,1,1,1,1,1,1,1,1,1,0,0,0,0,0,0,0,0,0,0,0,0,0,1,0,0,0,0,0,0,0,0,0,0,0,0,0,0,0,0,0,0,1,1,1,0.9375,1,0.875,0.03125,0,0.0625,1,0,1118,1293,1051,1469,721,1727,1300,1324,1824,1514,1014,974,1683,1350,898,1206,1173,739,852,3753,10984,776,834,1253,1547,2030,1231,1164,1077,1336,2166,1092,1234,1330,17763,836,791,1209,2337,1379,2500,1374,1448,1142,1317,811,1348,1405,1341,1580,969,927,1486,755,1252,1014,6655,1237,1292,1308,1117,1255,908,1630,1201.125,1357.125,1279.125,2483,1517.875,2000.4375,2734.875,1199.5,1967.1875,good,A2WPZKRZKY95B7,26,,49,39,34,38,29,27,28,25
94,1,32,1,usa,White,7,1,1,0,0,1,0,1,1,0,1,1,1,1,1,1,0,1,1,1,1,1,0,1,1,1,0,1,0,1,0,0,1,1,0,1,1,0,1,0,1,0,0,0,1,0,1,0,0,1,0,0,0,0,0,0,1,0,1,0,1,1,1,1,1,0.6875,0.75,0.625,0.6875,0.875,0.5,0.46875,0.3125,0.625,1,0,523,209,431,570,656,522,264,1521,611,902,1829,3279,508,42511,272,1219,324,1296,830,811,735,434,1750,572,167,408,328,311,377,292,726,1853,431,1618999,2869,657,225,132267,4485,3463,1662,458,1415,1587,444,5528,401,1097,355,1233,607,223,513,648,1245,15459,594,217,2041,348,60248,222,1984,908,636.75,6341.625,3489.1875,654.625,747.125,700.875,4969.9375,111457.125,58213.5312,good,A29YXHN06CWTPW,21,,44,29,30,39,27,25,26,25
95,1,24,1,white,White,9,1,1,1,1,1,1,1,1,0,1,1,1,1,1,1,1,1,0,1,1,0,1,1,1,1,1,1,1,1,1,1,1,1,1,1,1,1,1,1,1,1,1,1,1,1,1,1,1,1,1,1,1,1,1,1,1,1,1,1,1,1,1,1,1,0.9375,0.875,1,0.875,0.875,0.875,1,1,1,1,0,564,849,731,714,841,619,3866,827,26030,747,777,910,939,907,715,720,939,2203,859,1218,5355,778,971,1806,863,739,713,3707,776,769,867,891,700,849,763,1678,903,852,760,3030,827,777,846,740,733,1059,802,1010,748,872,780,843,1015,774,762,815,3476,850,1307,772,2363,690,1136,859,4307.875,786.625,2547.25,1417.875,1513.875,1465.875,1120.0625,1029.375,1074.7188,good,A38CX8ZBPVP1Q6,21,,46,28,29,37,21,23,27,24
96,1,26,2,USA,White,10,1,1,1,1,1,1,1,1,1,1,1,1,1,1,1,1,1,1,1,1,1,1,1,1,1,1,1,1,1,1,1,1,0,0,0,0,0,0,0,0,0,0,0,1,0,0,0,0,0,0,0,0,0,0,0,0,0,0,0,0,0,0,0,0,1,1,1,1,1,1,0.03125,0,0.0625,1,0,1380,772,1724,2798,921,1322,1623,1253,1662,1145,1295,731,1191,764,1954,1315,801,1065,1231,1789,1664,1552,1041,1108,765,1032,1168,3205,1019,904,1640,1395,1087,3233,1048,973,1457,1355,1296,2452,882,1295,1357,1525,1241,1334,1212,2091,1131,2090,1447,944,1555,1104,1324,1246,775,2801,1181,1135,733,1434,1122,1161,1468.75,1262.5,1365.625,1166.125,1506.25,1336.1875,1178,1635.8125,1406.9062,GOOD,A1VMS8Z9EBWBR1,21,,49,33,24,38,21,18,21,19
97,1,25,1,American,White,9,1,1,1,1,1,1,1,1,1,1,1,1,1,1,1,1,1,1,1,1,1,1,1,1,1,1,1,1,1,1,1,1,1,1,1,1,1,1,0,1,1,1,1,1,1,1,1,1,1,1,1,1,1,1,1,1,1,1,1,1,1,1,1,1,1,1,1,1,1,1,0.96875,0.9375,1,1,0,208,258,787,970,1123,3945,1083,633,956,482,194,427,1603,624,6543,949,1386,154,2929,926,4195,400,352,757,193,8248,973,696,783,178,741,850,2378,160,1558,984,180,747,1091,970,295,560,950,353,916,387,328,1146,914,1037,10832,799,146,496,843,585,584,843,677,408,234,248,1155,917,1562.125,1036,1299.0625,1444,1526.125,1485.0625,1442.5625,665,1053.7812,good one survey,A1I3Z24C70SS45,18,,54,36,25,36,24,24,24,27
98,0,26,2,USA,White,8,1,1,1,1,1,1,1,1,1,1,0,1,1,1,1,1,1,1,1,1,1,1,1,1,1,1,1,1,1,1,1,1,1,1,1,1,0,1,1,1,0,1,1,1,1,1,1,1,1,1,1,1,1,1,1,1,1,1,1,1,1,1,1,1,0.9375,0.875,1,1,1,1,0.9375,0.875,1,1,0,896,475,442,433,464,542,552,659,598,643,1199,1165,8337,431,381,556,875,946,1274,754,1306,532,496,1481,454,2569,978,430,726,1619,720,512,852,551,574,2417,1115,1004,497,1077,1599,1050,1445,616,2110,742,6941,375,556,521,658,665,2764,1119,423,1640,557,2294,690,565,540,8491,5301,551,1608.625,613,1110.8125,853.625,1105.375,979.5,1663.875,1479.875,1571.875,NICE SURVEY.,A1W5SVMFFOJUED,21,,48,31,26,32,24,27,31,27
99,1,25,1,USA,White,10,1,1,1,1,1,1,1,1,1,1,1,1,1,1,1,1,1,1,1,1,1,1,1,1,1,1,1,1,1,1,1,1,1,1,1,1,1,1,1,1,1,1,1,1,1,1,1,1,1,1,1,1,1,1,1,1,1,1,1,1,1,1,1,1,1,1,1,1,1,1,1,1,1,1,AllLaunch,198,199,264,146,208,186,147,2700,402,212,64,1617,227,203,219,138,242,129,436,114,282,225,178,1659,306,2066,398,297,154,176,304,89,100,138,148,471,185,349,2216,1669,321,83,91,234,220,235,138,250,74,321,115,183,185,244,193,138,240,265,144,1384,188,265,121,206,216.125,675.125,445.625,287.5,594.375,440.9375,292.4375,402.1875,347.3125,GOOD,A1K426Z2IWW4F1,19,,48,29,28,37,26,26,27,26
100,1,24,1,white,White,8,1,1,1,1,1,1,1,1,1,1,1,1,1,1,1,1,1,1,1,1,1,1,1,1,1,1,1,1,1,1,1,1,1,1,1,1,1,1,1,1,1,1,1,1,1,1,1,1,1,1,1,1,1,1,1,1,1,1,1,1,1,1,1,1,1,1,1,1,1,1,1,1,1,1,AllLaunch,1031,886,2691,190188,907,810,1035,1547,811,613,5139,390,675,8671,828,6335,803,752,880,753,900,2425,704,730,853,892,2183,362,702,1001,2810,773,711,1009,682,586,850,2236,912,737,2354,675,833,907,947,4505,930,2994,565,740,1967,816,2314,738,624,538,711,2836,1065,849,1003,682,704,868,1639.625,26180,13909.8125,1229.375,961,1095.1875,1073.25,1357.25,1215.25,good,A3SSZZTJIJLD3Y,20,,44,29,28,33,25,20,27,28
101,1,24,1,WHITE,White,9,0,1,1,1,1,1,1,1,1,0,1,1,1,1,1,1,1,1,1,1,1,1,0,1,0,1,1,0,1,1,1,0,1,1,1,1,1,1,1,1,1,1,1,1,1,1,1,1,1,1,1,1,1,1,1,1,1,1,1,1,1,1,1,1,0.875,0.875,0.875,0.75,0.75,0.75,1,1,1,1,0,1524,1220,801,861,868,852,1457,1841,1945,2303,1003,734,1103,1231,834,753,1079,866,905,896,1954,672,931,1124,2392,781,743,1161,2802,1047,3899,1009,48126,869,1034,1204,877,804,2346,705,1435,765,1111,825,1497,1270,725,771,775,840,837,1291,1277,2376,887,1047,968,896,1101,791,1870,752,953,840,1191.875,1224.375,1208.125,1838.125,944.5,1391.3125,4113.6875,1002.875,2558.2812,good,A1AYHO5T4WYT2V,24,,46,36,29,37,28,24,24,28
102,1,32,1,usa,White,7,0,1,0,1,0,1,1,0,1,0,1,0,1,1,1,1,1,1,0,0,1,1,1,0,1,1,1,1,1,1,1,0,1,0,0,1,1,1,1,1,0,0,0,0,0,1,0,1,0,0,1,1,1,1,0,1,1,1,1,0,0,1,1,0,0.625,0.625,0.625,0.75,0.875,0.625,0.5625,0.5,0.625,1,0,1154,1565,709,74573,951,1091,9757,386,6745,1130,774,351,52098,2523,576,1060,891,16793,863,1161,721,14081,467,819,2507,288,1101,956,321,932,3537,461,1506,227,803,775,337,3194,470,1513,1219,489,690,707,1802,259,344,541,739,443,1169,1306,578,1092,274,234,4697,891,1424,897,906,849,521,849,9095.5,10334.875,9715.1875,1301,4436.375,2868.6875,1092.4375,891.625,992.0312,good,A3ECPU0FSUCJCM,21,,48,37,24,43,26,28,29,22
103,1,24,1,white,White,9,1,1,1,1,1,1,1,1,1,1,1,0,1,1,1,1,1,0,1,1,1,0,1,1,1,1,1,0,0,1,1,1,1,1,1,1,1,1,1,1,1,1,1,1,1,1,1,1,0,1,1,1,1,1,1,1,1,1,1,1,1,1,1,1,0.9375,1,0.875,0.75,0.875,0.625,0.96875,0.9375,1,1,0,867,983,1027,849,996,732,829,890,959,2147,941,2374,848,852,786,751,1219,2592,846,2245,811,1325,1315,812,718,822,1359,1817,47830,888,2004,958,2751,864,866,879,790,1009,790,1889,1626,1850,2410,879,849,878,765,1217,901,983,913,959,1109,2253,1154,930,1105,1943,2310,881,697,1348,1289,1086,906.625,1197.25,1051.9375,7012.75,1432.375,4222.5625,1270.3125,1240.5,1255.4062,good,A31UNWRN3WBLF2,25,,52,37,26,34,24,29,29,26
104,1,32,1,usa,White,7,1,1,1,1,1,1,1,1,0,1,0,0,1,1,1,1,0,1,1,1,0,1,0,0,1,1,1,1,1,1,1,0,1,1,1,1,0,1,1,0,1,1,1,1,1,1,1,1,1,1,0,1,1,1,0,1,1,1,1,1,1,0,1,1,0.8125,0.75,0.875,0.6875,0.625,0.75,0.84375,0.8125,0.875,1,0,15915,305,415,26588,1994,1017,1039,382543,880,667,1471,314,755,667,371,41170,624,899,850,1506,809,336,572,673,739,459,1024,1571,296,597,828,972,739,1050,392,1571,752,26488,1029,509,927,1506,952,696,25450,874,883,447,842,1057,634,731,952,74771,468,458,891,945,799,993,1312,1088,909,17594,2855,56658.875,29756.9375,717.75,876.625,797.1875,2370.6875,8173.625,5272.1562,good,A5FXDEPJJ26Q9,26,,47,37,29,33,28,27,25,25
105,1,25,1,USA,White,10,0,1,1,1,1,1,1,0,1,0,0,1,0,1,1,0,1,1,1,1,0,1,1,1,1,1,0,0,0,1,0,1,0,0,1,1,1,1,1,1,1,1,1,1,1,1,1,0,1,0,1,0,1,1,1,1,1,1,1,1,1,1,0,1,0.625,0.625,0.625,0.6875,0.5,0.875,0.8125,0.875,0.75,1,0,344,477,119,555,335,869,8585,447,311,645,439,1524,289,1043,814,455,800,1076,476,911,245,1498,1653,911,328,506,541,602,605,713,387,213,949,921,823,1364,249,845,381,569,515,833,1016,590,840,155543,302,806,70001,177,433,724,858,9860,233,511,680,460,665,638,155,510,494,1886,1404.5,751.875,1078.1875,629.375,803.75,716.5625,4912.125,11014.8125,7963.4688,GOOD,A3I50BM6PWDIGB,20,,49,38,36,33,28,28,31,30
106,1,25,1,american,White,9,1,1,1,1,1,1,1,1,1,1,1,1,1,1,1,1,1,1,1,1,1,1,1,1,1,1,1,1,1,1,1,1,1,1,1,1,1,1,1,1,1,1,1,1,1,1,1,1,1,1,1,1,1,1,1,1,1,1,1,1,1,1,1,1,1,1,1,1,1,1,1,1,1,1,AllLaunch,203,493,261,115,275,146,117,10787,180,133,194,22850,1151,235,1668,147,168,91,288,251,250,29665,396,226,105,74,163,201,80,530,193,446,578,491,67,116,616,117,14583,226,260,1088,251,3712,8632,355,130,537,536,219,201,474,145,1234,100,8259,194,1481,148,286,294,250,265,162,506.125,4363.25,2434.6875,205.375,3935.5,2070.4375,1687.5,1187.9375,1437.7188,good,A33VXHCFS0E168,19,,64,30,19,36,17,18,10,16
107,1,25,1,AMERICAN,White,8,1,1,1,1,1,1,1,1,1,1,1,1,1,1,1,1,1,1,1,1,1,1,1,1,1,1,1,1,1,1,1,1,1,1,1,1,1,1,1,1,1,1,1,1,1,1,1,1,1,1,1,1,1,1,1,1,1,1,1,1,1,1,1,1,1,1,1,1,1,1,1,1,1,1,AllLaunch,201,336,168,155,4858,266,163,895,171,208,505,359,244,269,1963,204,184,226,577,9412,154,794,127,762,196,194,3610,171,135,218,182,163,202,12281,108,4317,311,141,12409,201,340,153,40022,243,890,188,219,1130,330,115,179,182,7022,284,201,242,127,1079,361,3713,139,469,1587,115,1034.125,336.5,685.3125,645.625,1492.5,1069.0625,4027.9375,1553.3125,2790.625,GOOD,A3PVJQ6NAJZBYR,21,,50,32,19,42,9,12,15,10
108,1,24,1,American,White,8,0,1,0,0,0,1,1,1,1,1,1,0,1,1,0,1,1,1,0,1,0,1,1,1,1,1,1,1,1,1,1,1,1,1,1,0,1,1,1,1,1,1,1,1,1,1,1,1,1,0,1,1,1,1,1,1,1,1,1,1,0,1,0,1,0.625,0.5,0.75,0.875,0.75,1,0.875,0.875,0.875,1,0,674,154,112,1167,136,347,320,8826,321,218,1867,321,222,370,224,7453,474,456,268,1416,135,1481,283,4761,2227,362,2075,383,28077,298,393,1186,962,9967,345,312,138,118545,170,100,1961,460,316,347,2137,219,1394,1624,248,226,233,18491,284,190,299,121,498,337,448,225,1020,2215,292,239,484.5,2357,1420.75,4241.5,1292.875,2767.1875,671.5625,9601.125,5136.3438,Good,AMF4NAITQL7Z6,23,,52,35,34,38,28,28,29,29
109,1,30,1,WHITE,White,7,1,0,1,1,0,0,0,1,1,1,1,1,0,1,0,0,0,1,1,1,0,1,1,0,0,1,1,1,0,1,1,1,1,0,1,1,0,0,1,1,1,1,1,0,0,1,0,1,0,1,1,1,0,1,1,1,0,1,0,1,1,1,1,0,0.5625,0.5,0.625,0.6875,0.5,0.875,0.65625,0.5625,0.75,1,0,261,1377,1810,894,648,166,272,576,292,1330,594,293,210,540,691,211,554,1298,1261,485,631,655,914,274,225,551,200,431,573,535,697,1007,444,349,592,704,186,286,3470,139,1642,130,370,206,2154,392,145,607,507,207,1136,1132,636,373,522,627,683,171,379,1063,1543,429,1018,719,597.25,673.375,635.3125,631.875,654.5,643.1875,964.1875,470.875,717.5312,GOOD,A38XR4TYZAWC6I,13,,52,29,25,40,23,13,25,21
110,1,24,1,white,White,8,1,1,1,1,1,1,1,1,1,1,1,1,1,1,1,1,1,1,1,1,1,1,1,1,1,1,1,1,1,1,1,1,1,1,1,1,1,1,1,1,1,1,1,1,1,1,1,1,1,1,1,1,1,1,1,1,1,1,1,1,1,1,1,1,1,1,1,1,1,1,1,1,1,1,AllLaunch,835,1318,570,1067,910,979,698,673,185970,588,841,776,895,765,777,717,908,714,2866,829,514,739,741,11502,677,766,788,1736,776,726,787,3045,2616,2168,826,853,804,913,387,8077,786,638,762,958,1055,761,908,735,2405,675,965,672,730,375,2514,804,522,884,773,750,770,2142,807,831,23937,860.375,12398.6875,1007.125,2507.125,1757.125,1101.875,1389.75,1245.8125,good,A2LDKQLIOABDRR,23,,49,30,29,39,24,26,27,26
111,1,30,1,WHITE,White,6,0,0,1,1,1,1,0,0,1,0,1,0,0,1,1,1,0,0,0,0,1,1,1,1,0,0,1,1,0,1,0,0,0,1,1,1,0,1,0,0,1,0,1,1,0,0,0,1,0,1,1,0,1,0,0,0,1,0,1,0,0,1,1,1,0.5625,0.625,0.5,0.4375,0.375,0.5,0.5,0.5,0.5,1,0,555,506,1514,712,289,213,418,472,967,402,1419,673,303,1398,229,1378,285,576,728,177,568,7262,2496,603,1251,649,904,682,954,9028,265,392,537,540,443,978,1467,417,744,280,12108,768,323,1432,747,420,318,1667,363,1173,228,840,874,3690,249,469,1372,1638,1242,363,563,655,1111,745,711.75,719.25,715.5,931.375,2421.125,1676.25,1418.0625,1004.6875,1211.375,GOOD,ceqs10ptf6hxcymn4o53yf3g,17,,42,25,23,35,25,17,19,28
112,1,25,1,AMERICAN,White,8,1,1,1,1,1,1,1,1,1,1,1,1,1,1,1,1,1,1,1,1,1,1,1,1,1,1,1,1,1,1,1,1,1,1,1,1,1,1,1,1,1,1,1,1,1,1,1,1,1,1,1,1,1,1,1,1,1,1,1,1,1,1,1,1,1,1,1,1,1,1,1,1,1,1,AllLaunch,274,207,652,2900,225,852,3236,186,377,1018,15104,242,1904,185,143,109963,330,16659,7568,112,308,986,1025,2906,329,278,9820,1369,181,132,379,1115,314,271,433,128,134,779,25731,444,3571,1019,3131,193,2305,1146,28208,319,481,1043,1546,215,243,104,82,269,163,10402,120,852,1417,219,330256,89,2739.375,14444.125,8591.75,2492.5,2944.625,2718.5625,24883.4375,1093.25,12988.3438,GOOD,AWKRYEMLGYX7U,17,,47,33,16,42,12,14,16,13
113,1,23,1,WHITE,White,7,1,1,1,0,0,1,1,1,1,0,1,1,1,0,0,1,1,1,0,1,0,1,1,1,0,1,1,1,1,1,0,1,1,1,0,1,1,1,0,1,0,1,1,1,0,0,1,0,1,1,1,1,1,1,0,0,1,1,1,0,1,0,1,1,0.6875,0.75,0.625,0.75,0.5,1,0.6875,0.6875,0.6875,1,0,147,282,159,719,390,269,452,62,196,664,510,335,1921,783,928,628,906,1775,387,945,1042,593,143,284,610,608,693,570,257,369,538,360,378,267,211,659,1689,836,597,240,534,721,336,722,873,661,439,414,3748,224,722,165,161,501,362,393,409,185,395,1088,1127,637,220,825,587.875,467.75,527.8125,572,688,630,762.5625,533.625,648.0938,GOOD,A1EO7HD58BQXC4,23,,44,36,31,37,26,28,28,28
114,1,24,1,American,White,8,1,1,1,1,1,1,1,1,0,1,1,1,1,1,1,1,1,1,1,1,1,1,1,1,0,1,1,1,1,1,1,1,1,1,1,1,0,1,1,1,1,1,1,1,1,1,1,1,1,1,1,1,1,1,1,1,0,1,0,1,1,1,1,1,0.9375,0.875,1,0.9375,0.875,1,0.90625,0.8125,1,1,0,1161,1747,994,627,530,619,234,497,572,231,1441,1692,791,653,324,143,274,1068,688,275,553,228,1006,1026,465,330,655,1034,469,995,139,787,131,193,93,1787,763,1444,2033,944,89,1034,79,2360,97448,795,223,1297,1313,1003,121,164,1162,208,1074,2522,1347,1840,606,769,274,3019,903,239,755.875,776.125,766,531.125,717.875,624.5,6728.6875,1226.125,3977.4062,good,A3GXCNV1KSZHCQ,25,,49,33,32,38,29,28,29,28
115,1,32,1,usa,American Indian or Alaska Native,7,1,1,1,0,1,1,1,0,1,1,1,1,0,1,0,1,1,0,1,1,0,0,1,1,0,0,1,0,0,1,0,1,1,1,1,1,1,1,1,1,1,1,1,1,0,0,1,0,1,0,1,1,1,1,1,0,0,0,1,0,0,1,1,1,0.75,0.75,0.75,0.5,0.5,0.5,0.71875,0.8125,0.625,1,0,467,617,1081,437,2127,335214,15434,563,379,5896,1291,99815,2246,562,1422,1210,1113,3495,546,601,1593,841,3677,835,491,1272,1663,2495,709,2807,1010,916,1803,1257,1145,718824,347,859,211,441,402,966,62352,907,1202,3025,1498,427,971,1861,1273,1419,1960,921,377,1243,379,435,1023,1490,381,912,364,378,3055.875,55539.25,29297.5625,1350.25,1657.75,1504,4730.5,45960.3125,25345.4062,good,A39CGTZYO2BM6A,24,,46,34,27,43,27,27,27,28
116,1,23,1,American,White,10,0,1,0,0,0,1,0,1,0,1,0,1,1,1,1,1,0,1,0,1,0,1,1,1,0,1,0,0,1,1,0,1,1,1,1,1,1,1,1,1,1,1,1,1,0,1,1,1,1,1,1,0,1,1,1,1,1,1,1,1,1,1,1,1,0.5625,0.25,0.875,0.5625,0.25,0.875,0.9375,0.9375,0.9375,1,0,1834,1605,3002,1865,2769,1865,2958,18376,1749,1818,3836,1352,1988,5108,3627,3011,2484,1543,1928,5078,1935,2229,3555,5052,2374,2386,2264,1991,2112,1721,5740,5417,7715,1929,4464,1575,2529,3217,4295,1590,1561,3084,15065,1182,2654,5595,3165,1478,3477,1472,2967,1390,3738,10311,1316,11953,2808,1189,4395,1686,1283,30764,13128,1531,2720.375,4375,3547.6875,2799,3177.125,2988.0625,4660,4996.625,4828.3125,good experiment,A1G0HYW4RZHAGB,30,,46,37,34,37,29,29,30,28
117,1,28,2,USA,White,7,0,0,1,1,1,1,1,0,1,1,1,1,1,0,0,1,1,1,1,1,1,1,1,1,1,1,1,1,1,0,1,1,0,1,1,1,0,1,1,1,1,1,1,0,1,1,0,0,0,0,0,0,0,0,1,0,1,1,0,1,1,0,0,1,0.6875,0.75,0.625,0.9375,1,0.875,0.53125,0.5,0.5625,1,0,934,1537,867,11215,1259,4048,1313,1755,1468,1255,3187,2850,3018,1832,3670,1632,1228,1172,2045,1254,2300,2187,3371,2338,1208,3144,1128,2315,1397,998,1200,24842,1547,833,988,1636,4533,1243,666,1492,1325,1048,1196,1643,6732,1014,1545,3201,32555,5633,1760,2190,1613,2354,2057,1319,1794,2491,1057,1245,1574,2069,1836,3140,1964.5,3265.5,2615,1734.625,4781.25,3257.9375,3923.625,2034.4375,2979.0312,Its interesting survey.,A2TQVIRQ8W27T8,15,,51,34,21,36,23,26,25,21
118,1,30,2,American,White,7,0,0,1,1,1,1,1,1,0,1,1,1,1,0,1,0,1,0,0,1,1,1,1,0,1,1,1,1,1,1,1,1,1,1,1,1,0,1,1,1,0,1,1,1,1,1,1,1,1,1,1,0,1,1,1,1,1,1,1,1,1,1,1,1,0.6875,0.75,0.625,0.8125,0.875,0.75,0.90625,0.875,0.9375,1,0,1311,14635,2964,1407,1332,1601,1292,941,1371,2023,1074,1273,1019,1229,2409,1676,1673,6724,14714,1863,1486,1843,1534,1618,812,1216,1316,1193,4284,2625,1598,1603,2150,1614,1764,1353,4233,1564,1980,1017,1803,1337,1363,5043,1534,5193,1172,2684,1595,1653,1203,24599,1409,1742,1529,1631,1311,1647,988,1497,1031,1353,2422,2570,1596.5,3098.125,2347.3125,3427.125,2335.625,2881.375,1717.9375,3531.0625,2624.5,No comments,A363PNVPCK4CE3,25,,51,39,25,41,26,24,23,23
119,0,35,2,USA,White,10,1,0,1,1,0,0,1,1,0,0,1,1,1,1,1,0,0,1,0,0,1,0,0,0,0,0,0,0,0,1,1,0,0,1,0,0,0,1,0,1,1,1,0,1,1,0,1,1,1,0,0,0,1,1,1,0,1,0,0,1,0,1,0,0,0.625,0.75,0.5,0.25,0.25,0.25,0.5,0.4375,0.5625,1,0,136,912,403,795,745,590,442,1373,799,283,2248,625,733,2239,820,719,375,1191,1497,351,311,619,488,1278,1416,873,560,816,664,749,196,335,753,641,730,729,643,608,380,266,420,649,349,903,503,501,947,298,153,1426,684,453,894,718,1137,738,1815,431,421,790,941,153,616,700,790.75,942,866.375,688.375,776.5,732.4375,711.625,625.25,668.4375,GOOD,AAUAGL5CPU485,27,,46,37,31,28,25,20,6,21
120,1,24,1,white,White,9,1,1,1,1,1,1,1,1,1,1,1,1,1,1,1,1,1,1,1,1,1,1,1,1,1,1,1,1,1,1,1,1,1,1,1,1,1,1,1,1,1,1,1,1,1,1,1,1,1,1,1,1,1,1,1,1,1,1,1,1,1,1,1,1,1,1,1,1,1,1,1,1,1,1,AllLaunch,1211,677,1150,1388,1312,4513,123172,648,2007,2543,1362,3126,7715,3362,648,3556,10834,1166,1860,2775,1644,3893,3935,1219,1406,1168,680,1375,33012,760,1700,738,2449,1170,1306,7742,700,1119,2161,6052,1464,1606,714,1026,1913,690,1242,1486,1033,1480,1607,617,1098,4510,1031,461,1834,3596,1783,415,1976,677,740,875,17322.125,2476.625,9899.375,6883.875,1636.75,4260.3125,1440.6875,2095.125,1767.9062,good,A10NKDFS29XEBT,22,,43,32,28,39,27,27,28,23
121,1,25,1,american,White,8,1,1,1,1,1,1,1,1,1,1,1,1,1,1,1,1,1,1,1,1,1,1,1,1,1,1,1,1,1,1,1,1,1,1,1,1,1,1,1,1,1,1,1,1,1,1,1,1,1,1,1,1,1,1,1,1,1,1,1,1,1,1,1,1,1,1,1,1,1,1,1,1,1,1,AllLaunch,395,804,21730,1643,700,547,216,3921,143,10879,321,1172,250,688,412,227,460,514,1041,1627,1660,1036,197,492,451,257,216,381,284,561,2037,1388,483,281,327,509,315,182,468,188,143,515,683,319,627,124,1579,2306,1484,1679,345,321,30129,193,145,1515,943,262,299,283,258,660,4399,515,3020.875,2485.125,2753,793.25,782,787.625,2664.1875,615.75,1639.9688,good,A3PPC1F3K1QSID,14,,55,27,14,34,12,12,7,9
122,1,24,1,white,White,9,1,1,1,1,1,1,1,1,1,1,1,1,1,1,1,1,1,1,1,1,1,1,1,1,1,1,1,1,1,1,1,1,1,1,1,1,1,1,1,1,1,1,1,1,1,1,1,1,1,1,1,1,1,1,1,1,1,1,1,1,1,1,1,1,1,1,1,1,1,1,1,1,1,1,AllLaunch,1267,1226,471,1066,1531,1156,1626,880,1015,1218,1812,393,8150,458,1276,274,1587,922,2720,1315,1179,274,578,905,1097,1496,337,1347,1530,708,6572,1255,2083,1531,234,1255,802,399,3973,624,1724,762,538,1085,1363,3170,1075,1053,1151,1523,6968,1682,22955,1581,1194,1018,1467,1152,2856,3339,928,1403,9656,1505,2143.5,833.875,1488.6875,1950,1027.75,1488.875,3685.4375,1442.625,2564.0312,good,ARJLOEYT2TGLJ,22,,41,32,30,29,27,24,27,23
123,0,30,1,usa,White,8,1,1,1,1,0,0,0,1,0,1,0,0,0,0,1,0,1,1,1,1,1,0,0,0,1,1,1,1,1,0,0,1,1,0,0,1,0,1,1,1,1,1,0,1,1,1,1,0,1,1,0,1,0,1,0,0,0,1,0,1,0,0,0,0,0.4375,0.375,0.5,0.6875,0.75,0.625,0.53125,0.375,0.6875,1,0,893,668,1311,418,803,384,714,1290,664,433,724,656,133,548,4044,436,1328,2245,1079,929,720,2380,246,809,611,594,690,272,1108,1725,665,906,633,135,322,759,264,1259,787,546,400,377,681,702,5042,1773,182,675,801,4468,411,756,540,593,633,1617,701,1049,576,511,690,643,963,674,1160.75,604.125,882.4375,805.875,1232.5,1019.1875,851.625,1033.5625,942.5938,good,ABIS1C4Z7S9VA,24,,48,38,25,36,23,23,22,26
124,1,30,1,white,White,9,1,1,1,1,1,1,0,1,1,1,1,1,1,1,0,0,1,1,0,0,1,0,0,0,1,0,1,1,1,0,1,0,1,1,1,0,0,1,1,1,0,1,0,1,1,0,1,1,1,0,1,0,1,0,0,1,0,0,0,1,1,1,1,1,0.8125,0.75,0.875,0.5,0.75,0.25,0.625,0.625,0.625,1,0,671,1074,634,1025,4930,461,1922,506,4657,1837,2480,13583,319,1227,292,275,205,683,560,539,6297,576,417,405,21246,1440,489,2750,2458,177,129,1844,2895,935,562,546,449,1340,2273,627,1775,1361,1764,1070,2642,658,1003,561,1473,1033,3091,563,542,288,1054,37585,1283,625,546,10114,370,4931,1707,883,1988.125,2498.5,2243.3125,3975.125,1051.75,2513.4375,1464.3125,3945,2704.6562,GOOD,A1RQW7N977OAGE,16,,40,27,21,44,24,18,17,21
125,1,25,1,usa,White,10,1,1,1,1,1,1,1,1,1,1,1,1,1,1,1,1,1,1,1,1,1,1,1,1,1,1,1,1,1,1,1,1,1,1,1,1,1,1,1,1,1,1,1,1,1,1,1,1,1,1,1,1,1,1,1,1,1,1,1,1,1,1,1,1,1,1,1,1,1,1,1,1,1,1,AllLaunch,274,130,64,97,1322,124,177,140,226,193,209,257,221,224,251,281,373,138,162,202,328,145,481,162,296,487,420,224,222,130,214,121,214,232,315,219,469,271,218,11886,292,226,298,149,139,144,329,268,123,220,129,163,116,195,133,91,266,99,208,89,217,241,139,114,343,180.75,261.875,312,201.125,256.5625,225.3125,912.9375,569.125,good,A2RUTIKSAJXOKI,23,,47,31,30,32,26,23,26,28
126,1,30,1,alasks,American Indian or Alaska Native,9,0,1,1,1,1,1,1,1,1,1,0,1,0,1,1,1,1,1,1,1,1,1,1,1,1,1,1,1,1,1,1,1,1,1,1,1,1,1,0,1,1,1,1,1,1,1,1,1,1,1,1,1,1,1,1,1,1,1,1,1,1,1,1,0,0.8125,0.625,1,1,1,1,0.9375,0.9375,0.9375,1,0,2844,1657,1993,1929,1806,7368,2834,4435,1161,1545,1618,5576,3355,3595,9649,4827,1891,5535,1227,3513,4585,2843,2478,2676,20649,1549,2179,2372,1651,3450,2098,3111,2369,3009,5131,1993,3794,3331,7193,7442,13217,1535,3039,2905,3307,2952,2361,2874,2032,1393,4298,7669,2074,11281,7788,1498,4187,2209,6073,3481,5478,4826,1954,2628,3157.5,3866.5,3512,4594.75,3131.125,3862.9375,4643.4375,3814.125,4228.7812,good,AY9IJLAPO4JMC,29,,51,37,35,30,28,27,29,24
127,1,30,1,alaska,American Indian or Alaska Native,8,1,1,1,1,0,1,1,1,0,0,1,0,1,1,0,1,1,1,1,1,0,0,1,1,1,1,1,1,1,1,1,1,1,0,1,1,1,1,1,0,1,1,1,1,1,1,1,0,1,1,1,1,1,1,1,1,1,1,0,1,1,1,1,1,0.6875,0.625,0.75,0.875,0.875,0.875,0.875,0.9375,0.8125,1,0,3107,1977,4154,10785,2445,3096,7806,1883,2296,2162,3035,1863,1111,2041,970,1824,1678,2457,1178,6799,4652,3995,4080,2873,7621,2392,3168,1919,2584,1768,4403,4048,1958,3368,3873,2055,8907,3567,2346,4387,2386,10513,3048,1318,1786,1982,1240,4712,1161,2238,2305,3515,2894,1740,7648,3519,2197,2984,3346,16968,4856,2960,2557,3067,3115.5,3203.875,3159.6875,3670.5,3281.375,3475.9375,3281.75,4305.8125,3793.7812,good,AQLNSMMPLV30W,28,,47,32,36,35,30,28,31,29
128,1,28,2,USA,White,6,0,0,1,1,1,1,0,1,1,0,1,1,1,0,1,1,1,1,1,1,1,1,0,1,1,1,0,0,1,1,1,1,1,1,0,0,0,1,0,1,1,0,1,0,1,1,0,0,0,0,0,0,0,0,0,1,0,0,1,0,0,1,1,0,0.6875,0.75,0.625,0.8125,0.75,0.875,0.375,0.375,0.375,1,0,1451,922,1077,1050,2588,1143,47551,1708,1439,353224,4717,1033,1074,1940,1041,1880,2078,2776,2096,781,830,2755,1129,1294,1685,1559,1475,1096,97037,1153,989,1756,826,3235,2905,2229,2715,1696,1389,1732,980,2274,1805,1775,8084,1458,24753,2011,1440,1204,847,5578,13151,6600,4812,31904,1541,1813,5547,3290,3371,1879,1855,988,7617.25,45362.5,26489.875,13414.875,1646.25,7530.5625,4751.3125,4354.125,4552.7188,Its good,A30HD9LRU13K52,11,,41,35,21,36,24,26,22,24
129,1,30,1,usa,White,8,1,1,1,1,1,1,1,1,1,1,1,1,1,1,1,1,1,1,1,1,1,1,1,1,1,1,1,1,1,1,1,1,1,1,1,1,1,1,1,1,1,1,1,1,1,1,1,1,1,1,1,1,1,1,1,1,1,1,1,1,1,1,1,1,1,1,1,1,1,1,1,1,1,1,AllLaunch,299,180,513,1316,372,170,298,307,236,264,306,167,311,323,313,233,520,132,87441,227,227,242,185,341,330,218,267,585,1842,157,2498,236,214,123,203,120,164,425,295,209,276,219,235,136,235,362,239,275,256,273,265,193,368,268,311,265,124,427,252,279,235,275,156,2082,331,370,350.5,11663.75,267.25,5965.5,239.25,370.6875,304.9688,good,A1BLDEFPSJSHNT,20,,43,27,22,39,29,30,27,30
130,1,30,1,usa,American Indian or Alaska Native,7,1,1,1,1,0,1,1,1,1,1,1,1,1,1,1,1,1,1,1,1,1,1,1,1,1,1,0,1,1,1,1,1,1,1,1,0,1,1,1,1,1,1,1,1,1,1,1,1,1,1,1,1,1,1,1,1,1,1,1,1,1,1,1,1,0.9375,0.875,1,0.9375,0.875,1,0.96875,1,0.9375,1,0,25763,2951,3892,1905,232,3399,3027,1612,2530,3549,2556,5364,992,44145,50174,3978,2830,1151,936,2364,51156,28613,17203,2735,33191,24236,821,5899,52597,1869,25740,1664,2816,2910,2972,4754,2556,11154,1346,2959,1004,2544,1300,2016,2096,2362,4695,2289,8033,5027,4611,2745,29712,7492,1130,173,2736,1315,51433,7293,3646,1806,2975,1119,11145.75,8362.875,9754.3125,23059.25,8566.375,15812.8125,7691.3125,3622.375,5656.8438,good,A2PULTCTCSJ024,29,,48,38,37,33,32,28,32,31
131,1,23,1,American,White,9,1,1,0,1,1,1,1,0,1,1,1,1,1,1,1,1,1,0,0,1,1,1,1,1,1,1,1,1,1,1,1,1,1,1,1,1,0,1,1,1,1,1,1,1,1,1,0,1,1,1,1,1,1,1,1,1,1,1,1,1,1,1,1,1,0.875,0.875,0.875,0.875,0.875,0.875,0.9375,0.875,1,1,0,1385,329,968,2061,3369,688,1072,1726,1451,30776,623,691,626,689,687,161,482,1241,1436,1433,352,1078,1777,750,290,256,4876,776,1466,784,1146,297,532,618,314,6298,735,394,47377,695,1155,1340,244,2457,694,1861,1214,888,729,2552,762,921,902,1258,259,515,18355,730,426,1898,738,1276,751,851,1272.625,4640.125,2956.375,1478.125,826.875,1152.5,4699.1875,1534.5,3116.8438,good,A19NX9CQGX6XI8,27,,47,33,35,34,30,28,30,27
132,0,25,2,USA,White,7,0,0,0,0,0,0,0,0,0,0,0,1,0,1,0,0,0,1,0,0,0,1,0,1,0,0,0,1,0,0,0,0,1,1,1,1,1,1,1,1,1,1,1,1,0,1,1,1,1,1,1,1,1,1,1,1,1,1,1,1,1,1,1,1,0.125,0,0.25,0.25,0,0.5,0.96875,0.9375,1,1,0,1461,2112,71801,1117,1183,3120,1812,3624,2058,1328,5832,2651,2187,1135,1072,1812,1351,1097,1826,43362,12962,3166,1708,3242,1464,11457,4886,2152,1647,2362,1293,1946,19301,1476,1557,1164,1907,1152,1276,1653,1229,1749,1047,6592,6075,1203,14217,1044,1228,875,915,1641,861,1776,2494,1057,1422,1043,3305,1121,9681,1595,2062,1061,10925.75,2112.375,6519.0625,3392.125,8598,5995.0625,4286.0625,1637.625,2961.8438,GOOD,A2MZGQOE2TEHUL,24,,48,34,26,35,25,24,25,25
133,0,26,2,USA,White,9,1,1,1,1,1,1,1,1,1,1,1,1,1,1,1,1,1,1,1,1,0,1,1,1,1,1,1,1,1,1,1,1,0,1,1,1,1,1,1,1,1,1,1,1,1,1,1,1,1,1,1,1,1,1,1,1,0,1,1,1,0,1,1,1,1,1,1,0.9375,0.875,1,0.90625,0.8125,1,1,0,962,703,6566,1287,2008,1029,2357,892,1093,651,770,937,1085,712,3660,1724,1362,1358,1096,662,1129,1484,1623,788,1532,1762,1164,783,1033,589,1578,1541,1692,13794,1155,1385,2233,1314,2313,1787,4456,821,784,1144,1319,1593,1544,934,2406,1265,2099,8598,1467,754,3541,667,3072,1508,1426,704,2363,874,1138,1452,2312.625,991.875,1652.25,1314.625,1120.875,1217.75,2063,2412.125,2237.5625,NICE SURVEY.,A1W5SVMFFOJUED,20,,41,31,31,28,23,24,27,29
134,0,25,2,american,White,9,1,1,1,0,0,1,1,0,1,1,0,0,0,0,0,1,1,0,1,1,1,1,0,0,0,1,1,0,1,0,1,1,1,0,0,0,1,1,0,1,1,0,1,1,1,1,0,0,0,1,0,0,0,0,0,1,1,0,1,0,0,0,1,1,0.5,0.5,0.5,0.625,0.75,0.5,0.46875,0.5,0.4375,1,0,631,7427,2185,27386,1863,2204,3052,35634,3367,1949,2460,3673,1558,5500,30846,2931,4165,15103,1365,1122,773,4075,16600,3344,1508,5224,3771,253,561,2507,6766,3290,17663,3432,348,41322,2361,1565,38504,1481,7699,168539,13644,1821,6977,1827,2670,6252,854,446,4162,1021,4878,3743,3883,12446,13086,5218,2119,3732,15615,555,1452,6919,5745.25,10838,8291.625,4438.625,4364.75,4401.6875,8494.6875,16269.9375,12382.3125,good,A2DBJE313EAVC1,29,,47,33,31,36,29,27,28,26
135,1,25,1,usa,White,10,1,1,1,1,1,1,1,1,1,1,1,1,1,1,1,1,1,1,1,1,1,1,1,1,1,1,1,1,1,1,1,1,1,1,1,1,1,1,1,1,1,1,1,1,1,1,1,1,1,1,1,1,1,1,1,1,1,1,1,1,1,1,1,1,1,1,1,1,1,1,1,1,1,1,AllLaunch,744,210,137,164,656,584,996,66,291,643,1615,323,219,224,190,145,403,194,218,192,482,283,261,1700,816,167,736,267,225,377,239,203,194,401,626,321,118,336,274,70,194,275,260,606,162,728,253,627,225,695,459,4538,767,513,282,276,378,121,782,268,1168,593,180,236,606,294.875,450.4375,422.5,422.875,422.6875,395.125,662.75,528.9375,good,A1YUVYT6ILN9NU,22,,47,40,27,35,28,26,25,25
136,1,24,1,white,White,8,1,1,1,1,1,1,1,1,1,1,1,1,1,1,1,1,1,1,1,1,1,1,1,1,1,1,1,1,1,1,1,1,1,1,1,1,1,1,1,1,1,1,1,1,1,1,1,1,1,1,1,1,1,1,1,1,1,1,1,1,1,1,1,1,1,1,1,1,1,1,1,1,1,1,AllLaunch,869,2301,458,639,490,681,736,661,624,408,715,663,162,602,1272,743,649,593,649,707,659,1335,633,658,517,620,500,652,384,533,477,623,730,627,730,499,593,449,639,882,701,697,818,595,656,286,554,694,682,3458,2145,508,444,608,2202,655,597,687,659,859,1671,642,611,756,665.75,837.25,751.5,558.5,715.125,636.8125,902,806.375,854.1875,good,A1K82Z9OLF1U58,22,,45,33,26,40,28,27,27,26
137,1,24,1,white,White,9,1,1,1,1,1,1,1,1,1,1,1,1,1,1,1,1,1,1,1,1,1,1,1,1,1,1,1,1,1,1,1,1,1,1,1,1,1,1,1,1,1,1,1,1,1,1,1,1,1,1,1,1,1,1,1,1,1,1,1,1,1,1,1,1,1,1,1,1,1,1,1,1,1,1,AllLaunch,569,729,620,667,1922,618,712,670,661,690,1455,1527,675,855,651,704,619,821,613,923,759,695,649,894,967,624,737,615,593,609,633,1094,657,717,673,651,792,631,1742,833,686,617,595,859,1527,3951,613,638,854,777,579,986,654,513,656,741,616,3229,738,711,624,352,262,680,908.125,807.5,857.8125,696.25,784.375,740.3125,766.75,1055.375,911.0625,good,A1T6S8YWTJGLM9,23,,55,29,24,38,29,24,26,25
138,1,24,1,USA,American Indian or Alaska Native,10,0,1,1,1,1,1,1,1,1,0,1,0,0,1,0,1,0,1,0,1,0,0,0,1,1,0,1,1,0,0,0,0,1,1,1,1,0,1,1,1,1,1,1,1,1,1,1,0,1,0,1,0,0,0,1,0,0,1,0,1,0,1,1,1,0.6875,0.625,0.75,0.375,0.25,0.5,0.6875,0.6875,0.6875,1,0,900,811,807,674,282,297,956,10394,28652,463,2192,1171,888,1010,795,834,341,818,836,601,1196,808,892,1123,963,898,758,1574,1019,938,3316,1321,513,1168,695,298,424,217,414,785,995,10186,884,231,267,897,217,767,298,879,851,491,885,340,885,1146,802,850,1138,489,21161,859,1297,938,4434,1956.75,3195.375,1165.125,1010.125,1087.625,1982.875,1283.8125,1633.3438,GOOD,A18WO9O57UERFL,24,,53,36,34,37,26,21,26,19
139,1,30,1,USA,White,10,0,1,1,1,1,0,1,0,0,1,0,0,1,1,0,1,0,0,1,1,1,1,0,1,1,1,1,0,1,1,1,1,0,0,1,1,1,1,1,1,0,0,1,1,0,0,1,1,0,0,0,1,1,1,1,0,1,1,1,1,0,0,1,0,0.5625,0.5,0.625,0.75,0.75,0.75,0.59375,0.625,0.5625,1,0,1411,782,715,1003,1138,980,2329,1721,1509,1841,193,1437,1957,1334,1401,1890,1151,1226,1290,887,885,252,1126,1118,46290,834,1203,316,1834,1659,1928,1409,2135,2079,1901,298,11222,2962,330,1994,1580,1099,8157,25434,968,1121,1552,1358,2283,2067,937,687,2505,121,986,743,829,924,1011,1023,833,2995,1148,769,1331.625,1373.5,1352.5625,6963.375,962.625,3963,2398.5625,2854.625,2626.5938,GOOD,AOXTPVRN9N6U,27,,46,37,33,38,29,27,29,28
140,1,32,1,usa,White,7,1,1,1,1,1,1,1,1,1,1,1,1,1,1,1,1,1,1,1,1,1,1,1,1,1,1,1,1,1,1,1,1,1,1,1,1,1,1,1,1,1,1,1,1,1,1,1,1,1,1,1,1,1,1,1,1,1,1,1,1,1,1,1,1,1,1,1,1,1,1,1,1,1,1,AllLaunch,2249,1115,930,858,1226,1112,6298,728,40454,3282,978,1074,1530,2058,1510,1795,762,1009,810,1556,778,849,1450,1218,991,994,70218,1425,963,3199,1651,1539,1146,1954,7851,5843,1516,2596,1184,1883,1322,2715,966,2651,945,1525,1434,1016,762,1248,783,912,1934,1691,5732,1400,2475,1949,9099,1007,2321,3937,1396,1012,6896.875,1502.75,4199.8125,9702.875,1473.625,5588.25,2554.125,2083.6875,2318.9062,GOOD,ANIQJHHI4SL75,20,,46,36,21,48,24,24,23,21
141,1,30,1,alaska,American Indian or Alaska Native,8,0,0,0,1,1,1,1,0,0,0,0,1,1,0,1,0,0,0,0,0,1,1,0,1,1,1,0,1,0,0,0,1,0,1,1,0,1,0,1,0,0,1,1,1,1,1,0,0,0,1,1,1,0,0,1,1,1,1,0,1,1,1,1,1,0.4375,0.5,0.375,0.4375,0.25,0.625,0.65625,0.625,0.6875,1,0,362,499,240,643,1563,117,235,234,344,435,174,113,296,162,667,1035,362,290,729,728,282,130,187,91,492,107,124,281,506,193,197,1033,218,93,252,466,172,778,609,225,164,297,633,258,242,548,305,344,529,219,185,247,139,517,172,467,1000,375,270,2133,4534,388,168,376,485.125,404.75,444.9375,359.875,356.625,358.25,599.5,483.1875,541.3438,good,AVECEQZUQOJJC,29,,47,34,23,32,28,30,32,30
142,0,25,1,indiana us,White,10,0,1,0,1,1,0,0,1,1,1,1,1,1,0,1,0,1,1,1,1,0,1,1,1,1,1,1,1,1,1,1,1,0,1,0,0,1,0,0,1,0,0,0,0,0,1,0,0,1,0,0,0,0,1,0,0,0,0,1,1,0,0,0,0,0.625,0.625,0.625,0.9375,0.875,1,0.25,0.1875,0.3125,1,0,1136,955,1002,1265,1238,1378,3498,1580,1767,2224,1190,1006,29303,798,1154,7233,2207,1151,889,1174,1820,1238,1565,2434,953,1090,1170,3566,1336,959,1178,5570,1602,2163,2057,1219,1322,2536,1299,2074,1497,1569,1083,952,1215,799,1606,1003,991,1075,2826,1439,1184,2038,1123,940,1451,13929,46073,1243,2328,1283,1697,1121,5036,2054.875,3545.4375,1389.75,2147.75,1768.75,4334.625,2211.4375,3273.0312,good,A39QSNS1QX5L6A,22,,48,30,24,34,24,26,24,24
143,0,25,1,American,White,9,1,0,1,0,1,0,0,0,0,0,1,1,1,0,1,0,1,0,0,0,1,0,0,0,1,0,0,0,0,1,0,0,1,1,1,1,1,1,1,1,1,1,1,1,0,1,1,1,1,1,1,1,1,0,1,1,1,0,0,1,1,1,1,0,0.4375,0.75,0.125,0.25,0.375,0.125,0.84375,0.875,0.8125,1,0,1468,3304,12268,1361,1018,2136,1490,1971,1343,1344,957,1679,3198,1065,1193,1594,1973,1361,1303,1830,933,1893,1590,939,1388,2212,1602,1417,1351,2014,3488,1569,1544,1475,1230,2059,1881,12848,1288,1569,1640,2048,1257,1002,1235,1256,1442,2779,1348,942,1342,1561,1528,763,1248,1569,2439,1080,1289,1020,1365,2251,1299,1516,2866.875,1806.75,2336.8125,1703.5,1654.375,1678.9375,1460.9375,2233.625,1847.2812,Good,A1POLNQPOWS5PE,23,,48,39,25,37,23,24,26,26
144,0,25,2,american,White,9,1,0,1,1,0,1,0,1,0,1,1,1,1,1,0,1,0,1,1,0,1,1,1,0,1,1,1,0,1,1,1,1,0,0,0,0,0,0,0,1,0,0,0,0,0,0,0,0,0,0,1,0,0,0,0,1,0,0,0,0,0,0,0,1,0.6875,0.5,0.875,0.75,0.875,0.625,0.125,0.0625,0.1875,1,0,884,1579,1483,1483,6243,2743,4990,1143,952,976,1976,13153,1615,1424,1478,1506,1432,985,1545,2255,1385,1615,10535,2376,1273,1671,1237,2911,4263,1816,3721,2354,2694,1696,6363,1652,1349,2301,2185,1335,1262,1512,56227,4686,1864,1326,2241,1263,1029,1274,994,15124,3811,2962,1774,1343,1365,1285,1111,158630,6047,21177,15184,1232,2452.625,3000.875,2726.75,3173.875,1997.875,2585.875,6593.75,13674.875,10134.3125,none,AKMZG3A5F8C8O,25,,51,37,29,35,23,27,27,24
145,1,32,1,usa,White,7,1,1,1,1,1,1,1,1,1,1,1,1,1,1,1,1,1,1,1,1,1,1,1,1,1,1,1,1,1,1,1,1,0,1,1,0,1,1,1,1,1,1,1,1,1,1,1,0,1,1,1,1,1,1,1,1,1,1,1,0,1,1,1,1,1,1,1,1,1,1,0.875,0.9375,0.8125,1,0,481,715,375,450,329,432,3713,406,1290,611,301,505,476,187,442,432,368,287,554,7682,362,243,1214,275,294,342,305,355,378,884,217,348,874,5099,337,656,319,339,352,1416,499,263,1621,594,486,496,396,443,346,740,244,1209,1364,256,590,373,322,322,915,1278,426,675,852986,529,925.875,467.25,696.5625,461.5,1302,881.75,53879.8125,918,27398.9062,good,A12B7SH0T31K8U,20,,46,34,27,42,29,27,28,28
146,0,30,1,Canadian,White,9,1,1,1,1,1,1,1,1,1,1,1,1,1,1,1,1,1,0,1,1,1,1,1,1,1,1,1,1,1,1,1,1,0,0,0,0,0,0,0,0,0,0,0,0,0,0,0,0,0,0,0,0,0,0,0,1,0,0,0,1,0,0,0,0,1,1,1,0.9375,1,0.875,0.0625,0,0.125,1,0,1069,1950,859,967,1866,2325,1121,1935,1841,1969,16384,1026,2727,1220,1937,1389,2726,9510,4599,922,2020,916,36203,2573,1258,1772,1091,767,2108,2444,2279,1656,1655,2374,1418,1096,1124,2575,928,1900,2049,1247,1091,2333,3467,1133,2082,4537,1344,5387,1236,4289,1103,3607,2921,768,1876,2008,994,14182,1563,1337,1871,3786,3475.5,1597.625,2536.5625,6535.5,2570,4552.75,1670.125,3284.9375,2477.5312,good,A140BZI7KCZ9VX,12,,50,26,16,38,19,23,18,19
147,1,24,1,white,White,8,1,1,1,1,1,1,1,1,1,1,1,1,1,1,1,1,1,1,1,1,1,1,1,1,1,1,1,1,1,1,1,1,1,1,1,1,1,1,1,1,1,1,1,1,1,1,1,1,1,1,1,1,1,1,1,1,1,1,1,1,1,1,1,1,1,1,1,1,1,1,1,1,1,1,AllLaunch,1096,755,1516,707,843,892,935,821,1712,805,1034,958,812,889,943,764,846,1055,1042,778,444,544,1263,834,860,993,714,823,1954,705,775,763,1166,820,593,882,739,1020,370,703,748,826,889,1025,959,848,881,830,795,634,1152,2961,3239,800,778,874,841,650,893,854,828,824,809,2723,1111.375,823.875,967.625,987.25,811.875,899.5625,980,1079.625,1029.8125,good,A1S0QK9U7INTSX,20,,53,29,27,35,26,24,23,28
148,1,24,1,white,White,9,1,0,1,1,0,0,1,1,1,1,1,1,0,1,1,1,1,1,0,0,1,0,1,1,1,0,1,0,1,1,1,1,1,1,1,1,0,1,1,1,1,1,1,1,1,1,1,1,1,1,1,1,1,1,1,1,1,1,1,1,1,1,1,1,0.75,0.75,0.75,0.6875,0.875,0.5,0.96875,0.9375,1,1,0,1984,987,742,786,1359,850,833,929,985,1753,3898,508,850,779,610,778,1553,1066,1003,1131,884,1021,1249,4459,945,1283,1074,1329,913,812,1297,818,852,817,984,649,905,763,709,490,834,1121,1152,2453,693,954,1033,1082,1402,1269,867,860,857,851,837,1248,981,1073,1533,913,865,66233,797,1144,1407.625,921.25,1164.4375,1114.75,1489.875,1302.3125,956.3125,5120,3038.1562,good,AVK8FE2J4KJ9U,29,,44,30,24,41,27,29,23,24
149,0,30,1,alaska,American Indian or Alaska Native,8,0,0,1,0,1,1,1,0,0,1,1,0,1,1,0,0,1,0,0,1,1,1,1,1,0,1,1,1,1,1,1,1,1,1,1,1,1,1,0,0,1,0,1,1,1,1,1,1,1,1,1,0,1,1,1,1,1,0,0,0,1,1,1,1,0.5,0.625,0.375,0.8125,0.75,0.875,0.78125,0.875,0.6875,1,0,513,625,274,139,123,1142,826,176,441,1262,234,349,194,162,560,490,113,391,329,128,3488,1180,133,105,3367,961,143,306,342,298,161,464,602,1016,516,594,2862,1235,353,140,793,663,379,417,342,1489,2233,1498,367,275,324,892,4073,297,407,14347,546,606,280,381,249,407,248,1483,395.625,543.125,469.375,1009.5,479.125,744.3125,910.875,1608.75,1259.8125,good,A3MINJL6LILEDT,30,,41,39,27,30,31,21,23,27
150,0,25,2,American,White,8,1,1,0,1,1,1,1,1,1,1,1,1,1,1,1,1,1,1,1,1,1,1,1,1,1,1,1,1,1,1,1,1,0,0,0,0,0,0,0,0,0,0,0,0,0,0,0,0,0,0,0,0,0,0,0,0,0,0,0,0,0,0,0,0,0.9375,0.875,1,1,1,1,0,0,0,1,0,2744,1323,17420,9537,3251,1394,5879,2316,1827,2486,1376,1484,1782,1138,1896,1433,1799,2483,1526,1847,1739,1494,12862,1697,1113,1622,1499,1656,1420,1419,1778,1599,1020,1473,1436,2673,1257,2297,1355,2187,1242,1339,1545,1463,2144,1309,1753,1208,1559,1177,1323,2305,1073,1408,1290,1170,1969,1454,1731,2841,1961,3350,1556,3527,4521.875,2638.875,3580.375,2967,1727.125,2347.0625,1513.375,1948.8125,1731.0938,Good and useful,A3E212R9K4F3B8,23,,47,33,27,42,24,23,26,22
151,1,32,1,usa,White,7,1,1,1,1,1,1,1,1,1,0,1,1,1,1,0,1,0,0,0,1,1,1,1,0,1,1,1,0,1,1,0,1,1,1,0,1,1,1,1,1,1,0,1,0,0,1,1,1,1,0,1,1,1,1,1,0,1,1,1,0,1,1,0,0,0.875,0.875,0.875,0.625,0.625,0.625,0.71875,0.8125,0.625,1,0,495,1105,192,324,322,655,397,497,425,857,349,1008,727,152,785,219,779,366,1217,1042,763,742,715,384,432,575,307,209,81468,270,258,203,312,546,566,565,15296,323,626,422,393,346,1010,521,294,208,217,713,1448,425,515,348,1651,759,1336,507,251,318,3584,396,1107,361,1189,257,461.5,602.125,531.8125,10742.375,473.875,5608.125,1862.1875,438.4375,1150.3125,good,AIVVHJ55QGX5C,26,,49,37,21,43,27,28,26,29
152,1,30,1,USA,White,10,1,0,1,1,0,1,1,0,0,0,0,1,1,0,1,1,1,0,0,1,0,0,1,1,0,0,0,1,1,1,1,1,0,0,1,0,0,0,0,0,1,0,0,1,0,1,1,0,0,1,1,1,1,0,0,0,1,0,0,1,0,0,0,0,0.5625,0.625,0.5,0.5625,0.5,0.625,0.34375,0.375,0.3125,1,0,236,815,372,1042,350,728,13711,1398,1164,913,370,819,1706,1158,968,914,667,876,618,814,1139,1368,842,264,681,706,1073,867,1344,1058,4527,498,809,723,1684,899,745,337,769,702,3570,443,1217,806,1027,2010,1524,986,882,752,1839,347,578,984,1594,658,99,873,5352,849,683,1063,810,1763,2359.625,973.375,1666.5,1361.375,806.375,1083.875,1448.875,887.1875,1168.0312,GOOD,A3BE0L8XRKG8GK,27,,51,41,36,31,28,30,31,28
153,1,30,1,alaska,American Indian or Alaska Native,9,1,0,1,1,1,0,1,1,1,0,1,0,1,1,0,0,0,1,1,1,1,0,1,0,0,0,1,1,0,0,0,0,1,1,0,0,0,1,1,0,0,0,1,1,0,1,0,1,1,1,1,0,0,0,0,1,0,0,1,0,1,1,0,0,0.625,0.875,0.375,0.4375,0.5,0.375,0.46875,0.4375,0.5,1,0,820,242,2696,137,436,186,2729,224,428,1224,307,96,1719,6170,689,415,178,339,170,386,616,324,3395,601,61,100,497,232,136,163,1109,588,607,936,153,458,114,1635,151,324,868,409,232,244,532,787,477,946,617,819,130,260,154,1280,369,2426,2515,449,1243,218,419,849,241,368,1228,1086.75,1157.375,770.25,341.625,555.9375,551.375,775.5,663.4375,GOOD,A3BAX5D97A9FT2,17,,46,38,34,35,32,31,31,27
154,1,24,1,white,White,8,1,1,1,1,1,1,0,1,1,1,1,1,1,1,1,1,1,1,1,1,1,1,1,1,1,1,1,1,1,1,1,1,1,1,1,1,1,1,1,1,1,1,1,1,1,1,1,1,1,1,1,1,1,1,1,1,1,1,1,1,1,1,1,1,0.9375,0.875,1,1,1,1,1,1,1,1,0,3755,790,1114,807,1337,769,2011,799,848,1067,864,955,5297,671,948,1077,3207,752,842,846,1062,6057,755,1443,728,1987,840,2605,1386,824,858,2708,1105,761,841,1516,1943,1567,840,1039,1107,836,858,670,1943,1308,833,2003,3834,1468,670,760,905,866,791,24300,785,1977,1175,831,836,7915,1594,786,2021.75,866.875,1444.3125,1209.75,2152.75,1681.25,1253.75,3037.6875,2145.7188,good,AFHPEABQ2CG6P,23,,47,38,25,30,28,30,28,29
155,1,24,1,USA,White,6,1,1,1,1,1,1,0,1,1,0,0,1,1,0,1,0,1,1,1,1,0,0,0,1,1,1,0,1,1,1,1,1,1,1,1,1,0,1,1,1,1,0,1,1,0,1,0,0,0,1,1,0,0,1,1,0,1,1,1,0,1,1,0,0,0.6875,0.75,0.625,0.75,0.625,0.875,0.625,0.625,0.625,1,0,1256,1162,3336,1919,1762,1586,1448,1095,1319,1908,1105,1720,1320,1858,2754,1015,1498,1063,1964,1130,3111,1345,1315,1682,995,2120,1481,2555,2075,2049,3152,1388,1755,3160,1435,6376,1489,7490,2107,1346,2197,1175,720,1364,1242,4780,2065,2744,2200,2903,1329,1082,913,3243,1515,2691,1280,808,9925,7980,1107,1208,1075,1378,1787.5,1532.875,1660.1875,1948.875,1666.5,1807.6875,2022.125,3108,2565.0625,good,A19X7AX5PILYB3,25,,46,35,31,35,29,26,29,28
156,0,25,2,American,White,9,1,1,1,1,1,1,1,1,1,1,1,1,1,1,1,1,1,1,1,1,1,1,1,1,1,1,1,1,1,1,1,1,0,0,0,0,0,0,1,0,0,0,0,0,0,0,1,0,0,0,0,0,0,0,0,0,0,0,0,0,0,1,0,0,1,1,1,1,1,1,0.09375,0.125,0.0625,1,0,1328,1148,1186,1181,1655,4109,1148,1221,1277,1592,2033,1177,1166,2122,2007,3999,1252,1349,1195,883,852,1389,1168,1263,1149,2030,979,1136,1170,1757,1974,1035,1964,1320,2594,1032,2077,2279,883,1730,1197,1514,2244,1285,1452,1379,2631,1170,1701,1610,1299,1307,2009,1661,1065,1189,1207,1163,1275,969,1468,1174,1309,1307,1475,2068.625,1771.8125,1217.375,1355.25,1286.3125,1648.4375,1380.5625,1514.5,good,A35Q4LCOBIL9P7,27,,49,35,31,36,23,24,23,27
157,1,25,2,usa,White,8,0,0,0,1,1,1,0,0,1,0,0,0,1,0,1,0,1,1,1,1,1,1,1,1,1,1,1,1,1,1,1,1,0,1,0,1,1,1,1,0,0,0,1,1,1,0,1,1,1,0,1,1,0,0,1,1,0,1,1,0,1,1,1,1,0.375,0.5,0.25,1,1,1,0.65625,0.6875,0.625,1,0,2300,1934,2771,2089,1667,1835,3525,2176,3156,2595,1723,2401,20777,1897,3812,2104,11917,2226,1786,1577,47491,2868,1643,1675,1867,1515,2017,1410,14148,3404,2184,1889,2147,2380,1515,1244,1649,2134,1859,2049,1272,3052,1825,1732,1721,2355,1145,2442,3348,2154,2458,1044,3299,2045,1665,1347,3835,1890,2322,23552,1980,1057,2502,1288,4966.375,2128.875,3547.625,10381.625,2070.5,6226.0625,2158.875,3235.3125,2697.0938,good,A1X56FS2I7KG0R,24,,52,31,26,35,24,25,27,23
