subID,AttenCheck,Age,Gender,Nation,Race,Ses,low_PFF1,high_PFF1,low_PFF2,high_PFF2,low_PFF3,high_PFF3,low_PFF4,high_PFF4,low_PFF5,high_PFF5,low_PFF6,high_PFF6,low_PFF7,high_PFF7,low_PFF8,high_PFF8,low_PFM1,high_PFM1,low_PFM2,high_PFM2,low_PFM3,high_PFM3,low_PFM4,high_PFM4,low_PFM5,high_PFM5,low_PFM6,high_PFM6,low_PFM7,high_PFM7,low_PFM8,high_PFM8,low_tree1,high_tree1,low_tree2,high_tree2,low_tree3,high_tree3,low_tree4,high_tree4,low_tree5,high_tree5,low_tree6,high_tree6,low_tree7,high_tree7,low_tree8,high_tree8,low_tree9,high_tree9,low_tree10,high_tree10,low_tree11,high_tree11,low_tree12,high_tree12,low_tree13,high_tree13,low_tree14,high_tree14,low_tree15,high_tree15,low_tree16,high_tree16,PFF,PFF_low,PFF_high,PFM,PFM_low,PFM_high,tree,tree_low,tree_high,Face race,selection,RT_low_female1,RT_high_female1,RT_low_female2,RT_high_female2,RT_low_female3,RT_high_female3,RT_low_female4,RT_high_female4,RT_low_female5,RT_high_female5,RT_low_female6,RT_high_female6,RT_low_female7,RT_high_female7,RT_low_female8,RT_high_female8,RT_low_male1,RT_high_male1,RT_low_male2,RT_high_male2,RT_low_male3,RT_high_male3,RT_low_male4,RT_high_male4,RT_low_male5,RT_high_male5,RT_low_male6,RT_high_male6,RT_low_male7,RT_high_male7,RT_low_male8,RT_high_male8,RT_low_tree1,RT_high_tree1,RT_low_tree2,RT_high_tree2,RT_low_tree3,RT_high_tree3,RT_low_tree4,RT_high_tree4,RT_low_tree5,RT_high_tree5,RT_low_tree6,RT_high_tree6,RT_low_tree7,RT_high_tree7,RT_low_tree8,RT_high_tree8,RT_low_tree9,RT_high_tree9,RT_low_tree10,RT_high_tree10,RT_low_tree11,RT_high_tree11,RT_low_tree12,RT_high_tree12,RT_low_tree13,RT_high_tree13,RT_low_tree14,RT_high_tree14,RT_low_tree15,RT_high_tree15,RT_low_tree16,RT_high_tree16,RT_PFF,RT_PFF_low,RT_PFF_high,RT_PFM,RT_PFM_low,RT_PFM_high,RT_tree,RT_tree_low,RT_tree_high,Comments,workerID,Aggression,IRI,SDO,PCAT1,PCAT2,Nationalism,IC-hi,IC-vi,IC-hc,IC-vc
1,0,25,2,christian,White,5,1,1,1,1,1,1,1,0,1,1,1,1,1,1,1,1,1,1,1,1,1,0,1,0,1,1,1,1,1,1,1,1,1,0,0,0,0,0,0,0,1,0,0,0,0,0,0,0,0,0,0,0,0,0,0,0,0,0,0,0,0,0,0,0,0.9375,1,0.875,0.875,1,0.75,0.0625,0.125,0,2,0,1137,1239,1237,8099,1603,995,1402,2066,953,1322,1647,1560,1115,1759,1271,2736,1417,912,1079,1818,1330,16820,927,6360,1177,938,1246,1542,1494,1535,1563,3577,1099,1891,1489,1277,929,1105,1016,1018,13875,1708,1264,1602,1541,1882,1460,1316,982,1697,1941,1144,1553,927,1819,1056,1074,2150,944,1055,1161,1442,1618,2402,1295.625,2472,1883.8125,1279.125,4187.75,2733.4375,2110.3125,1479.5,1794.9062,very nice survey,A1QBPQAYVYU8BN,26,,50,36,30,36,26,26,28,26
2,1,32,1,CHRISTIAN,White,6,0,1,1,0,1,1,1,1,0,0,0,0,0,1,1,1,1,1,1,1,1,0,1,1,1,1,1,1,1,1,1,0,1,1,1,1,1,1,1,1,1,1,1,1,0,1,1,1,1,0,1,1,1,1,1,1,0,1,1,1,1,1,1,1,0.5625,0.5,0.625,0.875,1,0.75,0.90625,0.875,0.9375,2,0,928,912,856,850,1626,687,3072,14406,824,4447,745,999,775,703,1585,937,769,2569,1144,754,2672,1207,913,770,643,9199,817,687,1357,612,849,1057,798,783,854,783,795,1028,960,965,860,790,872,1646,678,820,1011,818,1113,792,899,1214,1101,1012,1236,907,853,804,951,1042,885,937,756,748,1301.375,2992.625,2147,1145.5,2106.875,1626.1875,913.875,943.0625,928.4688,good,A3GDJVV9O4TE5P,25,,53,21,13,46,8,9,14,10
3,1,24,2,American,White,6,1,0,1,1,1,0,1,0,1,0,1,1,1,0,1,1,0,1,0,1,0,1,0,0,0,1,1,0,1,1,0,1,1,1,1,1,1,0,1,0,1,0,1,1,1,0,1,0,1,0,1,1,0,1,1,1,0,1,1,0,1,1,1,1,0.6875,1,0.375,0.5,0.25,0.75,0.71875,0.875,0.5625,2,0,11106,857,938,1521,1313,1523,969,970,912,936,863,944,1390,1066,1037,1139,1236,2497,16487,3812,1400,1169,4082,967,972,844,13832,2226,3099,799,1601,3929,1035,1052,896,862,881,966,1924,954,981,2954,1217,769,793,961,1074,937,1212,1079,748,805,1170,1531,15099,32666,1584,967,75976,1418,1433,964,1146,879,2316,1119.5,1717.75,5338.625,2030.375,3684.5,6698.0625,3110.25,4904.1562,good,A3CKUP24HJFG8X,28,,49,36,32,33,29,22,25,28
4,1,26,2,American,White,8,0,1,1,1,0,1,1,1,0,1,0,1,0,1,0,1,1,1,0,1,1,1,1,1,1,1,0,1,1,1,1,1,0,1,1,1,1,1,0,1,1,1,0,1,1,1,1,1,1,1,1,1,1,1,0,1,1,0,1,1,1,1,1,1,0.625,0.25,1,0.875,0.75,1,0.84375,0.75,0.9375,2,0,1989,1781,7374,2058,2872,2489,2016,3037,1755,1474,2563,6966,2250,1775,2884,2279,2178,1881,6252,2621,2691,1749,8577,1305,2651,1510,3120,1693,2123,1733,2818,1525,2783,1373,1877,1120,2480,3211,1841,9439,1469,1336,4836,1434,2215,2732,2652,1085,4062,1801,2195,2001,17114,1860,2542,5180,2459,5064,2696,2369,2288,1679,3271,2142,2962.875,2732.375,2847.625,3801.25,1752.125,2776.6875,3548.75,2739.125,3143.9375,None,A2YDLBFJ09KEJ0,17,,48,48,38,35,28,32,32,32
5,1,25,2,usa,White,9,1,0,1,1,1,1,1,1,1,1,1,1,1,1,1,1,0,1,1,1,1,1,1,1,1,1,1,1,1,1,1,1,1,1,1,0,1,0,0,0,0,0,0,1,1,0,1,0,1,1,1,0,0,1,0,1,1,1,0,1,1,1,0,0,0.9375,1,0.875,0.9375,0.875,1,0.53125,0.5625,0.5,2,0,2849,6759,4005,40535,2690,2526,3145,2858,2434,2499,2763,2774,3379,2896,2040,2166,9545,2251,2959,2186,1317,6983,2130,2083,3081,4626,4528,3128,2751,18536,5710,8516,2735,3163,3592,7178,3344,2775,2561,1757,4927,2589,6026,33154,6242,2881,3424,8737,2153,141942,2400,2182,3418,3905,2778,2393,9736,12081,2048,2312,4054,3750,2573,3420,2913.125,7876.625,5394.875,4002.625,6038.625,5020.625,3875.6875,14638.6875,9257.1875,good,A2VPP94996IZ0R,27,,43,30,24,33,23,26,21,23
6,1,32,1,usa,White,8,1,1,1,1,1,1,1,1,1,1,1,1,1,1,1,1,1,1,1,1,1,1,1,1,1,1,1,1,1,1,1,1,1,1,1,1,1,1,1,1,1,1,1,1,1,1,1,1,1,1,1,1,1,1,1,1,1,1,1,1,1,1,1,1,1,1,1,1,1,1,1,1,1,2,AllLaunch,997,2592,742,853,925,19145,805,844,1364,1381,1086,1125,883,862,854,907,834,774,716,1363,8741,893,812,1273,774,2655,834,1055,934,834,1172,841,3175,2027,897,784,817,2873,1035,842,850,302434,814,862,821,2983,864,912,816,824,1103,1191,1574,3686,1994,855,5194,674,875,28495,831,883,1495,714,957,3463.625,2210.3125,1852.125,1211,1531.5625,1447.1875,21939.9375,11693.5625,good,A32IVK1TYTG2H5,24,,52,25,14,35,3,3,8,12
7,1,25,2,American,White,8,0,0,0,0,0,1,0,0,0,1,0,0,1,0,0,0,0,0,0,0,0,0,0,0,0,1,1,0,0,1,0,0,0,0,0,1,1,0,0,1,0,1,0,1,0,1,0,1,0,0,0,0,1,0,0,0,0,0,1,0,0,0,0,1,0.1875,0.125,0.25,0.1875,0.125,0.25,0.3125,0.1875,0.4375,2,0,4724,9332,11434,5554,4853,2154,7602,7708,11381,3309,6883,1516,7866,7798,30412,2242,9154,10320,1193,4143,6901,4804,2312,6008,13893,1479,11617,15162,2509,2657,3769,3143,4474,15598,7765,2767,3114,21904,7105,2048,3272,8560,11581,26087,3184,10478,8840,3253,5928,7447,3170,1561,5605,6927,17801,19037,2767,3567,14541,1857,10760,7203,4808,7763,10644.375,4951.625,7798,6418.5,5964.5,6191.5,7169.6875,9128.5625,8149.125,i like the survey very much,A1JPYP6P6W7ISV,25,,44,35,26,39,28,25,27,26
8,1,33,1,american,White,5,1,0,0,0,0,0,0,1,1,1,0,0,1,1,1,0,0,1,0,1,1,0,0,0,0,0,1,0,0,0,0,1,0,1,0,0,0,0,0,0,0,0,0,0,0,0,0,0,0,0,0,0,0,0,0,0,0,0,0,0,0,0,0,0,0.4375,0.5,0.375,0.3125,0.25,0.375,0.03125,0,0.0625,2,0,7226,1253,7215,1231,896,2759,2140,1066,1144,1312,11046,4002,1162,363,1223,1119,6836,1772,2236,2623,1328,921,884,1131,1685,760,825,20398,4476,557,402,3543,286,960,874,796,1314,898,898,1800,1374,979,1174,2403,7980,1134,1052,2403,1928,1426,4955,863,1028,1480,737,838,907,1168,1543,819,10219,364,1209,1292,4006.5,1638.125,2822.3125,2334,3963.125,3148.5625,2342.375,1226.4375,1784.4062,,APJ1U6D2WTNI0,16,,39,29,18,32,28,28,31,20
9,0,32,2,USA,White,7,0,0,0,0,0,0,0,0,0,0,0,0,0,0,0,0,0,0,0,0,0,0,0,0,0,0,0,0,0,0,0,0,0,0,0,0,0,0,0,0,0,0,0,0,0,0,0,0,0,0,0,0,0,0,0,0,0,0,0,0,0,0,0,0,0,0,0,0,0,0,0,0,0,2,NonLaunch,996,752,975,1023,691,4298,827,3978,583,843,4804,737,308,1429,920,1338,632,843,730,4842,1506,1731,640,720,915,500,898,754,849,689,1473,842,1602,930,1218,900,818,782,890,1026,1523,840,909,809,1033,688,1050,962,1634,784,1084,3570,704,858,1085,706,2224,1378,810,1396,667,1000,2374,896,1263,1799.75,1531.375,955.375,1365.125,1160.25,1226.5625,1095.3125,1160.9375,GOOD,A2QSJRBVRPVMC3,22,,49,32,35,39,20,20,21,21
10,1,30,1,american,White,6,0,0,1,0,0,0,0,0,0,0,0,0,0,0,1,0,0,0,0,0,0,0,1,0,0,0,0,0,0,0,1,0,0,0,0,0,0,0,0,0,1,0,0,0,0,0,0,0,0,0,0,0,0,0,0,0,0,0,0,1,0,0,0,0,0.125,0.25,0,0.125,0.25,0,0.0625,0.0625,0.0625,2,0,2094,1024,2499,2049,2328,2550,423,9058,4560,4663,281,2016,1042,370,51101,441,973,1207,3028,527,473,1665,144059,2003,1053,1164,1974,890,814,1109,3203,2501,5282,3567,1883,2982,6415,1888,457,401,2664,4894,5829,4041,1056,5499,551,1095,249,284,623,3521,2981,1117,1902,3996,4371,588,3073,3230,1388,748,1589,8442,8041,2771.375,5406.1875,19447.125,1383.25,10415.1875,2519.5625,2893.3125,2706.4375,,AHCTZ4DHZHU1W,16,,49,33,23,30,15,23,30,24
11,1,29,2,american,White,5,1,1,1,1,1,1,1,1,1,1,1,1,1,1,1,1,1,1,1,1,1,1,1,1,1,1,1,1,1,1,1,1,1,1,1,1,1,1,1,1,1,1,1,1,1,1,1,1,1,1,1,1,1,1,1,1,1,1,1,1,1,1,1,1,1,1,1,1,1,1,1,1,1,2,AllLaunch,8921,1125,3080,5181,1312,4657,2241,6048,3754,1500,927,1486,2729,3570,1954,2157,1837,8099,1279,3371,1555,3857,3267,1520,3457,4549,1788,4537,9633,5101,7018,1960,1388,2029,2276,4473,2071,1248,2551,1188,3280,1367,3597,2102,2005,1588,2511,1643,2715,1214,2753,2567,3376,2165,1276,1542,1812,30132,3241,2986,2040,2243,2246,3177,3114.75,3215.5,3165.125,3729.25,4124.25,3926.75,2446.125,3854,3150.0625,,A2HDCSPSMKB2WG,13,,15,39,27,38,17,14,28,28
12,0,33,1,chirstian,American Indian or Alaska Native,8,1,1,1,1,1,0,0,1,1,1,1,1,1,1,1,0,0,1,0,0,1,1,1,1,1,1,0,0,1,1,1,1,1,1,1,1,1,1,1,1,1,1,1,0,0,1,1,0,1,1,1,1,1,1,1,1,1,0,1,1,1,1,0,1,0.8125,0.875,0.75,0.6875,0.625,0.75,0.84375,0.875,0.8125,2,0,1745,2636,9488,9077,1228,1997,1443,3101,3275,5213,3636,1565,1855,1635,2187,1451,7769,5320,2273,2182,2612,4194,8323,2008,35618,4549,3495,2122,3220,34202,13828,2837,49405,3487,3790,1722,6235,2507,7289,1753,4227,16608,6839,1852,1404,1170,2412,2298,2934,1215,3937,1939,1308,3720,3346,1929,9542,2198,2680,2269,2604,1845,3104,345,3107.125,3334.375,3220.75,9642.25,7176.75,8409.5,6941,2928.5625,4934.7812,good,APFRZ9WYOOWH6,27,,46,35,35,33,28,24,29,29
13,1,30,1,american,White,7,1,1,1,1,1,1,1,1,1,1,1,1,1,1,1,1,1,1,1,1,1,1,1,1,1,1,1,1,1,1,1,1,1,1,1,0,1,1,1,1,1,1,1,1,1,1,1,1,1,1,1,1,1,1,1,1,1,1,1,0,1,1,1,1,1,1,1,1,1,1,0.9375,1,0.875,2,0,386,769,892,1116,435,892,503,721,1315,927,947,1121,925,7729,642,826,1106,483,322,2194,1225,427,706,541,281,439,840,576,737,858,4462,474,1392,674,1174,7633,314,386,443,748,1225,3330,403,639,450,429,704,170,1448,1121,796,1592,272,264,5057,354,260,601,1450,859,1305,2161,365,1019,755.625,1762.625,1259.125,1209.875,749,979.4375,1066.125,1373.75,1219.9375,GOOD,AW1EN7PL054OB,26,,47,33,32,35,25,26,21,24
14,0,27,1,USA,White,10,1,1,1,1,1,0,1,1,1,1,0,1,0,1,0,1,1,1,0,1,1,1,1,1,1,1,1,0,0,1,0,1,0,1,1,1,1,1,1,1,1,1,0,1,1,1,1,1,0,1,1,1,1,1,1,1,0,1,0,1,1,0,1,1,0.75,0.625,0.875,0.75,0.625,0.875,0.8125,0.6875,0.9375,2,0,389,2860,3126,553,1346,723,713,562,1052,738,1413,3014,504,1450,1315,795,1058,255,1058,4972,1287,536,824,2628,326,990,862,1372,918,1444,891,1709,1164,716,557,662,582,1831,814,5736,950,2973,439,3243,9496,1664,837,790,4562,1337,1463,726,512,1226,457,773,909,684,404,2254,784,916,856,683,1232.25,1336.875,1284.5625,903,1738.25,1320.625,1549.125,1638.375,1593.75,GOOD,A2JGO9YCQFQ8CF,32,,55,40,36,34,30,29,30,31
15,1,25,2,USA,White,9,1,1,1,1,1,1,1,1,1,1,1,1,1,1,1,1,1,1,1,1,1,1,1,1,1,1,1,1,1,1,1,1,0,0,0,0,0,0,0,0,0,0,0,0,0,0,0,0,0,0,0,0,0,0,0,0,0,0,0,0,0,0,0,0,1,1,1,1,1,1,0,0,0,2,0,1454,4484,2035,1774,1815,5308,1711,1981,8363,11518,1407,1609,2532,6760,2374,1705,1914,1693,3482,1625,1847,2422,1993,1562,2214,9379,1564,2234,1814,2042,1382,2291,1310,1571,2012,1800,2284,1181,2095,1115,1436,2334,2204,1115,2356,2244,2627,2080,3216,2553,11813,1560,1762,1940,1452,1522,2587,2488,1469,1631,1686,2199,1522,2317,2711.375,4392.375,3551.875,2026.25,2906,2466.125,2614.4375,1853.125,2233.7812,Good,A2SJ2473KT2BYQ,21,,45,31,24,37,19,19,18,18
16,1,24,1,usa,American Indian or Alaska Native,8,1,1,1,1,1,1,1,0,1,1,1,1,1,1,1,0,0,1,0,0,0,1,1,1,1,1,1,1,1,0,1,1,0,0,0,1,1,0,0,1,1,1,0,1,1,1,1,1,0,0,1,1,0,0,1,1,1,0,0,1,1,1,1,1,0.875,1,0.75,0.6875,0.625,0.75,0.625,0.5625,0.6875,2,0,545,2521,176,1546,4699,2067,4180,825,4653,144,3841,8603,193,2645,7186,223,550,151,232,194,169,89,625,376,1754759,1194,4988,13056,760,776,2645,450,176,1745,1203,3812,330,5257,298,206,218,273,241,6028,346,79,306,297,357,188,323,1356,1619,5698,1173,802,513,294,140,1308,111,2698,3491,258,3184.125,2321.75,2752.9375,220591,2035.75,111313.375,677.8125,1893.6875,1285.75,good,A3PDLFK9ZZ00M3,31,,45,36,33,33,30,31,29,31
17,1,30,1,USA,White,4,1,0,0,0,1,1,1,1,0,1,0,0,1,1,1,1,0,1,1,1,1,1,1,1,1,1,1,1,1,1,1,1,0,0,1,0,0,0,0,0,0,0,0,0,0,1,0,0,0,0,0,0,0,0,0,0,0,0,0,0,0,0,0,0,0.625,0.625,0.625,0.9375,0.875,1,0.0625,0.0625,0.0625,2,0,1467,2968,13016,4676,3167,2215,2391,1812,11255,1854,2642,3560,1363,4841,4258,5153,2368,2706,1620,2002,3955,1474,2294,8155,1691,2291,1561,4051,3476,2178,3662,1697,1516,1503,761,1560,1728,1720,1764,1664,1790,2222,1824,2087,5305,24268,1249,1866,4125,1636,2582,948,1884,2624,1777,1598,14209,1799,2271,1501,1963,2066,1562,2609,4944.875,3384.875,4164.875,2578.375,3069.25,2823.8125,2894.375,3229.4375,3061.9062,GOOD,A7IXQE36DR8QB,23,,45,38,35,35,30,30,32,32
18,1,23,2,American,White,7,0,0,1,1,0,0,0,0,0,0,0,0,1,1,0,0,0,1,0,1,0,0,0,0,0,1,0,1,0,0,0,0,1,1,0,0,1,1,1,0,1,1,0,1,0,0,0,1,0,1,1,1,1,1,0,1,0,1,0,0,1,1,0,0,0.25,0.25,0.25,0.25,0,0.5,0.5625,0.4375,0.6875,2,0,1002,3803,2577,4586,1986,1121,1601,8938,4728,4643,1355,940,1634,2720,1181,918,1634,3056,1386,4677,1220,1132,1170,1810,1454,2348,1641,2731,1520,1044,1147,2355,1554,1545,1213,1385,2579,3459,7704,1000,7101,3487,1049,1058,828,11150,3622,2741,2136,1947,1921,3980,7113,1524,933,6823,2419,11818,1474,1411,1597,1370,2447,2758,2008,3458.625,2733.3125,1396.5,2394.125,1895.3125,2855.625,3591,3223.3125,,A2RRRIDXT8IC1Z,19,,49,38,22,44,18,16,19,18
19,1,25,2,AMERICAN,White,8,1,1,1,1,1,1,1,1,1,1,1,1,1,1,1,1,1,1,1,1,1,1,1,1,1,1,1,1,1,1,1,1,0,0,0,0,0,0,1,0,0,0,0,0,0,0,0,0,0,0,0,0,0,0,0,0,0,0,0,0,0,0,0,0,1,1,1,1,1,1,0.03125,0.0625,0,2,0,433,3616,1364,12870,1007,1090,642,861,1146,1273,499,1530,1120,636,1330,751,701,953,791,503,1175,551,878,1370,1067,504,696,1176,1542,1042,1872,1044,760,911,453,2215,1039,884,431,3467860,832,905,581,1942,797,836,876,2488,27204,14976,676,791,667,1441,920,10499,781,834,33505,1003,688,759,1035,837,942.625,2828.375,1885.5,1090.25,892.875,991.5625,4452.8125,219323.8125,111888.3125,GOOD,A1D41E24S4E4I4,22,,50,29,25,40,20,19,21,23
20,1,30,1,usa,White,8,1,1,1,1,1,1,1,1,1,1,1,1,1,1,1,1,1,1,1,1,1,1,1,1,1,1,1,1,1,1,1,1,1,1,1,1,1,1,1,1,1,1,1,1,1,1,1,1,1,1,1,1,1,1,1,1,1,1,1,1,1,1,1,1,1,1,1,1,1,1,1,1,1,2,AllLaunch,744,829,713,962,721,691,687,1195,717,624,689,1004,850,512,726,759,635,528,719,663,528,758,1429,707,567,558,586,1437,708,688,265,728,1924,6287,667,1273,585,284,570,563,291,514,1084,625,804,455,712,682,723,610,448,738,704,629,627,335,449,668,1819,490,612,564,530,574,730.875,822,776.4375,679.625,758.375,719,784.3125,955.6875,870,good,A2E8LSHKEXOWLH,21,,47,35,25,36,9,7,7,12
21,0,27,1,USA,Hispanic or Latino,7,0,0,0,0,0,0,0,0,0,0,0,0,0,0,0,0,0,0,0,0,0,0,0,0,0,1,0,0,0,1,0,0,1,1,1,1,1,1,0,0,0,1,1,0,1,1,1,0,1,1,1,0,0,1,1,1,1,1,1,1,1,1,0,1,0,0,0,0.125,0,0.25,0.75,0.75,0.75,2,0,13187,2142,1306,1120,8386,9396,1363,1315,1367,1258,1274,1259,1203,1298,1792,2425,1355,1522,1824,1908,1277,1304,1223,2178,2932,2811,1082,3239,1195,2195,3704,1397,2048,1272,1338,1204,1385,1371,9314,1223,3298,1334,1575,5466,1589,1420,69351,1739,1002,1616,4391,6337,2297,1452,1553,61330,1226,2678,2003,982,995,1305,5091,2056,3734.75,2526.625,3130.6875,1824,2069.25,1946.625,6778.5,5799.0625,6288.7812,GOOD SURVEY,AJTN99E5GFNCF,29,,50,36,35,36,26,27,25,26
22,1,24,1,american,White,9,1,1,1,1,1,1,1,1,1,1,1,1,1,1,1,1,1,1,1,1,1,1,1,1,1,1,1,1,1,1,1,1,1,1,1,1,1,1,1,1,1,1,1,1,1,1,1,1,1,1,1,1,1,1,1,1,1,1,1,1,1,1,1,1,1,1,1,1,1,1,1,1,1,2,AllLaunch,274,95,202,137,248,233,126,225,301,251,1218,1331,134,218,134,186,242,282,186,368,99,231,291,233,179,186,155,233,184,58633,1251,185,186,353,306,267,97,315,340,186,219,262,170,323,106,283,186,164,155,197,732829,119,388,91,219,163,113,135,185,1437,142,1470,705,212,329.625,334.5,332.0625,323.375,7543.875,3933.625,46021.625,373.5625,23197.5938,good,ABDQNBWD8LAQI,22,,55,21,22,38,16,13,11,7
23,1,32,1,CHRISTIAN,White,7,1,1,1,1,1,1,1,1,1,1,1,1,1,1,1,1,1,1,1,1,1,1,1,1,1,1,1,1,1,1,1,1,1,1,1,1,1,1,1,1,1,1,1,1,1,1,1,1,1,1,1,1,1,1,1,1,1,1,1,1,1,1,1,1,1,1,1,1,1,1,1,1,1,2,AllLaunch,776,810,767,805,851,1442,2105,870,698,1548,743,2347,828,4633,812,875,1185,778,742,738,776,1053,200101,682,672,774,850,842,826,794,771,844,882,809,827,876,786,719,884,777,889,862,735,769,1234,690,875,875,974,750,930,3522,794,819,852,698,803,828,742,19128,792,737,899,631,947.5,1666.25,1306.875,25740.375,813.125,13276.75,868.625,2093.125,1480.875,GOOD,AB7TB6D22L1SP,19,,45,28,24,31,3,8,5,6
24,1,21,1,WHITE,White,9,0,1,1,1,1,0,1,0,1,0,1,1,1,0,1,1,1,1,0,1,1,0,1,1,0,0,1,0,1,0,0,0,1,1,0,1,0,1,1,1,0,0,1,0,0,1,1,1,1,0,1,1,1,0,0,1,1,1,0,0,0,1,1,1,0.6875,0.875,0.5,0.5,0.625,0.375,0.625,0.5625,0.6875,2,0,674,348,17237,1068,1521,1106,1568,2417,956,4230,770,604,767,1256,1282,1478,1228,2114,698,1766,686,1146,1490,699,909,775,949,672,907,1602,1054,1364,975,2143,2037,841,1443,811,625,855,517,937,983,1420,1674,2245,2443,1134,1641,4675,887,737,1309,571,808,1147,1336,780,1733,932,1276,604,437,929,3096.875,1563.375,2330.125,990.125,1267.25,1128.6875,1257.75,1297.5625,1277.6562,GOOD,A4WHAF48RT6X9,23,,49,35,33,36,27,28,28,28
25,1,25,2,AMERICAN,White,9,1,1,1,1,1,1,1,1,1,1,1,1,1,1,1,1,1,1,1,1,1,1,1,1,0,1,1,1,1,1,1,1,0,0,0,0,0,0,0,0,0,0,0,0,0,0,1,0,0,0,0,0,0,0,0,0,0,0,0,0,0,0,0,0,1,1,1,0.9375,0.875,1,0.03125,0.0625,0,2,0,1206,666,999,806,1908,1542,799,807,829,1793,911,1079,1046,1171,1368,927,963,1065,2069,1003,828,980,927,828,906,832,1389,937,859,18172,1082,779,1128,1161,1124,850,995,814,1012,923,896,1070,920,863,859,1278,1407,1004,804,1093,1017,1203,866,1027,937,881,1246,1036,868,2528,1126,1057,1666,1171,1133.25,1098.875,1116.0625,1127.875,3074.5,2101.1875,1054.4375,1122.4375,1088.4375,GOOD,AJ7EAGA65M3ZU,20,,44,28,25,36,20,18,23,22
26,1,30,1,usa,White,6,1,1,1,1,1,1,1,1,1,1,1,1,1,1,1,1,1,1,1,1,1,1,1,1,1,1,1,1,1,1,1,1,1,1,1,1,1,1,1,1,1,1,1,1,1,1,1,1,1,1,1,1,1,1,1,1,1,1,1,1,1,1,1,1,1,1,1,1,1,1,1,1,1,2,AllLaunch,161,899,163,123,1411,531,269,200,4178,266,240,467,138,248,437,192,186,170,202,311,460,613,491,256,424,498,749,304,211,145,268,360,193,464,193,245,154,259,1237,172,827,297,13795,500,218,196,1018,772,230,122,2474,238,277,176,263,152,723,206,315,329,322,185,137,201,874.625,365.75,620.1875,373.875,332.125,353,1398.5,282.125,840.3125,good,A18JQJZSUZBB6,17,,49,27,17,39,10,10,6,7
27,0,25,2,US,White,10,1,1,1,1,0,1,0,1,0,0,1,0,0,0,1,0,1,0,0,0,0,1,0,0,1,1,1,0,0,1,0,0,0,1,1,0,1,1,1,1,1,0,0,1,0,1,1,1,1,0,1,1,1,1,1,1,0,0,1,0,1,0,0,0,0.5,0.5,0.5,0.375,0.375,0.375,0.625,0.6875,0.5625,2,0,1297,1740,978,1515,1105,807,1609,713,848,1562,5287,2434,3728,1196,12622,1913,1026,654,16595,1206,8463,1235,1635,1061,822,3329,1372,831,1682,1115,1731,708,1761,1257,1242,1137,1053,14616,1207,962,24070,686,1339,1286,6400,994,4493,1097,2357,2964,1448,719,1028,1685,723,14001,1730,889,1722,801,1109,847,659,3389,3434.25,1485,2459.625,4165.75,1267.375,2716.5625,3271.3125,2958.125,3114.7188,good,A13Z86US4VI9CC,28,,46,29,30,40,23,23,24,26
28,1,30,1,AMERICAN,White,7,1,1,1,1,1,1,1,1,1,1,1,1,1,1,1,1,1,1,1,1,1,1,1,1,1,1,1,1,1,1,1,1,0,0,0,0,0,0,0,0,0,0,0,0,0,0,0,0,0,0,0,0,0,0,0,0,0,0,0,0,0,0,0,0,1,1,1,1,1,1,0,0,0,2,0,1189,5199,1127,3012,893,1353,2103,5243,1891,1595,1504,1104,939,906,2528,1484,3841,1593,1444,1106,1132,2953,1012,4113,1144,1103,14187,3207,6280,3067,2585,1168,1403,1167,1327,4259,1268,1976,1908,1659,1059,1331,2292,1238,1123,2141,1665,1408,1081,1023,4582,2136,1536,3093,1548,2944,1507,1628,2729,1246,1290,1383,1489,1282,1521.75,2487,2004.375,3953.125,2288.75,3120.9375,1737.9375,1869.625,1803.7812,GOOD,A2EVO0JF0V6Q1,25,,46,42,30,30,28,23,25,31
29,1,24,1,american,White,9,1,1,1,1,1,1,1,1,1,1,1,1,1,1,1,1,1,1,1,1,1,1,1,1,1,1,1,1,1,1,1,1,1,1,1,1,1,1,1,1,1,1,1,1,1,1,1,1,1,1,1,1,1,1,1,1,1,1,1,1,1,1,1,1,1,1,1,1,1,1,1,1,1,2,AllLaunch,193,272,200,202,126,200,78,231,361,173,444,172,184,227,9672,384,628,195,255,163,121,122,23081,92,120,175,109,106,444,251,161,307,266,176,146,179,293,98,113,1150,228,210,975,174,263,958,152,232,224,99,4,186,152,240,319,93,325,99,194,320,108,109400,201,151,1407.25,232.625,819.9375,3114.875,176.375,1645.625,247.6875,7110.3125,3679,good,APKDB0RX10NTT,16,,49,26,15,47,6,9,13,6
30,1,25,2,American,White,7,0,0,0,0,0,0,0,0,0,0,0,0,0,0,0,0,0,0,0,0,0,0,0,0,0,0,0,0,0,0,0,0,0,1,0,1,1,1,1,0,0,1,0,1,0,0,0,1,1,1,1,1,1,1,1,1,1,1,1,1,1,1,1,0,0,0,0,0,0,0,0.71875,0.625,0.8125,2,0,36151,3644,2760,1093,15707,3688,8183,1205,7604,1083,7065,1425,2453,798,1408,4072,1295,2871,1875,1742,1837,5099,4042,2507,2044,845,1087,10153,4953,7887,919,3338,2252,4742,18290,1268,1750,5223,2689,4770,716,1738,5656,3174,8248,1481,1225,2095,2284,2984,1477,2923,1254,4486,2863,1412,5707,2110,4812,1331,7657,2685,4387,1299,10166.375,2126,6146.1875,2256.5,4305.25,3280.875,4454.1875,2732.5625,3593.375,The survey was good.,A2IK3H6MQ1QV6E,16,,35,43,20,39,24,25,29,21
31,1,24,2,American,White,8,1,1,1,1,1,1,1,1,1,1,1,1,1,1,1,1,1,1,1,1,1,1,1,1,1,1,1,1,1,1,1,1,0,0,0,1,0,0,0,0,0,0,0,0,0,0,0,0,0,0,0,0,0,0,0,0,0,0,0,0,0,0,0,0,1,1,1,1,1,1,0.03125,0,0.0625,2,0,736,1075,1286,1930,726,643,965,1443,837,983,736,1372,2565,1756,1166,921,1066,1302,858,1424,1098,1286,971,751,645,1407,991,1046,1708,2091,896,1278,765,838,1250,890,3120,1131,1045,972,1111,1233,1551,1279,1075,898,1114,1205,1114,1346,2102,1047,860,1134,935,826,1062,1359,1045,1313,1216,930,2426,1395,1127.125,1265.375,1196.25,1029.125,1323.125,1176.125,1361.9375,1112.25,1237.0938,good,AXKR7CV74GTI0,20,,47,30,24,38,18,21,17,19
32,1,25,1,american,White,8,1,1,1,1,1,1,1,1,1,1,1,1,1,1,1,1,1,1,1,1,1,1,1,1,1,1,1,1,1,1,1,1,1,1,1,1,1,1,1,1,1,1,1,1,1,1,1,1,1,1,1,1,1,1,1,1,1,1,1,1,1,1,1,1,1,1,1,1,1,1,1,1,1,2,AllLaunch,191,530,262,376,386,1265,313,299,285,177,5441,384,319,332,900,49,279,265,549,345,287,250,375,165,285,244,1635,163,307,322,261,781,185,189,203,399,359,294,270,195,1595,230,296,162,268,202,288,216,371,270,469,408,6540,267,1446,453,228,218,166,319,350,464,337,266,1012.125,426.5,719.3125,497.25,316.875,407.0625,835.6875,284.5,560.0938,good,A3POIL48RV5G8Y,13,,45,23,12,39,8,7,7,6
33,1,30,1,AMERICAN,White,7,1,1,1,1,1,1,1,1,1,1,1,1,1,1,1,1,1,1,1,1,1,1,1,1,1,1,1,1,1,1,1,1,0,0,0,0,0,0,0,0,0,0,0,0,0,0,0,0,0,0,0,0,0,0,0,0,0,0,0,0,0,0,0,0,1,1,1,1,1,1,0,0,0,2,0,1922,1491,3969,1480,1492,1704,8296,1634,2859,1688,1906,4052,1111,1745,5193,1686,10655,1976,2418,1015,943,7650,2798,2456,1050,1756,2114,1802,1055,1734,1470,1000,1787,1641,4569,1135,1151,3671,1457,1537,2250,2034,1702,3298,1576,2263,6563,1226,1232,1842,2492,5637,1269,1646,1075,1465,12587,1873,1266,1278,2756,1522,1594,2386,3343.5,1935,2639.25,2812.875,2423.625,2618.25,2832.875,2153.375,2493.125,GOOD,A3U5NCN62JEGDK,27,,53,35,28,36,24,23,24,27
34,1,25,1,american,White,8,1,1,1,1,1,1,1,1,1,1,1,1,1,1,1,1,1,1,1,1,1,1,1,1,1,1,1,1,1,1,1,1,1,1,1,1,1,1,1,1,1,1,1,1,1,1,1,1,1,1,1,1,1,1,1,1,1,1,1,1,1,1,1,1,1,1,1,1,1,1,1,1,1,2,AllLaunch,208,200,306,203,211,514,395,135,478,236,281,304,639,392,451,345,383,249,131,372,165,695,195,391,378,581,138,382,225,417,396,354,294,390,291,377,148,245,371,314,381,153,426,386,348,237,4141,250,278,353,332,454,353,267,193,147,144,535,548,225,176,1432,304,384,371.125,291.125,331.125,251.375,430.125,340.75,545.5,384.3125,464.9062,good,A2OFVEA8BEJDZN,19,,49,25,11,42,7,6,8,5
35,0,30,1,USA,White,5,1,1,0,0,1,1,1,1,0,0,0,0,0,1,0,0,0,0,0,0,0,0,0,0,0,0,0,0,0,0,0,0,1,1,1,1,1,1,1,1,1,1,1,1,1,1,1,1,1,1,1,1,1,0,1,1,1,1,1,1,1,1,1,1,0.4375,0.375,0.5,0,0,0,0.96875,1,0.9375,2,0,2689,2373,1258,1550,1009,851,951,2195,1152,2423,1759,1043,1396,1207,5191,713,1141,1773,1380,1018,1378,2952,2175,1512,2182,1481,2499,2395,1920,709,2084,1525,3769,1429,3193,1350,3643,3444,930,1554,1071,1057,1096,835,2938,1589,856,1458,911,794,821,953,1622,1804,1090,2298,1342,915,1132,994,1192,939,1189,1021,1925.625,1544.375,1735,1844.875,1670.625,1757.75,1674.6875,1402.125,1538.4062,GOOD,A3K6XJ7V0EQBMT,26,,59,37,17,46,15,12,20,20
36,1,50,1,american,White,10,0,0,0,0,0,0,0,0,1,0,0,0,0,0,0,0,0,0,0,0,0,0,0,0,0,0,0,0,0,1,0,0,1,1,1,1,1,1,1,0,1,1,1,1,1,1,1,1,1,1,0,0,0,1,1,1,1,1,1,1,1,1,1,1,0.0625,0.125,0,0.0625,0,0.125,0.875,0.875,0.875,2,0,1411,833,8224,851,2573,38180,1959,786,1554,1932,2200,2611,777,2001,949,1436,3323,1996,1674,4726,668,1508,1334,1999,1168,1600,2593,1740,1729,7045,8316,1087,2090,906,1881,2008,3075,21389,1125,3734,1356,1298,1398,2463,9605,1738,986,2074,3296,1924,1675,9521,16352,1631,2133,2143,1161,1158,2435,3003,12502,1678,1438,2739,2455.875,6078.75,4267.3125,2600.625,2712.625,2656.625,3906.75,3712.9375,3809.8438,GOOD,ARMNBJQQTC3MN,11,,36,36,24,32,24,22,25,23
37,1,32,1,CHIRISTIAN,White,6,1,1,1,1,1,1,1,1,1,1,1,1,1,1,1,1,1,1,1,1,1,1,1,1,1,1,1,1,1,1,1,1,1,1,1,1,1,1,1,1,1,1,1,1,1,1,1,1,1,1,1,1,1,1,1,1,1,1,1,1,1,1,1,1,1,1,1,1,1,1,1,1,1,2,AllLaunch,850,757,635,779,723,663,787,763,805,720,726,708,766,833,692,650,743,1016,826,683,798,779,747,716,1677,692,685,650,779,682,1218,156649,729,699,967,744,700,794,805,1834,763,738,716,693,789,961,18970,1517,868,1316,706,656,2177,1440,788,1434,742,838,314,904,761,692,819,81111,748,734.125,741.0625,934.125,20233.375,10583.75,1975.875,6023.1875,3999.5312,GOOD,A14HW0817PDZWO,16,,45,27,14,42,7,6,5,5
38,0,35,1,American,White,7,0,0,0,0,0,0,0,0,0,0,1,1,0,0,0,0,0,1,0,0,1,0,1,1,1,1,1,1,1,1,0,1,0,0,0,0,0,0,0,0,0,0,0,0,0,0,0,0,0,0,0,0,0,0,0,0,0,0,0,0,0,0,0,0,0.125,0.125,0.125,0.6875,0.625,0.75,0,0,0,2,0,23178,39784,207990,2094,8792,1695,4070,4608,1745,2537,2174,2846,1970,7267,3365,3279,3112,9365,8322,16600,4863,10864,11186,1721,1749,1824,2536,2231,3061,7284,4912,5529,1083,4242,1769,2021,1588,1409,1704,1694,1954,1332,7043,9369,3660,4866,1688,3133,4184,1329,1903,2104,2174,1917,1488,1345,7881,1512,1791,14569,2240,1662,1383,1047,31660.5,8013.75,19837.125,4967.625,6927.25,5947.4375,2720.8125,3346.9375,3033.875,Interested and entertaining,A3OZLGUGN34Y39,21,,43,40,19,34,26,25,26,25
39,1,25,2,AMERICAN,White,9,1,1,1,1,1,1,1,1,1,1,1,1,1,1,1,1,1,1,1,1,1,1,1,1,1,1,1,1,1,1,1,1,0,0,0,0,0,0,0,0,0,0,1,0,0,0,0,0,0,0,0,0,0,0,1,0,0,0,0,0,0,0,0,0,1,1,1,1,1,1,0.0625,0.125,0,2,0,686,790,10508,664,677,1340,994,1024,52173,964,1157,7408,925,992,945,925,1556,1218,785,798,886,1179,892,790,798,989,37076,64366,1396,916,901,815,939,959,1050,1065,1461,910,714,990,1102,1000,719,946,1026,1102,1192,694,1037,676,999,1004,998,715,1389,2404,1223,1199,1079,1214,633,3472,1041,953,8508.125,1763.375,5135.75,5536.25,8883.875,7210.0625,1037.625,1206.4375,1122.0312,GOOD,A1B7X75L6JOPGM,21,,49,35,25,39,18,20,20,22
40,0,33,1,new york,White,7,0,1,0,1,1,1,1,1,0,0,1,1,1,1,1,1,1,0,1,0,0,1,0,1,0,1,0,1,0,1,0,1,1,1,1,1,1,1,1,1,1,1,1,1,1,1,1,1,0,1,1,1,1,1,0,1,0,1,0,1,0,1,0,1,0.75,0.625,0.875,0.5,0.25,0.75,0.8125,0.625,1,2,0,21479,1388,5323,2899,336,1582,2728,2364,1437,7033,2869,2179,172,1705,3259,1876,10126,3985,1956,4067,2189,851,1681,1285,1457,1641,1820,2735,1537,1320,1827,1533,2287,1449,2610,5874,954,1200,12256,1947,1232,5386,2759,8771,1503,2357,4126,797,2200,1694,815,1736,1069,2069,2256,1459,2841,1511,1899,1721,1691,1628,3524,805,4700.375,2628.25,3664.3125,2824.125,2177.125,2500.625,2751.375,2525.25,2638.3125,it was learn something about new information,AFNTU5C5A4B9M,21,,48,34,23,43,21,21,21,21
41,0,29,2,American,White,9,0,1,1,0,0,0,0,0,0,1,0,0,0,0,1,0,0,0,0,1,0,1,0,0,0,0,0,0,0,1,0,0,0,1,0,0,0,1,0,1,0,1,0,0,0,0,0,0,0,0,0,1,0,0,0,0,0,1,0,0,0,0,0,0,0.25,0.25,0.25,0.1875,0,0.375,0.1875,0,0.375,2,0,2788,1939,4706,2387,4013,1861,2214,10342,2094,3890,6779,2176,4984,2432,3865,2244,2795,1754,14058,2669,8136,2019,1686,3440,12855,1945,4071,5819,2433,1886,3142,2373,2289,2759,2095,2565,2455,7333,4101,1855,2010,2871,6086,2009,1806,3233,1910,1953,1619,5958,3442,2389,1908,17376,2190,2305,1933,2043,2130,2149,2291,7321,2189,2351,3930.375,3408.875,3669.625,6147,2738.125,4442.5625,2528.375,4154.375,3341.375,Good work,AQHG86N9L94RG,24,,50,33,13,36,21,20,23,17
42,1,30,1,american,White,6,1,0,0,1,1,1,1,1,0,1,0,1,1,1,1,1,1,1,1,1,1,1,1,1,1,1,1,1,1,0,0,1,0,0,1,1,1,1,1,0,0,1,1,0,1,1,0,1,1,1,1,1,0,1,0,1,1,1,1,0,0,1,1,1,0.75,0.625,0.875,0.875,0.875,0.875,0.6875,0.625,0.75,2,0,352,1603,323,1687,261,1293,930,352,574,1729,802,1675,3780,877,1343,6385,624,497,751,318,896,343,611,894,1507,1058,690,4076,447,942,1956,987,1994,7227,649,2223,429,1629,1082,2310,816,135,705,1833,1212,1692,2233,7864,1432,1129,295,1544,1610,886,696,121108,949,514,9559,150,1097,7758,634,1248,1045.625,1950.125,1497.875,935.25,1139.375,1037.3125,1587,9953.125,5770.0625,good,A10LQI7HJMCQX7,24,,44,33,32,36,28,24,24,22
43,1,30,1,usa,White,10,1,1,1,1,1,1,1,1,1,1,1,1,1,1,1,1,1,1,1,1,1,1,1,1,1,1,1,1,1,1,1,1,1,1,1,1,1,1,1,1,1,1,1,1,1,1,1,1,1,1,1,1,1,1,1,1,1,1,1,1,1,1,1,1,1,1,1,1,1,1,1,1,1,2,AllLaunch,20628,2638,225,343,614,153,439,525,414,147,630,255,434,93,336,350,376,256,194,274,224,94,205,473,147,327,1748,699,461,480,468,147,388,288,133,194,339,268,263,292,130,107,333,328,152,130,311,299,471,154,155,612,217,325,278,213,184,212,193,271,322,163,330,183,2965,563,1764,477.875,343.75,410.8125,262.4375,252.4375,257.4375,good,AL6L4FYDWJMKK,19,,49,26,15,40,12,9,13,10
44,1,32,1,american,White,7,1,1,1,1,1,1,1,1,1,1,1,1,1,1,1,1,1,1,1,1,1,1,1,1,1,1,1,1,1,1,1,1,1,1,1,1,1,1,1,1,1,1,1,1,1,1,1,1,1,1,1,1,1,1,1,1,1,1,1,1,1,1,1,1,1,1,1,1,1,1,1,1,1,2,AllLaunch,711,819,463,793,786,712,774,690,512,719,949,535,772,442,909,713,1788,737,603,470,978,761,540,772,785,647,636,1074,689,1649,583,602,722,730,897,627,151430,683,478,667,783,6154,791,978,710,689,953,724,2512,821,728,652,844,687,610,745,1086,638,713,639,785,798,554,843,734.5,677.875,706.1875,825.25,839,832.125,10287.25,1067.1875,5677.2188,good,ADE24F2LKZ61M,12,,45,23,12,44,7,10,9,4
45,1,24,1,american,White,10,1,1,1,1,1,1,1,1,1,1,1,1,1,1,1,1,1,1,1,1,1,1,1,1,1,1,1,1,1,1,1,1,1,1,1,1,1,1,1,1,1,1,1,1,1,1,1,1,1,1,1,1,1,1,1,1,1,1,1,1,1,1,1,1,1,1,1,1,1,1,1,1,1,2,AllLaunch,1258,148,145,194,113,121,1315,163,131,211,242,182,157,193,130,280,4006,135,2920,158,131,106,113,240,172,330,88,163,164,105,154,200,128,115,307,201,322,194,137,356,601,124,130,93,259,310,111,156,209,196,234,456,116,201,128,168,108,129,179,129,178,233,1910,83,436.375,186.5,311.4375,968.5,179.625,574.0625,316.0625,196.5,256.2812,good,A2WEHRJJU8PNR3,15,,50,29,19,42,7,11,7,10
46,0,30,1,USA,White,8,1,1,1,1,1,1,0,0,1,1,0,1,1,1,1,1,1,1,1,0,1,1,0,0,1,1,1,1,0,1,0,1,0,0,0,0,0,0,0,0,0,0,0,0,0,0,0,0,0,0,0,0,0,0,0,0,0,0,0,0,0,0,0,0,0.8125,0.75,0.875,0.6875,0.625,0.75,0,0,0,2,0,2413,2418,3266,3121,1897,5424,4375,3362,2219,1648,1192,8615,3772,1570,3538,11103,2399,2185,1971,5089,1873,1938,2339,1866,1188,2532,4355,3740,5097,1262,12300,26906,1430,7308,1740,19470,965,7196,20441,1261,2621,2171,2521,1623,1775,1035,969,3101,9669,5932,915,1138,1279,2720,2655,1208,1922,1744,1584,1364,1729,1315,2434,962,2834,4657.625,3745.8125,3940.25,5689.75,4815,3415.5625,3721.75,3568.6562,IT WAS VERY INTERESTING.,AU08XKZMP8EC6,18,,46,32,22,38,23,22,23,27
47,0,27,1,American,White,8,0,0,0,0,0,0,1,1,1,1,1,0,0,0,0,1,0,0,0,0,0,0,1,1,0,0,0,0,1,0,1,0,1,0,1,0,0,0,0,0,0,0,0,1,1,1,0,0,0,1,0,0,0,0,1,0,0,1,0,0,0,1,1,0,0.375,0.375,0.375,0.25,0.375,0.125,0.3125,0.3125,0.3125,2,0,844,2332,1457,1445,1139,2525,1338,1103,1086,2659,1619,2410,895,4605,2469,1465,1292,2163,1845,18962,1626,2053,1417,1277,1099,3915,1645,844,878,4147,1513,194812,1222,4904,3211,1833,7060,1484,1539,2309,1623,880,1226,820,1180,5104,3224,1860,1122,1484,2978,1266,3389,3249,8143,964,936,828,1090,1551,1189,2638,2195,1522,1355.875,2318,1836.9375,1414.375,28521.625,14968,2582.9375,2043.5,2313.2188,,A1P02CENRHO8MC,27,,54,38,28,36,19,22,22,20
48,1,29,2,American,Black or African American,5,1,1,1,1,1,1,1,1,1,1,1,1,1,1,1,1,1,1,1,1,1,1,1,1,1,1,1,1,1,1,1,1,1,1,1,1,1,1,1,1,1,1,1,1,1,1,1,1,1,1,1,1,1,1,1,1,1,1,1,1,1,1,1,1,1,1,1,1,1,1,1,1,1,2,AllLaunch,1383,2670,1661,5782,1198,1514,1261,1620,2957,2219,1897,2434,1528,1162,3340,1355,1923,2722,2496,2095,1275,2202,1923,1973,1199,2254,2046,1780,1091,2097,1876,3355,1940,2708,1188,1266,1659,1510,1523,2217,2199,2033,2634,1217,2545,8489,1275,1146,1111,2802,1253,2831,1223,2412,1298,1247,2281,2209,1925,1432,2120,1320,1327,2263,1903.125,2344.5,2123.8125,1728.625,2309.75,2019.1875,1718.8125,2318.875,2018.8438,,A1E8ZYOQSGKTP8,16,,11,39,34,38,13,16,31,27
49,1,25,2,USA,White,9,1,1,1,1,1,1,1,1,1,1,1,1,1,1,1,1,1,1,1,1,1,1,1,1,1,1,1,1,1,1,1,1,0,0,0,0,0,0,0,0,0,0,0,0,0,0,0,0,1,0,0,0,0,0,0,0,0,0,0,0,0,0,0,0,1,1,1,1,1,1,0.03125,0.0625,0,2,0,1189,1482,1040,1340,1563,1431,939,1306,1709,1499,807,1062,850,814,1465,908,821,795,3854,1265,1175,774,989,1107,951,790,1124,1086,1132,1110,918,1418,2164,1139,761,993,929,1248,1285,1343,2042,1173,969,1164,1221,1354,785,5538,735,1391,1545,2203,1419,1124,951,926,1110,6758,2427,1114,1240,3699,1234,1355,1195.25,1230.25,1212.75,1370.5,1043.125,1206.8125,1301.0625,2032.625,1666.8438,GOOD,A1M46CFSD58LSG,20,,46,32,24,39,22,20,21,19
50,1,30,1,usa,White,6,1,1,1,1,1,1,1,1,1,1,1,1,1,1,1,1,1,1,1,1,1,1,1,1,1,1,1,1,1,1,1,1,1,1,1,1,1,1,1,1,1,1,1,1,1,1,1,1,1,1,1,1,1,1,1,1,1,1,1,1,1,1,1,1,1,1,1,1,1,1,1,1,1,2,AllLaunch,741,280,196,169,209,290,210,188,316,190,168,311,291,205,381,372,659,369,5302,161,203,267,165,177,751,359,125,236,4679,223,130,295,158,342,142,132,790,200,291,268,320,112,421,198,331,246,617,205,283,156,291,204,377,304,272,295,1215,178,274,113,396,213,283,186,314,250.625,282.3125,1501.75,260.875,881.3125,403.8125,209.5,306.6562,good,A3E1WFZODTTAQY,19,,52,29,16,43,8,8,12,11
51,0,27,2,USA,White,8,0,1,0,0,1,0,0,1,0,1,1,1,0,0,0,1,0,0,1,1,0,1,1,0,0,1,0,1,0,1,1,1,1,1,1,0,1,0,1,0,0,1,1,0,0,1,0,1,1,1,1,1,0,0,0,1,1,1,0,0,0,1,1,1,0.4375,0.25,0.625,0.5625,0.375,0.75,0.59375,0.5625,0.625,2,0,1042,4239,9028,2365,5713,2886,1210,4657,5628,5362,1760,18710,28042,1803,2181,1559,1567,3933,2820,3140,4623,6709,1986,31634,4659,24763,908,9982,1722,2916,5872,5401,1218,1677,1524,1137,3512,2001,1947,1690,4786,24522,1190,11400,2398,16531,9851,34010,3181,2476,1759,19133,14691,2067,5756,2736,2197,1927,2619,26754,4885,5665,3236,3882,6825.5,5197.625,6011.5625,3019.625,11059.75,7039.6875,4046.875,9850.5,6948.6875,none,AZMGBGXUPENEL,28,,48,35,33,36,26,26,25,27
52,1,24,2,American,White,9,1,1,0,1,1,1,1,1,1,1,1,1,1,1,1,1,1,1,1,1,1,1,1,1,1,1,1,0,1,1,1,1,1,1,1,1,1,1,1,1,1,1,1,1,1,1,1,1,1,1,1,1,1,1,1,1,1,1,1,1,1,1,1,1,0.9375,0.875,1,0.9375,1,0.875,1,1,1,2,0,1421,1016,2240,465,1348,11399,740,785,508,452,2223,1533,533,2403,1759,1650,438,1778,1104,7476,1840,1098,3095,521,1765,1832,2238,1409,659,551,574,497,603,421,607,1789,1334,547,546,881,4808,608,506,3561,846,1143,531,1039,799,1621,642,722,2460,1862,499,1827,1235,1771,1275,2085,627,934,2258,792,1346.5,2462.875,1904.6875,1464.125,1895.25,1679.6875,1223.5,1350.1875,1286.8438,good,A223D2J4BO90SO,24,,47,37,34,32,26,28,25,26
53,1,30,1,USA,White,6,1,1,1,1,1,1,1,1,1,1,1,1,1,1,1,1,1,1,1,1,1,1,1,1,1,1,1,1,1,1,1,1,1,1,1,1,1,1,1,1,1,1,1,1,1,1,1,1,1,1,1,1,1,1,1,1,1,1,1,1,1,1,1,1,1,1,1,1,1,1,1,1,1,2,AllLaunch,156,204,939,301,368,138,718,169,404,1267,228,818,193,707,5756,489,595,978,362,666,649,394,898,522,282,226,150,187,507,252,1029,2922,155,649,855,749,341,530,873,646,337,145,516,228,356,147,337,170,335,1159,329,672,677,211,723,402,418,163,333,279,458,955,332,532,1095.25,511.625,803.4375,559,768.375,663.6875,460.9375,477.3125,469.125,GOOD,A1MF84C6H9DGTL,18,,48,32,21,48,15,11,7,12
54,0,30,1,USA,White,6,0,0,0,1,0,0,1,1,1,1,1,1,1,1,1,0,1,1,1,1,1,1,1,1,1,1,1,1,0,1,1,1,1,1,1,0,0,1,0,0,1,1,0,0,0,1,0,0,1,1,1,1,0,1,1,0,1,0,0,1,1,1,0,1,0.625,0.625,0.625,0.9375,0.875,1,0.5625,0.5,0.625,2,0,1305,1296,2233,5407,1064,1820,1512,1513,994,1274,1563,1819,3139,2210,1017,1441,1266,1200,1779,5561,1411,1364,2409,1868,1226,995,2482,1433,1384,2371,1488,1506,1119,1544,1490,1488,1841,1885,2363,2211,2270,1891,1715,2136,2090,1601,1585,3369,2273,1264,1506,1112,1441,1443,1337,1540,1553,2709,1296,1687,2081,1177,2179,984,1603.375,2097.5,1850.4375,1680.625,2037.25,1858.9375,1758.6875,1752.5625,1755.625,GOOD,A3GXIGLPYCUSW1,18,,55,29,19,38,30,28,26,29
55,1,24,2,American,White,10,1,1,1,1,1,1,0,1,1,0,1,0,1,1,1,1,1,1,1,1,1,1,1,1,1,1,1,1,1,0,1,1,1,1,1,1,1,1,0,1,1,1,1,1,1,1,1,1,1,1,1,1,1,1,1,1,1,0,1,1,1,1,1,1,0.8125,0.875,0.75,0.9375,1,0.875,0.9375,0.9375,0.9375,2,0,428,4512,445,960,1628,652,505,2678,1336,428,1928,1785,625,613,937,6597,1466,351,710,693,474,498,420,359,2268,1570,483,1044,605,1299,823,389,2493,1809,6658,472,422,1141,1729,1279,220,504,1656,417,578,562,819,1038,397,5079,215,408,905,1903,623,869,2332,1065,3219,1377,3096,425,2060,572,979,2278.125,1628.5625,906.125,775.375,840.75,1713.875,1182.5,1448.1875,good,AEFP6CVWZ45IO,28,,50,34,30,37,29,28,25,29
56,1,25,2,american,White,7,0,1,1,1,1,0,1,0,1,1,1,0,1,0,1,1,1,1,1,0,0,1,1,1,1,1,1,0,1,1,1,0,1,1,1,1,1,1,1,1,1,1,1,1,1,1,1,1,1,1,1,1,1,1,1,1,1,1,1,1,1,1,1,1,0.6875,0.875,0.5,0.75,0.875,0.625,1,1,1,2,0,5404,1212,2404,1193,1604,1121,4475,6277,1275,1609,1639,18758,2228,1979,5095,957,2329,2882,1154,2472,9644,10763,1381,4925,897,1252,1372,5050,1645,1662,975,1946,970,6802,1321,1493,1412,1915,1522,1218,3014,2256,1189,1103,1382,989,1915,1137,894,3202,2340,1694,967,1133,1278,1027,1309,1637,1143,1619,1113,6718,2128,10572,3015.5,4138.25,3576.875,2424.625,3869,3146.8125,1493.5625,2782.1875,2137.875,nice,A31NOPUHKHX97C,26,,46,36,22,36,23,29,23,24
57,1,28,1,AMARICA,White,6,1,0,0,1,0,1,1,1,1,0,1,1,1,1,1,0,1,0,1,0,0,0,0,1,0,0,0,1,0,1,0,0,1,1,0,0,1,1,1,1,0,1,1,1,1,1,1,0,0,1,1,1,0,1,0,1,1,1,0,1,0,0,0,1,0.6875,0.75,0.625,0.3125,0.25,0.375,0.65625,0.5,0.8125,2,0,1129,634,1388,670,543,485,567,181,2003,171,133,393,4919,1256,811,280,1203,125,422,155,725,591,450,360,1047,777,770,1289,205,177,353,1127,489,151,501,648,804,459,539,580,413,163,263,619,1462,1072,707,201,635,278,559,832,342,641,445,734,395,872,1689,788,912,226,241,308,1436.625,508.75,972.6875,646.875,575.125,611,649.75,535.75,592.75,good,A9NG5E4S7XOXL,20,,57,40,27,33,24,17,25,25
58,1,30,1,USA,White,8,1,1,1,1,1,1,1,1,1,1,1,1,1,1,1,1,1,1,1,1,1,1,1,1,1,1,1,1,1,1,1,1,1,1,1,1,1,1,1,1,1,1,1,1,1,1,1,1,1,1,1,1,1,1,1,1,1,1,1,1,1,1,1,1,1,1,1,1,1,1,1,1,1,2,AllLaunch,245,363,521,137,730,164,1163,140,211,1088,1024,786,6002,276,553,890,1058,1487,211,921,1216,1923,412,226,1066,2952,1087,284,308,178,1379,1011,471,525,809,295,696,107,1114,305,1842,6601,1681,647,976,1028,554,1210,306,394,257,498,233,643,385,131,569,210,699,644,920,257,1113,640,1306.125,480.5,893.3125,842.125,1122.75,982.4375,789.0625,883.4375,836.25,GOOD,A2TI9ZTXN1GNTV,20,,46,24,21,46,12,9,15,10
59,1,30,1,AMEICAN,White,8,0,0,1,1,1,1,0,1,1,0,1,0,1,0,0,0,1,1,1,0,0,1,1,1,1,0,1,0,0,0,0,1,1,1,0,1,0,0,1,0,0,0,1,0,1,0,1,0,1,0,1,0,0,1,1,1,1,1,0,1,1,1,1,0,0.5,0.625,0.375,0.5625,0.625,0.5,0.5625,0.6875,0.4375,2,0,627,944,723,1689,2898,371,1119,976,3340,911,1003,961,6265,211,1497,412,226,649,1452,521,619,1098,1056,1162,419,1154,1121,44671,276,728,762,715,2903,1465,1171,1465,1282,1860,959,1038,3023,1706,472,1056,1505,936,649,554,4746,689,308,139,161,505,2283,1527,1779,1192,258,161244,2277,1599,1022,1955,2184,809.375,1496.6875,741.375,6337.25,3539.3125,1549.875,11183.125,6366.5,GOOD,A1DJIOJPEII7XT,21,,46,34,34,35,28,28,28,25
60,1,24,1,AMERICAN,White,8,1,1,1,1,1,1,1,1,1,1,1,1,1,1,1,1,1,1,1,1,1,1,1,1,1,1,1,1,1,1,1,1,1,1,1,1,1,1,1,1,1,1,1,1,1,1,1,1,1,1,1,1,1,1,1,1,1,1,1,1,1,1,1,1,1,1,1,1,1,1,1,1,1,2,AllLaunch,299,1673,250,19528,397,242,197,298,326,1096,226,267,327,326,256,618,306,1338,234,344,231,335,138,185,105,239,296,219,321,487,307,272,172,264,272,330,7846,345,133,251,288,1138,280,294,507,257,346,374,276,298,354,152,272,358,147,326,235,347,352,349,148,314,138,245,284.75,3006,1645.375,242.25,427.375,334.8125,735.375,352.625,544,GOOD,AT7P2XVAYN904,17,,52,29,14,48,8,11,11,8
61,1,21,1,white,White,9,0,1,0,0,0,0,0,1,1,0,0,0,1,0,0,1,0,1,0,1,1,1,1,0,1,1,1,1,1,1,1,0,1,1,1,1,1,0,0,0,0,0,0,1,0,0,0,1,1,1,0,1,1,0,1,1,1,0,0,1,1,1,0,1,0.3125,0.25,0.375,0.75,0.75,0.75,0.5625,0.5,0.625,2,0,920,21894,1263,1117,1403,740,1117,1908,1183,8412,978,5303,448,726,696,3602,2417,5025,549,1094,656,1148,3666,7542,933,1053,1571,62585,4215,826,953,1084,3108,935,688,867,1472,2315,896,933,566,870,829,843,1133,287,5733,1705,5171,3785,1186,1868,727,975,1272,3364,924,1040,3390,783,1141,1244,1059,1237,1001,5462.75,3231.875,1870,10044.625,5957.3125,1830.9375,1440.6875,1635.8125,GOOD,A1DXL97NBCBV8Z,25,,47,35,31,37,28,28,28,28
62,1,30,1,AMARICA,White,7,0,0,1,1,0,1,1,1,1,0,1,1,1,1,1,1,0,1,0,1,0,1,0,1,0,1,1,1,1,1,0,0,0,1,1,0,0,0,1,0,0,1,0,0,1,1,1,0,1,0,0,0,1,1,1,1,0,0,1,0,1,1,0,0,0.75,0.75,0.75,0.5625,0.25,0.875,0.46875,0.5625,0.375,2,0,314,1141,1898,493,501,693,184,525,331,1138,1779,729,1227,3582,2143,972,769,583,604,665,4579,346,990,6173,171,490,1172,2556,1313,737,179,487,394,297,240,1066,1103,1318,1023,192,649,1017,454,731,459,198,1222,1347,199,591,1099,11239,212,179,632,1543,1258,990,338,212,5787,671,262,1010,1047.125,1159.125,1103.125,1222.125,1504.625,1363.375,958.1875,1412.5625,1185.375,GOOD,A2RIDNO7OJP9M3,18,,40,28,21,39,25,21,20,22
63,1,25,2,america,White,5,1,1,1,1,1,1,1,1,1,1,1,1,1,1,1,1,1,1,1,1,1,1,1,1,1,1,1,1,1,1,1,1,1,1,1,1,1,1,1,1,1,1,1,1,1,1,1,1,1,1,1,1,1,0,1,1,1,1,1,1,1,1,1,1,1,1,1,1,1,1,0.96875,1,0.9375,2,0,2072,458,5891,585,732,952,6440,604,1726,285,454,8216,379,170,281,2353,375,502,6385,613,482,1840,5508,1205,6984,508,1475,2920,427,841,176,566,4179,1139,441,6111,4325,495,579,936,2498,441,925,546,2073,427,178,6904,99482,330,459,12593,707,1944,18384,552,504,1049,440,686,1426,443,554,2012,2246.875,1702.875,1974.875,2726.5,1124.375,1925.4375,8572.125,2288,5430.0625,good,A2182AUQII1AXG,26,,46,35,34,30,26,27,30,26
64,1,24,1,american,White,6,1,1,1,1,1,1,1,1,1,1,1,1,1,1,1,1,1,1,1,1,1,1,1,1,1,1,1,1,1,1,1,1,1,1,1,1,1,1,1,1,1,1,1,1,1,1,1,1,1,1,1,1,1,1,1,1,1,1,1,1,1,1,1,1,1,1,1,1,1,1,1,1,1,2,AllLaunch,318,105,288,136,225,121,295,258,256,286,173,133,175,208,227,302,309,351,255,310,349,182,118,327,217,146,320,348,145,119,309,159,331,433,344,282,247,297,151,252,333,307,260,268,294,317,303,289,1334,133,277,325,228,309,307,2911,369,160,3838,280,358,149,236,225,244.625,193.625,219.125,252.75,242.75,247.75,575.625,433.5625,504.5938,good,AND9FMT9NIRTB,15,,46,26,13,43,5,8,7,11
65,1,28,1,AMARICA,White,7,0,0,1,1,0,0,1,0,0,1,1,1,0,0,1,1,0,1,1,1,0,1,0,0,0,0,0,1,0,1,1,1,1,0,1,0,1,1,0,1,0,0,1,1,1,1,1,0,0,1,1,1,0,0,0,0,0,1,0,0,1,1,1,1,0.5,0.5,0.5,0.5,0.25,0.75,0.5625,0.5625,0.5625,2,0,1366,912,2665,1292,552,1570,1088,3065,3454,2022,8673,1634,1275,1663,1023,3293,542,1282,1291,1835,1296,683,1916,594,1265,1293,1333,1160,983,1316,642,7491,1857,1146,837,1242,8352,283,8425,2932,763,977,2749,2277,406,1284,1480,1591,1076,18920,4756,1572,1337,204,5369,1351,409,2568,1535,197,1662,1311,895,14933,2512,1931.375,2221.6875,1158.5,1956.75,1557.625,2619.25,3299.25,2959.25,GOOD,A1W6VPW5ZYSCJB,22,,44,26,17,38,9,16,17,20
66,1,32,1,ameican,White,6,1,1,1,1,1,1,1,1,1,1,1,1,1,1,1,1,1,1,1,1,1,1,1,1,1,1,1,1,1,1,1,1,1,1,1,1,1,1,1,1,1,1,1,1,1,0,1,1,1,1,1,1,1,1,1,1,1,1,1,1,1,1,1,1,1,1,1,1,1,1,0.96875,1,0.9375,2,0,683,781,706,340,129564,501,846,756,733,3755,724,795,712,361,633,696,1056,723,675,716,736,1014,1981,746,634,725,708,7011,712,1103,593,818,774,825,838,772,968,723,770,743,708,702,707,1004,735,1006,8566,785,714,603,745,848,723,697,884,744,704,654,827,652,612,1095,523,674,16825.125,998.125,8911.625,886.875,1607,1246.9375,1237.375,782.9375,1010.1562,good,ALF3LX20L75KM,10,,52,30,12,44,5,10,4,3
67,1,30,1,USA,White,7,0,1,0,1,1,1,1,0,0,0,1,0,1,0,0,0,0,0,1,1,1,1,1,0,0,1,0,0,0,0,0,1,1,1,1,1,1,1,1,1,1,1,1,1,1,1,1,1,0,1,1,0,0,1,1,1,0,0,1,1,0,1,0,1,0.4375,0.5,0.375,0.4375,0.375,0.5,0.78125,0.6875,0.875,2,0,456,1233,1535,458,1324,484,737,1501,628,1350,494,1099,595,1159,1404,651,1196,1307,798,674,2011,815,662,1243,1230,514,1285,435,549,1358,1348,674,1447,1090,1114,974,926,927,620,1359,780,475,1240,845,712,363,867,1231,640,738,814,642,459,1296,762,771,978,618,1015,897,589,1061,781,1051,896.625,991.875,944.25,1134.875,877.5,1006.1875,859,896.125,877.5625,GOOD,A3K6XJ7V0EQBMT,12,,48,21,18,35,13,6,8,13
68,1,24,2,American,White,7,1,0,1,0,1,1,1,1,1,1,1,1,1,1,1,1,1,1,0,1,1,0,1,0,1,1,1,1,0,1,1,1,1,0,1,1,1,1,1,0,1,1,1,0,0,1,0,0,0,1,1,0,1,1,0,1,0,1,1,0,1,1,0,1,0.875,1,0.75,0.75,0.75,0.75,0.625,0.625,0.625,2,0,532,917,1352,1060,607,697,1936,739,471,487,549,488,524,469,914,634,1880,429,849,565,562,652,626,943,457,654,447746,555,1361,1608,417,1012,514,864,1013,640,818,939,765,1077,1074,566,658,697,1009,501,1110,2224,1310,613,1984,602,451,2310,982,1614,2624,818,2502,811,1494,1259,1576,1655,860.625,686.375,773.5,56737.25,802.25,28769.75,1242.75,1074.375,1158.5625,good,A3IM44CX2DODWQ,28,,50,33,34,35,25,25,25,27
69,1,25,2,USA,White,10,1,1,1,1,0,0,0,1,0,1,0,0,1,0,1,1,0,1,1,0,0,1,1,1,0,1,0,1,1,1,1,0,1,1,1,1,0,0,1,1,1,1,0,1,0,1,0,1,0,1,0,1,0,1,0,1,0,1,1,1,1,0,0,1,0.5625,0.5,0.625,0.625,0.5,0.75,0.625,0.375,0.875,2,0,3575,3449,2024,6376,16911,3008,2580,3784,2190,3328,2920,5763,2258,20057,2746,2336,2705,2106,2746,19685,4889,1954,2301,3835,6282,2141,3193,4015,2691,3877,3367,11723,2096,2743,1415,8576,2610,3778,2329,3464,2118,2323,2930,5871,5683,3566,4079,1399,2139,1870,3579,1651,3082,2543,2352,5116,25298,2690,6570,1854,2441,17137,8068,2353,4400.5,6012.625,5206.5625,3521.75,6167,4844.375,4799.3125,4183.375,4491.3438,Good,A1EUMT73IXVC6S,14,,32,35,25,36,30,27,30,30
70,1,24,2,USA,White,7,1,1,0,1,0,1,1,1,1,1,1,1,1,1,1,1,1,1,1,0,1,1,1,1,1,1,1,0,1,1,1,0,0,1,1,1,1,0,1,0,1,0,1,0,0,1,0,0,0,1,0,0,1,1,0,1,1,0,0,1,1,1,1,1,0.875,0.75,1,0.8125,1,0.625,0.5625,0.5625,0.5625,2,0,1640,1836,1442,1195,1429,800,1951,1503,1608,10115,2680,41941,1517,1509,2514,2228,4203,1880,1716,949,3740,1420,1454,1713,1514,1400,1750,1024,1695,1643,1600,3363,1665,4873,15353,911,1446,12542,38720,1008,1784,1798,1102,1669,2922,6731,2277,15590,1631,1226,1253,2227,1693,1122,1503,1601,4955,2419,1799,1072,1162,1669,6240,1354,1847.625,7640.875,4744.25,2209,1674,1941.5,5344.0625,3613.25,4478.6562,This survey was good.,ASSY6NX1KRVBL,30,,54,37,37,37,29,28,30,30
71,1,25,2,USA,White,10,1,1,1,0,1,0,1,0,1,1,1,1,1,0,1,1,0,1,1,1,0,0,0,1,1,1,1,1,0,1,1,1,1,1,1,1,1,0,1,1,0,1,1,1,0,1,1,1,1,1,1,1,1,0,0,1,1,1,1,1,1,0,1,1,0.75,1,0.5,0.6875,0.5,0.875,0.8125,0.8125,0.8125,2,0,970,1571,493,494,466,230,794,374,666,1238,820,850,593,841,673,3068,298,973,805,898,758,569,353,586,114,142,254,86,784,649,555,774,317,748,700,797,683,377,679,376,1340,756,610,334,553,331,15654,672,722,899,443,773,4981,484,319,103,702,34463,687,637,227,375,234,698,684.375,1083.25,883.8125,490.125,584.625,537.375,1803.1875,2676.4375,2239.8125,GOOD,AOFREX1IGQDEV,27,,48,40,34,32,28,30,30,28
72,1,28,1,AMARICA,White,6,0,0,0,1,1,0,0,1,0,1,1,0,0,0,0,0,1,0,0,1,1,1,1,1,0,0,1,1,1,1,0,1,1,0,1,1,0,1,1,1,1,1,0,0,1,0,1,1,1,0,0,1,0,1,1,1,1,0,0,1,1,1,1,1,0.3125,0.25,0.375,0.6875,0.625,0.75,0.6875,0.6875,0.6875,2,0,21689,2587,764,2593,1768,5083,3379,1281,32783,579,864,1334,5267,8912,1512,1424,992,7063,1208,335,3095,807,420,839,1222,3633,946,557,809,889,16134,973,10690,2247,900,321,223,1469,1108,1858,936,1646,1784,2038,5072,3968,250729,697,6205,5283,405,329,120361,1686,431,1750,1075,1740,6468,613,3254,2994,2857,1219,8503.25,2974.125,5738.6875,3103.25,1887,2495.125,25781.125,1866.125,13823.625,GOOD,AUHPF6EWWJ4QB,16,,47,31,25,48,18,29,17,26
73,1,24,2,American,White,9,1,1,1,0,0,1,1,1,1,1,1,0,1,0,1,1,1,0,1,1,1,1,0,0,0,1,1,1,1,1,1,1,1,1,1,0,0,1,1,1,1,0,0,1,1,1,1,1,1,0,0,1,0,0,1,1,1,1,1,1,1,0,1,1,0.75,0.875,0.625,0.75,0.75,0.75,0.71875,0.75,0.6875,2,0,473,1037,765,398,486,2733,4400,401,728,486,837,1082,478,1324,26011,1259,14043,1575,202,479,545,408,450,1373,519,437,2251,668,482,445,461,3770,571,480,579,1841,687,438,12310,287,611,457,906,491,11662,497,1076,469,481,1092,771,1398,510,1278,544,4568,609,1338,881,596,578,494,1535,1539,4272.25,1090,2681.125,2369.125,1144.375,1756.75,2144.4375,1078.9375,1611.6875,good,A1DES5ILM2W3L5,26,,46,37,35,34,25,26,26,26
74,1,25,2,American,White,10,0,0,1,0,1,0,1,1,0,0,1,0,1,1,1,1,0,1,1,1,0,1,1,1,0,1,1,1,0,1,1,1,0,0,0,1,0,1,0,1,0,0,0,0,0,0,0,0,0,0,0,0,0,0,0,0,0,0,0,0,0,1,0,0,0.5625,0.75,0.375,0.75,0.5,1,0.125,0,0.25,2,0,2013,9384,8142,11654,2869,6514,12943,8490,2353,2368,8312,6322,4266,48734,3122,2397,3326,2278,35851,1198,8434,2112,2470,2525,2494,3079,1987,2479,4834,1170,2820,1872,6585,974,2182,4195,1358,3783,1672,1013,1199,1895,3222,1473,23530,3166,1612,1281,2142,996,6207,1976,5164,1032,897,4305,2651,2987,1209,980,1138,3198,3127,1773,5502.5,11982.875,8742.6875,7777,2089.125,4933.0625,3993.4375,2189.1875,3091.3125,Good Survey.,A2RLWTSTJEI8XH,16,,38,47,35,37,27,30,26,27
75,1,30,2,USA,White,10,1,1,0,1,0,1,1,1,0,1,0,1,1,0,1,1,0,0,0,0,0,1,1,1,1,1,1,0,0,1,0,1,0,1,1,1,1,0,0,0,1,1,0,0,0,1,0,0,1,1,1,1,1,0,1,0,1,0,1,1,1,0,1,1,0.6875,0.5,0.875,0.5,0.375,0.625,0.59375,0.6875,0.5,2,0,1785,3849,5370,4511,1826,9267,3389,1349,2415,22915,5818,1912,162,3593,3033,2635,2114,2525,1219,1838,1879,1723,2223,4602,615,4539,1849,5993,3875,2131,3983,1675,2559,1659,965,1362,9948,3889,3297,3770,5386,1763,1733,1713,4831,3891,1914,6864,1497,3268,2750,5643,1352,2423,3521,2072,1706,1170,2544,2688,1387,1812,74,2546,2974.75,6253.875,4614.3125,2219.625,3128.25,2673.9375,2841.5,2908.3125,2874.9062,REALLY VERY GOOD,A2R4U3FT6ABPBU,19,,51,39,27,35,25,22,27,27
76,1,25,1,USA,White,10,1,1,0,1,0,1,1,1,1,1,1,1,0,1,1,1,1,0,1,1,1,0,1,0,0,1,1,1,1,1,1,1,1,0,0,0,0,1,1,1,1,1,1,1,1,1,0,1,0,1,1,1,1,0,0,0,1,0,0,0,1,1,0,1,0.8125,0.625,1,0.75,0.875,0.625,0.59375,0.5625,0.625,2,0,1227,281,2794,466,242,7212,730,2216,1415,2706,799,499,1104,603,10587,2922,899,15378,938,783,792,185,856,768,159,3005,1195,15739,938,900,523,3229,223,771,307,1059,17515,642,801,353,1033,428,2681,465,441,7212,145,833,392,6049,402,778,1571,1273,753,319,17746,3388,465,1421,720,137,227,155,2362.25,2113.125,2237.6875,787.5,4998.375,2892.9375,2838.875,1580.1875,2209.5312,GOOD,A2RPEUP7K7KD72,26,,48,29,19,35,32,29,29,30
77,0,25,2,christianity,White,8,1,0,1,1,1,1,0,1,1,1,1,0,1,0,1,0,1,1,1,0,1,0,1,1,1,1,1,1,1,0,1,1,0,0,0,0,0,1,0,0,0,0,0,0,0,0,0,0,0,0,0,0,0,0,0,0,0,0,0,0,0,1,0,0,0.6875,0.875,0.5,0.8125,1,0.625,0.0625,0,0.125,2,0,1510,2897,2340,7236,1168,2436,2279,1862,2326,8499,1753,100935,2333,42301,2972,5218,12035,2462,3008,523,1554,3344,2789,2649,1959,1581,1518,1422,13716,91495,2087,2425,2342,1383,8897,26319,1877,2879,2038,15586,2172,5300,2198,3055,2856,2905,919,1700,2482,2601,3013,1605,11749,1242,2777,14264,1975,14323,2179,283996,2776,1882,2750,5604,2085.125,21423,11754.0625,4833.25,13237.625,9035.4375,3312.5,24040.25,13676.375,GOOD,A7GQFHLCR1QF9,26,,45,35,26,33,24,24,23,25
78,1,25,2,USA,White,10,1,1,1,0,1,0,1,1,1,0,0,1,0,1,0,0,1,1,1,1,0,1,1,1,1,0,1,0,1,1,0,1,1,1,1,1,1,1,1,1,1,1,1,1,1,1,1,1,1,1,1,1,1,1,1,1,1,1,1,1,1,1,1,0,0.5625,0.625,0.5,0.75,0.75,0.75,0.96875,1,0.9375,2,0,1201,1200,1368,1352,5349,1280,4156,1331,1429,1869,1138,85014,1500,1413,1746,1436,1267,1479,1436,1813,1643,1220,1661,1392,1290,1379,1499,1813,1469,1331,1483,2325,1237,1171,1470,1169,1900,1187,1621,1067,1524,1354,1301,1271,1251,1483,4133,1443,4395,1084,1250,1291,1540,20789,1282,1468,2677,222325,1191,4475,1732,1756,1126,1533,2235.875,11861.875,7048.875,1468.5,1594,1531.25,1851.875,16554.125,9203,Good,A2H21DUGS9V085,21,,44,36,22,33,19,17,19,20
79,1,30,1,American,White,9,1,1,1,1,1,1,1,1,1,1,1,1,1,1,1,1,1,1,1,1,1,1,1,1,1,1,1,1,1,1,1,1,1,1,1,1,1,1,1,1,1,1,1,1,0,1,1,1,1,1,1,1,1,1,1,1,1,1,1,1,1,1,1,1,1,1,1,1,1,1,0.96875,0.9375,1,2,0,1385,287,866,983,235,845,227,2894,22723,1351,556,544,24141,921,1850,781,1651,4081,1717,1183,1555,789,801,4851,1587,847,1033,537,574,859,913,858,1275,1591,3485,603,216,786,153,1167,577,517,76,211,851,30145,22694,1800,1475,5795,978,448,919,5058,625,574,742,1011,971,1529,172,331,735,678,6497.875,1075.75,3786.8125,1228.875,1750.625,1489.75,2246.5,3265.25,2755.875,good,A2V15VB9NXX94S,28,,50,36,33,41,30,24,30,28
80,1,32,1,usa,White,4,1,1,1,1,1,1,1,1,1,1,1,1,1,1,1,1,1,1,1,1,1,1,1,1,1,1,1,1,1,1,1,1,1,1,1,1,1,1,1,1,1,1,1,1,1,1,1,1,1,1,1,1,1,1,1,1,1,1,1,1,1,1,1,1,1,1,1,1,1,1,1,1,1,2,AllLaunch,2505,1924,1031,1617,1066,919,1533,1424,9381,2387,1672,1501,3126,2005,52007,375136,1319,3237,869,1926,1094,1007,21384,2496,4833,3819,3472,1468,5165,2390,1365,7669,2237,2613,1250,1316,1321,5252,2132,2864,1729,2283,50826,1825,1386,1841,4463,2063,1284,2996,4289,1273,1520,1784,2915,1315,1631,1615,1495,19846,5482,3146,3025,1258,9040.125,48364.125,28702.125,4937.625,3001.5,3969.5625,5436.5625,3330.625,4383.5938,good,AI9KA1ZD8X1TZ,29,,43,37,32,34,23,25,16,23
81,1,27,1,American,White,8,0,0,0,1,1,0,0,0,0,0,1,0,0,1,0,0,1,0,0,1,1,0,0,1,0,0,0,1,1,1,0,1,1,0,0,0,1,0,0,0,1,1,0,0,0,0,0,0,1,1,1,0,0,1,0,0,0,0,0,1,0,0,0,0,0.25,0.25,0.25,0.5,0.375,0.625,0.28125,0.3125,0.25,2,0,182,1041,158,1923,1514,757,825,1524,1678,487,251,1129,12032,2731,1076,1244,1646,3628,371,1683,674,578,1705,1229,3053,5673,1710,5842,614,1563,1116,1136,3389,17947,1021,850,589,203,1571,3204,4325,251,645,766,856,1797,309,1477,2407,8045,5207,582,674,1960,1450,1490,3295,1404,1928,702,1926,1654,898,293,2214.5,1354.5,1784.5,1361.125,2666.5,2013.8125,1905.625,2664.0625,2284.8438,,A1EQ9MAQ18ZZS4,23,,48,32,29,41,22,20,23,16
82,1,23,1,American,White,7,1,0,0,1,1,0,0,1,1,1,0,0,1,1,0,1,0,0,1,0,1,1,0,1,1,1,0,1,0,1,0,1,1,1,0,1,1,1,1,1,1,1,1,0,1,1,1,1,1,1,0,1,1,1,1,1,1,0,1,0,1,1,1,0,0.5625,0.5,0.625,0.5625,0.375,0.75,0.8125,0.875,0.75,2,0,746,607,2103,1528,792,517,138,2590,522,612,974,20621,846,749,1461,161,2323,874,673,1393,13614,246,1696,631,136,531,1402,255,693,17138,1022,607,652,784,117,244,955,974,2602,913,1138,795,646,617,1405,2517,1213,1219,256,1093,612,3436,1276,911,701,719,617,4637,196,423,3292,160,734,1216,947.75,3423.125,2185.4375,2694.875,2709.375,2702.125,1025.75,1291.125,1158.4375,Good,A3FKWA4Y7H0HHL,25,,48,34,31,34,25,27,31,24
83,1,30,2,American,White,7,0,0,0,1,1,0,1,1,1,1,0,1,1,1,0,0,0,0,1,0,1,0,0,1,1,0,1,1,1,1,1,1,1,0,1,0,1,1,1,1,0,1,1,1,0,1,1,0,1,1,1,1,1,0,0,0,1,1,1,1,1,1,1,0,0.5625,0.5,0.625,0.625,0.75,0.5,0.71875,0.8125,0.625,2,0,778,755,1870,620,5656,6647,2313,1671,600,545,1714,1434,556,694,366,1052,3058,1377,3857,1602,266,1582,1860,892,309,1036,1763,607,1098,686,1347,4547,1315,612,840,873,1483,713,945,1035,11571,858,116549,905,1277,8172,1247,879,447,1703,1306,734,880,713,802,631,295,1191,878,7734,780,478,1108,350,1731.625,1677.25,1704.4375,1694.75,1541.125,1617.9375,8857.6875,1723.8125,5290.75,good,A61YQJO7NYGDS,22,,49,33,27,34,26,27,26,28
84,1,32,1,USA,White,6,1,1,1,1,1,1,1,1,1,1,1,1,1,1,1,1,1,1,1,1,1,1,1,1,1,1,1,1,1,1,1,1,1,1,1,1,1,1,1,1,1,1,1,1,1,1,1,1,1,1,1,1,1,1,1,1,1,1,1,1,1,1,1,1,1,1,1,1,1,1,1,1,1,2,AllLaunch,2575,1010,10169,1578,11510,4640,1058,2546,1661,1194,5668,2168,802,1088,1144,5340,1595,791,985,2274,1225,1695,2130,1646,902,1926,1713,2231,1691,758,2722,3918,3249,851,2547,486,2465,2684,976,1521,1561,2043,1930,775,36277,3661,3234,2443,6805,1483,1382,20616,842,1119,2445,793,6856,1122,910,1207,821,1962,1224,3164,4323.375,2445.5,3384.4375,1620.375,1904.875,1762.625,4595.25,2870.625,3732.9375,GOOD,A2SILNB7FOC8J8,24,,53,33,26,31,29,27,31,30
85,1,25,2,American,White,8,0,1,1,1,0,1,0,1,0,1,1,1,0,1,0,1,0,1,1,1,0,1,0,1,0,1,0,1,0,1,0,1,1,1,0,1,0,1,0,1,0,1,0,1,0,1,0,1,0,1,1,1,0,1,1,1,0,1,0,1,0,1,0,1,0.625,0.25,1,0.5625,0.125,1,0.59375,0.1875,1,2,0,1638,1225,2301,1449,1520,1916,1154,1244,1148,109400,1184,1671,1157,1729,2276,2709,3521,1023,1367,1681,7941,1353,1625,1452,1746,1669,1440,1456,1124,1265,1360,2527,2377,2169,2430,1387,1347,1940,1724,1172,1033,2125,8454,2438,1255,1380,1439,4530,2349,4078,1204,2135,1967,1065,2117,2116,1962,1453,1380,1094,1967,2756,1774,1020,1547.25,15167.875,8357.5625,2515.5,1553.25,2034.375,2173.6875,2053.625,2113.6562,nice survey,A7ZX4H7M1K5GN,26,,48,43,23,33,22,27,27,26
86,1,30,1,American,White,8,1,1,1,1,0,1,1,1,1,1,1,1,1,1,1,1,1,1,1,1,1,1,1,1,1,1,1,1,1,1,1,1,0,1,1,0,1,1,0,0,1,1,0,0,0,0,1,0,1,0,0,1,0,1,0,0,1,1,0,1,1,0,0,1,0.9375,0.875,1,1,1,1,0.46875,0.4375,0.5,2,0,1144,1528,7675,717,1265,786,1400,1028,1024,2184,684,787,659,1065,6379,1555,368,1004,3082,556,13378,815,1594,740,2167,426,986,944,3088,1090,840,1251,1179,2778,837,1105,682,739,90390,7021,665,950,1281,3870,6859,2275,610,1981,781,8291,6602,2937,4492,882,2962,6305,1468,668,4032,1017,877,3595,1131,1963,2528.75,1206.25,1867.5,3187.875,853.25,2020.5625,7803,2898.5625,5350.7812,good,A29O6FOYRB10S2,23,,52,36,31,31,28,27,26,30
87,1,32,1,USA,White,5,1,1,1,1,1,1,1,1,1,1,1,1,1,1,1,1,1,1,1,1,1,1,1,1,1,1,1,1,1,1,1,1,1,1,1,1,1,1,1,1,1,1,1,1,1,1,1,1,1,1,1,1,1,1,1,1,1,1,1,1,1,1,1,1,1,1,1,1,1,1,1,1,1,2,AllLaunch,1035,2657,2309,1717,1705,1593,1887,2026,1046,594,1038,2040,959,891,1185,712,1060,1422,1963,999,2265,1536,2194,2578,876,1514,800,2179,2033,1979,1495,3556,2703,822,2167,877,3742,6543,2746,1320,2455,1082,2111,1547,839,1278,964,1907,769,1603,1433,1686,865,4107,1097,2403,1121,554,1867,2218,13093,2657,819,1312,1395.5,1528.75,1462.125,1585.75,1970.375,1778.0625,2424.4375,1994.75,2209.5938,good,A3JYEAS4FIGFUV,21,,46,25,22,44,23,23,23,24
88,1,24,2,USA,White,8,1,1,1,1,1,1,1,1,1,1,1,1,0,1,1,1,1,1,1,1,1,1,0,1,1,1,1,1,1,0,0,1,0,1,1,0,1,1,0,1,0,1,0,0,0,0,0,1,1,0,1,1,1,0,0,0,1,0,1,0,0,1,1,1,0.9375,0.875,1,0.8125,0.75,0.875,0.5,0.5,0.5,2,0,1577,2720,1582,835,713,23121,19351,921,1218,964,2349,1278,2794,12003,870,17747,2888,842,1074,1876,25908,2424,842,867,867,1552,1034,712,1786,1067,1049,3000,2512,944,959,2149,1918,874,935,187195,1716,1501,1666,931,2033,1717,2234,797,1863,1946,1432,932,1434,782,913,10536,1641,1511,821,889,1270,3679,1143,720,3806.75,7448.625,5627.6875,4431,1542.5,2986.75,1530.625,13568.9375,7549.7812,This survey was good...,A1G4EHG9D1JMD8,29,,50,40,27,36,26,28,28,24
89,1,24,1,usa,American Indian or Alaska Native,10,0,1,0,1,1,1,1,1,1,0,1,1,0,1,0,1,1,1,1,0,1,0,1,1,1,1,1,0,1,1,0,0,1,1,1,0,0,0,0,1,1,0,0,1,1,0,0,1,0,1,1,1,1,0,1,1,1,1,0,1,0,1,1,1,0.6875,0.5,0.875,0.6875,0.875,0.5,0.625,0.5625,0.6875,2,0,337,592,2171,3376,12811,726,561,1327,230,179,377462,137,292,196,594,269,244,1112,119,467,141,2544,1159,337,37,3744,240,1399,336,311,317,138,725,146,236,2091,281,398,215,395,216,328,244,288,674,237,1629,311,1713,1201,296,1590,724,1286,479,1087,162,255,1576,1286,180,587,150,330,49307.25,850.25,25078.75,324.125,1256.5,790.3125,593.75,738.5,666.125,good,A156M0MAQ4T1NC,22,,47,37,33,32,29,32,27,28
90,1,25,1,USA,White,10,0,1,1,1,1,1,1,1,1,0,0,1,1,1,1,1,0,1,1,1,0,1,1,1,1,0,0,1,0,1,0,1,1,1,1,1,1,0,1,1,1,1,0,0,1,0,1,0,1,1,1,0,1,1,1,1,1,1,1,1,1,0,1,1,0.8125,0.75,0.875,0.625,0.375,0.875,0.78125,0.9375,0.625,2,0,342,173,805,482,749,6839,706,587,359,326,113,12534,278,17241,1684,961,215,751,683,1412,428,552,744,20356,1540,141,917,986,2257,705,462,1334,623,671,202,152,6636,223,2171,5340,123,380,330,377,267,408,1111,740,569,5072,61,188,23822,426,2653,133,513,1005,6857,447,1745,1270,906,170,629.5,4892.875,2761.1875,905.75,3279.625,2092.6875,3036.8125,1062.625,2049.7188,GOOD,A3SIBULMMRHMWU,29,,51,36,36,34,31,30,31,31
91,0,30,2,USA,White,10,1,1,1,1,1,1,1,1,0,1,1,1,1,1,1,1,1,1,1,1,1,1,1,1,1,1,1,1,1,1,1,1,1,1,1,1,1,1,1,1,0,1,1,1,1,1,1,1,1,1,1,1,1,1,1,1,1,1,1,1,1,1,1,1,0.9375,0.875,1,1,1,1,0.96875,0.9375,1,2,0,1527,218,470,1402,500,135,688,1528,412,1059,595,545,3665,674,3039,1531,1850,9247,1617,1418,695,3279,186,3481,790,1004,757,292,2201,2065,1161,872,295,1219,1253,658,700,1059,563,625,2353,3114,1023,1602,1035,216,478,2440,1801,1890,1497,704,74,1649,347,738,2070,1044,1562,629,454,105,5757,23834,1362,886.5,1124.25,1157.125,2707.25,1932.1875,1328.875,2595.375,1962.125,GOOD,A345EWEZNXC483,29,,55,40,32,32,22,31,24,27
92,1,24,1,usa,American Indian or Alaska Native,9,1,0,1,1,0,1,1,1,0,0,1,1,1,1,1,1,1,1,1,0,1,1,0,1,0,1,1,1,1,1,0,1,1,0,0,0,1,1,1,1,1,1,1,1,1,1,0,1,1,1,1,1,1,0,0,1,0,1,1,0,1,1,1,1,0.75,0.75,0.75,0.75,0.625,0.875,0.75,0.75,0.75,2,0,1319,278,2691,2002,3753,1082,3045,2121,257,582,1895,4662,772,1354,113,191,306,393,1298,1017,330,1413,615,385,370,434,195,1007,472,275,3049,599,334,2353,600,210,1715,2069,290,279,101,134,1095,2501,733078,2249,2952,160,177,403,154,2576,481,2173,179,193,339,402,441,928,1576,4501,1481,2774,1730.625,1534,1632.3125,829.375,690.375,759.875,46562.0625,1494.0625,24028.0625,good,A3QYWLEZG7Q0YC,23,,46,37,27,36,28,28,30,28
93,1,23,2,AMERICAN,White,8,1,1,1,1,1,1,1,1,1,1,1,1,1,1,1,1,1,1,1,1,1,0,1,1,1,1,1,1,1,1,1,1,0,0,0,0,0,0,0,0,0,0,0,0,0,0,1,0,0,0,0,0,0,1,0,0,0,0,0,0,0,0,0,0,1,1,1,0.9375,1,0.875,0.0625,0.0625,0.0625,2,0,1602,2679,9275,1545,1350,5827,1668,2689,1681,1632,2680,2058,4900,1852,2688,2078,3320,1745,1788,2826,29095,2479,1233,2557,2673,6164,1504,2468,1870,1604,1657,5182,2314,2718,1622,1556,8704,2584,1583,1998,1851,1566,4157,2716,2113,6931,2303,1868,6641,2087,2199,1684,2224,19413,1662,1555,2139,1325,34969,8715,2847,1857,1709,2433,3230.5,2545,2887.75,5392.5,3128.125,4260.3125,4939.8125,3812.875,4376.3438,NONE,A34VBVXQV71U44,17,,56,37,29,37,27,24,16,13
94,1,30,1,american,White,7,1,1,1,1,1,1,1,1,1,1,1,1,1,0,1,0,1,1,1,1,1,1,1,0,1,1,1,0,0,1,1,1,1,0,1,1,1,0,1,1,0,1,1,1,0,1,1,1,1,1,1,1,1,1,1,1,1,1,1,1,1,1,1,1,0.875,1,0.75,0.8125,0.875,0.75,0.875,0.875,0.875,2,0,954,1213,552,611,817,570,1119,496,3103,1008,151,732,5430,1274,1379,1978,1592,499,457,120,708,176,1399,324,582,716,2182,368,1745,408,251,1060,702,482,542,1944,629,1244,1542,3446,1359,1060,3242,283,495,512,3639,528,426,36675,2205,1750,689,983,584,1797,612,280,736,838,209,1186,899,3258,1688.125,985.25,1336.6875,1114.5,458.875,786.6875,1156.875,3516.625,2336.75,good,A3BY8ZLY4X94CG,24,,53,27,24,45,13,16,9,13
95,1,23,1,American,White,7,1,1,1,0,1,1,0,1,0,1,0,1,0,0,1,0,0,1,0,1,0,1,1,1,1,1,0,1,0,1,0,1,1,1,1,1,1,1,1,1,1,1,1,1,1,1,1,1,1,1,1,1,1,1,1,1,1,1,1,1,1,1,1,1,0.5625,0.5,0.625,0.625,0.25,1,1,1,1,2,0,788,1888,1412,1672,1913,29065,1635,2733,3389,1348,14215,1197,1781,2829,3326,1437,991,1722,8704,2534,3628,1508,3014,1622,1102,5537,9335,2281,2469,4062,1945,1254,2002,955,1313,1609,990,1039,1214,1268,12058,1180,1003,1316,1098,968,1425,1378,2050,964,1124,5782,2502,980,3157,1061,1459,4546,1625,1364,1289,1040,823,1478,3557.375,5271.125,4414.25,3898.5,2565,3231.75,2195.75,1683,1939.375,Good,A2LK9OM4Z7XSPQ,23,,43,33,18,38,19,20,24,18
96,1,30,1,American,White,9,1,1,1,1,1,0,1,1,1,1,1,1,1,1,1,0,1,1,1,0,1,1,1,1,1,1,1,1,1,1,1,1,1,1,0,1,1,1,1,0,1,0,1,1,1,1,1,1,1,1,1,1,1,1,1,1,1,1,1,1,1,1,1,1,0.875,1,0.75,0.9375,1,0.875,0.90625,0.9375,0.875,2,0,491,1034,8423,1425,848,713,1520,401,808,2096,495,492,523,422,617,847,883,409,1528,1045,434,1939,1204,145038,425,3823,1248,914,372,235,679,287,686,1443,545,493,290,480,99921,559,241,286,1155,848,913,166,880,1236,931,652,782,11839,410,769,245,3841,908,297,1207,1343,923,803,3307,4674,1715.625,928.75,1322.1875,846.625,19211.25,10028.9375,7084,1858.0625,4471.0312,good,A32ES68URHP8HD,24,,45,39,27,35,28,25,27,29
97,1,24,1,USA,American Indian or Alaska Native,9,1,1,0,1,1,1,1,1,0,1,1,0,1,1,1,1,1,1,1,1,1,1,1,0,1,0,0,1,1,0,1,1,0,0,1,0,1,0,1,1,1,1,1,1,1,1,0,0,0,1,1,0,0,0,1,1,0,1,1,1,1,1,1,1,0.8125,0.75,0.875,0.75,0.875,0.625,0.65625,0.6875,0.625,2,0,1689,2211,1775,231,8033,1517,1610,1775,7391,1499,240,1188,786,3487,3306,290,1830,2586,2105,1032,1325,278,727010,9776,297,1564,359,1974,1190,552,1423,3048,1248,44340,5643,2431,2136,1537,1797,325,1705,1335,1597,1427,7217,4518,1809,2133,2875,1137,1888,220,2184,1868,809,1682,3288,869,2401,1975,1624,15000,183,5347,3103.75,1524.75,2314.25,91942.375,2601.25,47271.8125,2400.25,5384,3892.125,GOOD,AUXNNW8LR650W,23,,50,40,32,30,31,25,32,25
98,1,27,1,American,White,8,1,1,1,1,0,0,0,1,1,1,0,0,1,0,0,0,0,0,0,1,0,1,1,0,1,0,1,0,1,0,1,1,0,1,0,0,0,0,1,1,0,1,1,1,1,1,0,0,1,1,0,1,0,0,0,0,1,0,0,1,1,1,0,0,0.5,0.5,0.5,0.5,0.625,0.375,0.46875,0.375,0.5625,2,0,467,1396,216,7426,538,1386,384,1372,156,5714,4670,473,611,910,674,156,918,487,1575,483,406,582,246,337,1176,538,275,1046,1625,1127,2560,282,207,2196,576,971,183,549,706,247,356,832,285,1086,325,81,1877,1924,209,1254,187,183,668,789,2523,458,519,578,1632,142,1001,1584,1635,815,964.5,2354.125,1659.3125,1097.625,610.25,853.9375,805.5625,855.5625,830.5625,,A1QDRF6CLTOT3L,24,,47,37,29,40,21,17,27,18
99,1,24,1,American,White,7,1,1,1,0,1,1,1,1,0,1,1,1,0,1,0,0,1,1,1,1,1,1,1,0,0,1,1,0,1,1,1,1,1,0,0,1,1,0,1,1,1,0,1,1,0,1,1,1,1,1,1,1,0,1,1,1,1,0,1,1,1,1,1,1,0.6875,0.625,0.75,0.8125,0.875,0.75,0.78125,0.8125,0.75,2,0,332,125,130,379,1700,193,127,322,161,104,1072,1176,1161,213,309,533,128,245,220,636,108,498,868,250,124,161,194,301,820,733,103,98,254,314,233,1274,243,799,139,215,866,150,19827,192,219,271,476,235,256,152,207,259,323,201,105,1147,483,210,151,299,139,235,163,80,624,380.625,502.3125,320.625,365.25,342.9375,1505.25,377.0625,941.1562,Good,A2AHSX0WO4L18A,26,,47,33,31,39,25,27,23,24
100,1,24,1,usa,White,10,1,1,1,1,1,1,1,1,1,1,1,1,1,1,1,1,1,1,1,1,1,1,1,1,1,1,1,1,1,1,1,1,1,1,1,1,1,1,1,1,1,1,1,1,1,1,1,1,1,1,1,1,1,1,1,1,1,1,1,1,1,1,1,1,1,1,1,1,1,1,1,1,1,2,AllLaunch,3382,147,362,477,202,882,358,12034,603,407,129,633,932,184,50,412,135,376,319,312,459,187,376,609,276,353,250,877,18120,500,5942,988,1030,10793,659,1457,183,798,421,300,1015,381,97,1316,216,1693,241,160,170,219,215,197,504,4405,724,5291,1790,214,109653,126,135,156,17540,1661,752.25,1897,1324.625,3234.625,525.25,1879.9375,8412.0625,1822.9375,5117.5,good,AMB63DUJ10ETU,26,,42,31,27,40,25,28,27,26
101,1,25,1,USA,White,10,1,0,1,0,1,0,1,1,1,1,1,1,1,1,1,0,1,1,1,1,1,0,0,0,1,0,1,1,0,0,1,1,1,0,0,0,1,1,1,1,0,1,1,1,1,1,1,1,1,1,1,0,0,1,1,1,1,1,1,1,1,1,0,1,0.75,1,0.5,0.625,0.75,0.5,0.78125,0.75,0.8125,2,0,448,99,2000,1296,788,953,970,1340,475,512,1154,232,911,259,424,2129,768,15138,776,419,456,593,1122,116,184,381,427,8964,441,762,7578,393,84699,140,341,347,899,483,2183,3247,317,1316,537,1144,1016,268,842,709,346,535,459,410,770,304,1587,825,249,327982,565058,944,824,261,704,1134,896.25,852.5,874.375,1469,3345.75,2407.375,41301.9375,21253.0625,31277.5,GOOD,A1IBW88IL05ZN4,25,,48,37,32,29,28,29,30,28
102,0,25,2,US Citizen,White,9,1,1,1,1,1,1,1,1,1,1,1,0,1,1,1,1,1,1,1,1,1,1,1,1,1,1,1,1,1,1,1,1,0,0,0,0,0,0,0,0,0,0,0,0,0,0,0,0,0,0,0,0,0,0,0,0,0,0,0,0,0,0,0,0,0.9375,1,0.875,1,1,1,0,0,0,2,0,1487,1391,1184,1839,1768,2048,1186,1361,1417,2072,1537,4361,1514,1319,1433,43884,2035,1579,1558,1308,1625,1539,1346,1492,1487,1195,1186,1541,1395,1338,1396,1938,2480,5648,1712,1355,1476,1760,1612,1435,1812,1204,1597,1835,1643,1257,1456,1576,1715,1498,1530,12207,1584,2032,1453,1880,7307,1370,1323,1264,2365,1577,7329,1440,1440.75,7284.375,4362.5625,1503.5,1491.25,1497.375,2399.625,2458.625,2429.125,Good,A1DSTEMIR0GADC,17,,31,42,24,39,25,27,27,29
103,1,24,1,white,White,10,0,0,0,0,0,0,0,0,0,0,0,0,0,0,0,0,0,0,0,0,1,0,0,0,0,0,0,0,1,0,0,0,1,1,1,1,1,1,1,1,1,1,1,1,1,1,1,1,1,1,1,1,1,1,1,1,1,1,0,1,0,1,1,1,0,0,0,0.125,0.25,0,0.9375,0.875,1,2,0,1965,1108,1251,937,28908,1112,2302,2462,997,987,1069,32422,1018,774,986,997,745,1426,1537,942,969,884,1434,1246,1228,1483,1723,1117,1059,1371,1124,852,855,1156,3692,804,1104,1047,2212,1219,901,4330,1155,1683,846,851,1472,1193,941,1757,657,938,1213,5038,1584,2886,1214,1245,1031,836,916,884,716,1099,4812,5099.875,4955.9375,1227.375,1165.125,1196.25,1281.8125,1685.375,1483.5938,GOOD,A3FDT194H8DWFN,25,,46,37,29,36,25,26,28,27
104,1,26,1,USA,White,10,1,1,1,0,1,1,0,1,1,1,1,1,1,1,1,1,1,1,1,1,1,0,1,1,0,1,1,1,1,1,0,0,0,1,1,1,1,1,1,1,1,0,1,1,0,1,1,1,1,1,1,1,1,1,1,1,1,1,1,1,1,0,1,1,0.875,0.875,0.875,0.75,0.75,0.75,0.875,0.875,0.875,2,0,391,225,464,116,717,313,436,522,386,549,451,217,163,827,595,332,333,685,6403,227,215,1182,3449,446,572,269,288,436,546,418,353,321,16027,177,387,3836,1131,334,261,793,2391,339,675,2475,1283,163,840,10954,127,346,1899,402,243,5220,6569,389,3161,308,1074,6040,497,267,216,105415,450.375,387.625,419,1519.875,498,1008.9375,2298.8125,8591.125,5444.9688,GOOD,A379YY019AAVVH,28,,46,35,36,31,31,32,31,31
105,1,25,1,white,White,10,1,1,1,1,1,1,1,1,1,1,1,1,1,1,1,1,1,1,1,1,1,1,1,1,1,1,1,1,1,1,1,1,1,1,1,1,1,1,1,1,1,1,1,1,1,1,1,1,1,1,1,1,1,1,1,1,1,1,1,1,1,1,1,1,1,1,1,1,1,1,1,1,1,2,AllLaunch,265,135,190,160,266,289,209,277,289,246,262,193,239,211,349,281,258,250,285,290,295,273,244,349,108,823,270,192,747,204,357,263,303,319,221,206,268,255,261,275,298,106,384,273,251,231,225,173,298,1884,322,686,45349,94,328,102,212,219,243,266,241,210,169,319,258.625,224,241.3125,320.5,330.5,325.5,3085.8125,351.125,1718.4688,GOOD,AJFUOYHZGT4D9,28,,49,38,34,33,28,26,27,28
106,1,24,1,WHITE,White,10,0,0,0,0,0,0,1,0,0,1,0,1,0,0,0,0,0,0,1,1,0,0,0,0,0,0,0,0,0,0,0,0,1,0,1,1,1,1,1,1,1,1,1,1,1,1,1,1,0,1,1,0,1,1,1,1,1,1,0,1,1,1,1,0,0.1875,0.125,0.25,0.125,0.125,0.125,0.84375,0.875,0.8125,2,0,1140,1262,305,1076,1034,1815,484,657,1771,338,743,423,980,658,946,779,768,7564,643,408,1535,477,942,1148,848,1195,996,938,874,1098,1024,2023,681,1818,727,4340,1153,4416,952,94743,1679,472,344,971,1320,1028,1128,970,630,1542,1067,338,1636,10101,1218,412,2454,1093,701,295,510,482,1246,617,925.375,876,900.6875,953.75,1856.375,1405.0625,1090.375,7727.375,4408.875,GOOD,A1VMFDI4QPI0A8,22,,45,33,27,42,25,24,26,25
107,0,25,2,USA,White,7,1,1,1,1,0,1,1,1,1,1,1,1,1,1,1,0,1,0,1,1,1,0,0,0,1,0,1,1,1,0,0,1,1,0,1,0,1,1,0,1,1,1,1,1,1,1,1,1,1,1,1,1,0,1,1,0,1,1,1,1,1,0,1,1,0.875,0.875,0.875,0.5625,0.75,0.375,0.8125,0.875,0.75,2,0,2105,8095,4094,3265,4063,2465,10045,3104,17985,4985,4084,15426,2413,10524,13326,3504,8105,7803,2163,7676,2764,3264,2632,3542,2342,3275,3344,2495,8696,2503,4284,3689,2243,3084,3154,3611,3554,3543,2552,2905,4463,2903,2356,2864,3444,4866,10025,36265,2415,2876,2424,8584,4834,2905,7854,3552,3005,3955,2354,3620,2063,4753,2455,3546,7264.375,6421,6842.6875,4291.25,4280.875,4286.0625,3699.6875,5864.5,4782.0938,GOOD,ANFDWCPZMDTF1,22,,43,34,28,37,24,24,24,24
108,1,21,1,WHITE,White,9,0,1,0,1,1,1,0,1,0,1,1,1,0,1,1,0,1,1,1,0,1,0,1,1,1,1,1,1,0,0,1,1,1,0,0,1,1,1,1,1,0,1,1,1,1,1,0,1,1,1,1,1,1,1,1,1,0,0,0,1,0,1,1,1,0.625,0.375,0.875,0.75,0.875,0.625,0.75,0.625,0.875,2,0,731,273,784,434,1411,259,470,790,404,287,1738,521,517,298,940,769,757,816,1170,169,205,700,1431,225,212,106,652,1776,519,730,212,298,136,1386,356,84,151,388,160,847,322,199,708,938,238,899,345,296,1140,482,807,266,1892,310,754,174,295,397,1186,95,528,362,132,128,874.375,453.875,664.125,644.75,602.5,623.625,571.875,453.1875,512.5312,GOOD,A27Y9S88IZRXWR,25,,50,34,29,36,28,30,27,27
109,1,24,1,usa,White,10,1,1,1,1,1,1,1,1,1,1,1,1,1,1,1,1,1,1,1,1,1,1,1,1,1,1,1,1,1,1,1,1,1,1,1,1,1,1,1,1,1,1,1,1,1,1,1,1,1,1,1,1,1,1,1,1,1,1,1,1,1,1,1,1,1,1,1,1,1,1,1,1,1,2,AllLaunch,609,5696,344,1068,94,5787,5308,170,469,568,415,265,1394,14053,184,259,1487,266,1229,135,2385,4258,235,217,548,17586,405,2223,4383,711,148,7981,145,127,496,200,7482,310,169,494,274,2427,2003,663,214,194,308,968,252,156,146,168,322,2085,992,209,319,772,304,234,216,1798,172,19961,1102.125,3483.25,2292.6875,1352.5,4172.125,2762.3125,863.375,1922.875,1393.125,good,A3A0175Q2WY6OC,22,,51,33,28,38,25,28,27,28
110,1,30,1,AMERICAN,White,7,1,1,1,0,1,1,1,1,1,1,1,1,1,1,1,1,1,1,1,1,1,1,1,1,1,1,1,1,1,1,1,1,0,0,0,0,0,0,0,0,0,0,0,0,0,0,0,0,0,0,0,0,0,0,0,0,0,0,0,0,0,0,0,0,0.9375,1,0.875,1,1,1,0,0,0,2,0,1511,995,77305,893,3088,1827,1037,1018,2284,1649,2016,1274,1563,1383,925,3794,1402,21344,1424,1626,1591,1066,2378,72906,1485,1271,8620,1912,1826,1058,1419,1667,1163,4626,1258,1990,2106,1731,16578,1626,1019,2849,1087,1471,4553,2483,1353,1609,1106,1937,1125,1530,1898,1440,1040,1322,2070,1919,1789,1539,1296,1856,10874,1305,11216.125,1604.125,6410.125,2518.125,12856.25,7687.1875,3144.6875,1952.0625,2548.375,GOOD,A34S4NIN4XOXWI,29,,48,30,31,33,27,26,27,28
111,0,25,1,USA,White,8,0,1,0,1,1,1,0,1,0,1,0,1,0,1,0,1,1,1,0,1,1,1,1,1,1,1,0,1,1,1,0,1,1,1,1,1,1,1,1,1,1,1,1,1,1,1,1,1,1,1,1,1,1,1,0,1,1,1,1,1,1,1,1,1,0.5625,0.125,1,0.8125,0.625,1,0.96875,0.9375,1,2,0,1706,2410,1693,1573,2448,1600,1523,1016,1445,721,1994,4145,1643,755,1708,1286,2152,834,1211,1860,1108,1107,963,6060,779,1421,3021,2035,1586,2513,1681,17333,1160,1724,799,692,842,746,3490,1026,1756,1005,761,668,1269,818,992,786,1227,1334,3580,1484,2247,712,1271,676,842,1073,745,714,3069,1782,872,653,1770,1688.25,1729.125,1562.625,4145.375,2854,1557.625,993.3125,1275.4688,GREAT,A3BCZUIKWTGY29,23,,51,35,27,36,24,25,27,27
112,1,23,1,white,White,10,1,1,1,1,0,1,1,1,0,1,1,1,1,1,1,1,1,1,0,1,1,1,1,1,1,0,1,1,1,1,1,1,1,1,1,1,1,1,1,1,0,1,1,0,1,1,1,1,1,1,1,1,1,1,1,1,1,1,1,1,1,1,1,1,0.875,0.75,1,0.875,0.875,0.875,0.9375,0.9375,0.9375,2,0,537,777,195,190,760,489,308,1358,801,505,252,849,243,1483,79584,265,257,265,1415,89,314,498,906,156,176,870,307,281,90,147,106,241,338,354,922,4988,273,75,1289,225,473,1056,141,705,242,171,275,1421,131,276,971,228,1159,704,267,73,1166,1836,330,10991,106,84,187,218,10335,739.5,5537.25,446.375,318.375,382.375,516.875,1462.8125,989.8438,GOOD,A1JLOOA0J2FU7R,23,,49,32,28,35,26,25,26,27
113,1,24,1,american,White,7,1,1,1,1,1,1,1,1,1,1,1,1,1,1,1,1,1,1,1,1,1,1,1,1,1,1,1,1,1,1,1,1,1,1,1,1,1,1,1,1,1,1,1,1,1,1,1,1,1,1,1,0,1,1,1,1,1,1,1,1,1,1,1,1,1,1,1,1,1,1,0.96875,1,0.9375,2,0,211,541,287,420,179,214,216,1256,114,257,321,235,280,238,215,212,244,187,356,236,343,805,334,128,268,2139,152,294,1401,305,154,292,204,528,418,189,2034,196,227,193,371,213,129,279,498,235,174,228,201,165,237,2544,100,196,201,189,169,7030,560,2445,216,226,747,113,227.875,421.625,324.75,406.5,548.25,477.375,405.375,935.5625,670.4688,good,A3QYOCTRIC06PU,17,,49,34,21,34,12,19,19,12
114,1,24,1,american,White,8,1,1,1,1,1,1,1,1,1,1,1,1,1,1,1,1,1,1,1,1,1,1,1,1,1,1,1,1,1,1,1,1,1,1,1,1,1,1,1,1,1,1,1,1,1,1,1,1,1,1,1,1,1,1,1,1,1,1,1,1,1,1,1,1,1,1,1,1,1,1,1,1,1,2,AllLaunch,232,262,182,218,1396,905,287,143,225,244,172,347,329,262,276,292,187,168,194,289,289,99,203,193,251,300,337,125,402,498,233,577,160,393,172,242,270,175,169,414,334,219,345,284,258,293,257,250,163,322,224,298,123,570,84,160,297,172,153,179,8296,202,265,2570,387.375,334.125,360.75,262,281.125,271.5625,723.125,421.4375,572.2812,good,AYMMESIALV9OK,20,,50,18,15,43,5,11,14,6
115,0,25,1,USA,White,6,1,1,0,1,0,1,0,1,0,1,0,1,0,1,0,1,0,1,0,1,0,1,0,1,0,1,1,1,1,1,0,1,1,1,1,1,1,1,1,1,1,1,1,1,1,1,1,1,1,1,1,1,1,1,1,1,1,1,1,1,1,1,1,1,0.5625,0.125,1,0.625,0.25,1,1,1,1,2,0,976,2474,2421,2109,2011,1582,3250,655,1995,2624,9729,2643,12101,12963,2288,1748,26937,2498,9208,1789,22215,1862,2424,2977,2655,1722,25472,1504,4274,2491,1816,1803,846,1249,1653,1220,812,932,3987,844,1553,1563,4478,1323,1995,2051,1636,2156,25898,2131,2097,914,2518,1391,4548,1615,841,780,1116,1270,1935,1933,963,1680,4346.375,3349.75,3848.0625,11875.125,2080.75,6977.9375,3554.75,1440.75,2497.75,GOOD,A7MB4R4SHY3E4,25,,45,38,24,35,26,27,26,25
116,1,30,1,AMERICAN,White,8,1,1,1,1,1,1,1,1,1,1,1,1,1,1,1,1,1,1,1,1,1,1,1,1,1,1,1,1,1,1,1,1,0,0,0,0,0,0,0,0,0,0,0,0,0,0,0,0,0,0,0,0,0,0,0,0,0,0,0,0,0,0,0,0,1,1,1,1,1,1,0,0,0,2,0,1054,2475,3970,1505,788,843,1409,1224,1714,8388,1081,1636,81578,1952,1323,1487,1831,2328,907,792,2801,1436,1127,1416,4143,4827,1006,1457,1372,1322,1168,1425,1400,1008,1691,1988,1379,941,1433,1404,1430,1235,1841,1318,1699,1256,1547,10423,1191,929,1485,1384,994,7570,1602,1250,980,1737,1557,4953,998,1204,2268,1204,11614.625,2438.75,7026.6875,1794.375,1875.375,1834.875,1468.4375,2487.75,1978.0938,good,A2BCMPNC9JAWDB,25,,57,34,33,41,28,30,28,29
117,1,24,2,American,White,5,0,1,1,0,0,0,1,1,1,1,1,1,1,1,1,1,0,0,0,1,1,1,1,0,1,1,1,1,1,1,1,0,0,1,0,1,0,0,0,1,0,0,0,0,0,0,0,0,0,0,0,0,0,0,1,1,1,0,0,0,0,0,0,0,0.75,0.75,0.75,0.6875,0.75,0.625,0.1875,0.125,0.25,2,0,1261,866,1744,4535,2041,822,1721,1277,1032,2233,39144,1452,2224,1204,19185,7904,1505,2197,2315,1593,880,6673,1638,890,5893,1196,1849,7084,1474,1571,2637,3946,1285,1073,4189,4514,997,1470,1325,1271,1031,1746,1183,14332,1556,1669,1206,1995,1415,2024,1576,1575,1350,2565,843,4733,812,1211,1792,2318,2467,1996,16488,6334,8544,2536.625,5540.3125,2273.875,3143.75,2708.8125,2469.6875,3176.625,2823.1562,This survey was good....,AHXWDFECAC19R,24,,45,32,33,33,31,29,26,26
118,0,32,1,USA,White,5,1,1,1,1,1,1,1,1,1,1,1,1,1,1,1,1,1,1,1,1,1,1,1,1,1,1,1,1,1,1,1,1,1,1,1,1,1,1,1,1,1,1,1,1,1,1,1,1,1,1,1,1,1,1,1,1,1,1,1,1,1,1,1,1,1,1,1,1,1,1,1,1,1,2,AllLaunch,1095,611,811,1183,834,361,735,753,1733,1937,591,826,1419,699,953,854,593,689,675,352,726,958,922,1042,407,742,824,714,439,733,263,858,778,875,632,877,1049,142788,741,890,621,601,435,2633,953,1125,653,735,2284,535,883,1013,742,920,777,1166,914,743,1204,553,745,827,808,3141,1021.375,903,962.1875,606.125,761,683.5625,888.6875,9963.875,5426.2812,IT IS GOOD,AFSL6T6N8LOI5,24,,48,31,28,32,22,26,25,25
119,1,26,1,USA,White,5,0,0,0,0,0,0,0,0,0,0,0,0,0,0,0,0,0,0,0,0,0,0,0,0,0,0,0,0,0,0,0,0,1,1,1,1,1,1,1,1,0,1,1,1,0,1,0,1,1,1,1,1,1,1,1,1,1,1,1,1,0,1,0,1,0,0,0,0,0,0,0.84375,0.6875,1,2,0,2302,1805,1340,1066,1543,1939,1556,6476,1278,1670,1372,4224,1618,1459,1266,1849,1483,2762,2565,1302,2088,1122,2205,1217,1285,2332,1116,1795,1450,1641,1274,1128,1058,1738,1260,1240,4059,2142,1582,1142,3397,1113,1343,1484,2305,1553,1622,1477,1513,2104,1438,1120,1709,1145,1157,1731,1574,1102,2593,2040,1793,1080,1080,1062,1534.375,2561,2047.6875,1683.25,1662.375,1672.8125,1842.6875,1454.5625,1648.625,One of the matricies had 'does not describe me' on both sides.,A33ABWLYG0EN6W,11,,37,38,23,43,22,19,21,28
120,0,33,1,us,White,1,1,1,1,1,1,1,1,1,1,1,1,1,1,1,1,1,1,1,1,1,1,1,1,1,1,1,1,1,1,1,1,1,1,1,1,1,1,1,1,1,1,1,1,1,1,1,1,1,0,1,1,1,1,1,1,1,1,0,1,1,1,1,1,1,1,1,1,1,1,1,0.9375,0.9375,0.9375,2,0,2107,1589,2252,2545,3873,2138,2596,2076,3384,2009,2236,1995,2069,2088,2622,1832,1603,1900,2119,6468,4120,2388,1668,1729,8489,2012,2475,2087,1689,1619,1705,2593,1646,1677,1829,2755,1744,7324,2283,2975,2360,5117,2128,1901,1360,1927,2103,1749,1570,3114,1716,2145,1805,3272,1796,1779,1922,6760,3145,2756,1950,2569,1807,2780,2642.375,2034,2338.1875,2983.5,2599.5,2791.5,1947.75,3162.5,2555.125,GOOD,A27FBJN2L7LR4S,29,,50,39,34,31,32,32,31,32
121,0,32,1,USA,White,8,1,0,0,0,1,1,1,1,1,1,1,1,1,0,1,1,1,0,1,1,1,1,0,1,1,0,1,0,1,1,1,0,1,1,1,1,1,1,1,1,1,1,1,1,1,1,1,1,1,1,1,1,1,1,1,1,1,1,1,1,1,1,1,1,0.75,0.875,0.625,0.6875,0.875,0.5,1,1,1,2,0,2504,3433,2536,11697,9266,3672,3392,3639,4369,8585,502235,40720,3354,6267,8031,4872,10483,5793,66414,21043,24561,7091,8865,27520,6067,49057,3817,6784,17232,2427,11027,3933,3786,4587,2399,2321,2581,35265,28791,71691,2275,5370,5380,2529,17849,2399,6737,64944,2069,5466,41710,8016,2634,7768,7405,43001,21563,2068,3830,20392,6913,17790,2503,3474,66960.875,10360.625,38660.75,18558.25,15456,17007.125,9901.5625,18567.5625,14234.5625,Good,ADXYPPI1PXRIP,18,,48,30,20,37,16,16,16,16
122,0,30,1,white,White,7,1,1,0,0,1,1,1,1,1,0,0,0,0,0,0,0,1,1,1,0,1,1,1,1,1,0,1,1,1,1,0,1,1,1,1,1,1,1,0,0,1,0,1,1,1,1,0,1,1,0,0,1,1,1,1,1,1,1,1,1,1,1,1,0,0.4375,0.5,0.375,0.8125,0.875,0.75,0.78125,0.8125,0.75,2,0,1154,672,964,870,987,1201,739,658,1270,944,812,2508,775,712,989,701,832,1279,986,919,704,711,661,779,696,2012,799,790,1447,1725,1423,796,742,1048,1354,1557,736,1227,720,1253,1029,772,849,6061,1597,854,2226,2914,1290,2073,757,959,2136,1807,1174,980,1104,817,962,1165,2075,2366,1184,1374,961.25,1033.25,997.25,943.5,1126.375,1034.9375,1245.9375,1701.6875,1473.8125,GOOD,A3V0C24YGQOZQT,16,,48,28,18,52,19,19,15,17
123,1,25,2,American,White,7,1,1,1,1,1,1,1,0,1,1,1,1,1,1,1,1,1,1,1,1,1,1,1,1,1,1,1,1,1,1,1,1,0,1,0,0,1,1,1,1,1,1,1,0,0,1,1,0,0,0,1,0,0,1,1,0,0,0,1,1,0,1,1,1,0.9375,1,0.875,1,1,1,0.5625,0.5625,0.5625,2,0,2281,2290,1105,1210,920,21056,1178,829,1326,918,17896,2824,15579,1891,904,2241,1011,789,1271,7445,6316,1690,1161,1122,1803,2143,1141,798,2065,1411,1559,2111,4404,1631,1690,1865,2889,2026,2122,38041,678,2154,983,12233,11849,2809,48098,2457,974,3251,20042,1680,1715,11265,823,1856,5402,1458,2104,1388,1105,945,1524,26674,5148.625,4157.375,4653,2040.875,2188.625,2114.75,6650.125,6983.3125,6816.7188,good,A2GWNGMCHWF3ZN,22,,48,39,27,38,26,25,24,25
124,0,32,1,USA,White,5,1,1,1,1,1,1,1,1,1,1,1,1,1,1,1,1,1,1,1,1,1,1,1,1,1,1,1,1,1,1,1,1,1,1,1,1,1,1,1,1,1,1,1,1,1,1,1,1,1,1,1,1,1,1,1,1,1,1,1,1,1,1,1,1,1,1,1,1,1,1,1,1,1,2,AllLaunch,1128,984,821,1227,894,985,987,949,974,1409,943,829,1185,1402,1049,943,1042,931,1023,1209,1345,1121,1227,1485,1128,1393,1714,956,1018,1212,936,793,1050,874,1381,1124,1325,1096,1043,957,1129,1674,2070,1544,891,1029,1020,1015,1074,1147,1346,114639,1066,1105,1394,1018,949,934,908,1232,894,1058,970,1079,997.625,1091,1044.3125,1179.125,1137.5,1158.3125,1156.875,8220.3125,4688.5938,GOOD IT IS,A2GKXO5M3SC2ZU,25,,50,35,30,36,24,24,24,24
125,0,32,1,usa,White,7,1,1,1,1,1,1,1,1,1,1,1,1,1,1,1,1,1,1,1,1,1,1,1,1,1,1,1,1,1,1,1,1,1,1,1,1,1,1,1,1,1,1,1,1,1,1,1,1,1,1,1,1,1,1,1,1,1,1,1,1,1,1,1,1,1,1,1,1,1,1,1,1,1,2,AllLaunch,3370,1612,913,16283,1455,1498,2579,2774,2682,7987,1606,1307,1618,1556,2808,945,1196,1057,24187,24582,340281,1129,965,985,7007,1614,1394,2386,8989,1445,50750,1400,1697,1316,1128,1666,1044,872,2847,843,5494,2668,1206,2555,1311,2834,1759,10469,2983,981,973,2568,3041,1462,999,1253,3389,2706,1123,1378,3802,2342,907,9048,2128.875,4245.25,3187.0625,54346.125,4324.75,29335.4375,2106.4375,2810.0625,2458.25,good,A744MI18G6996,22,,54,29,32,38,22,23,19,24
126,0,32,2,USA,White,9,1,1,1,1,1,1,1,1,1,1,1,1,1,0,1,1,0,1,0,1,0,1,0,1,0,1,1,1,1,1,1,1,1,1,1,1,1,1,1,1,1,1,1,1,1,1,1,1,1,1,1,1,1,0,1,1,1,1,1,0,1,1,0,1,0.9375,1,0.875,0.6875,0.375,1,0.90625,0.9375,0.875,2,0,820,1824,2078,1003,5043,1137,902,1341,1331,1213,2277,913,43024,1139,850,1645,1189,1732,1238,1060,2134,5324,6552,9876,1322,1275,944,1616,3952,855,1264,1180,954,1506,1426,3123,1481,9183,1358,2210,6120,1225,1039,1445,3749,2084,1093,982,1714,1375,1003,751,972,1154,866,928,1116,1012,932,2139,1368,1301,2170,4106,7040.625,1276.875,4158.75,2324.375,2864.75,2594.5625,1710.0625,2157.75,1933.9062,NOTHING,AXLXVLUAKX1WU,25,,48,35,30,36,28,28,28,28
127,0,25,2,USA,White,10,0,0,1,1,0,1,1,1,0,1,0,1,1,1,1,1,1,1,1,1,1,1,1,1,0,0,1,1,1,0,1,0,1,1,1,1,1,1,1,1,0,1,0,1,0,1,1,1,1,0,1,1,1,0,1,1,0,1,1,1,1,1,1,0,0.6875,0.5,0.875,0.75,0.875,0.625,0.78125,0.75,0.8125,2,0,825,455,448,516,419,359,129,336,805,502,574,447,641,594,467,484,562,171,489,885,452,792,602,193,519,291,822,274,160,437,857,537,696,463,544,633,665,410,425,305,780,505,741,366,242,612,609,193,500,305,2219,417,1363,562,442,925,964,836,194,425,13307,396,339,643,538.5,461.625,500.0625,557.875,447.5,502.6875,1501.875,499.75,1000.8125,GOOD,A18RR12U2NX8VO,30,,48,34,33,32,31,32,32,29
128,1,24,1,american,White,9,1,1,1,1,1,1,1,1,1,1,1,1,1,1,1,1,1,1,1,1,1,1,1,1,1,1,1,1,1,1,1,1,1,1,1,1,1,1,1,1,1,1,1,1,1,1,1,1,1,1,1,1,1,1,1,1,1,1,1,1,1,1,1,1,1,1,1,1,1,1,1,1,1,2,AllLaunch,940,235,4921,202,300,156,331,326,111,176,9859,338,10315,140,307,170,231,324,224,244,230,128,175,649,233,290,319,925,365,157,343,125,750,310,306,1428,140,307,297,1278,204,209,160,245,244,310,170,242,331,209,126,204,192,266,172,332,112,156,139,279,220,409,239,174,3385.5,217.875,1801.6875,265,355.25,310.125,237.625,397.375,317.5,good,A17F4JBMHXYRWV,13,,52,32,18,38,5,11,5,13
129,1,24,1,AMERICAN,White,8,1,1,1,1,1,1,1,1,1,1,1,1,1,1,1,1,1,1,1,1,1,1,1,1,1,1,1,1,1,1,1,1,1,1,1,1,1,1,1,1,1,1,1,1,1,1,1,1,1,1,1,1,1,1,1,1,1,1,1,1,1,1,1,1,1,1,1,1,1,1,1,1,1,2,AllLaunch,274,198,183,217,261,156,187,957,311,214,185,232,334,121,331,171,289,120,125,197,2465,6233,113,133,206,313,255,224,393,258,223,195,345,304,312,307,165,139,225,303,257,2781,234,214,198,169,1112,419,175,177,280,190,257,187,158,357,297,316,232,211,10513,212,138,151,258.25,283.25,270.75,508.625,959.125,733.875,931.125,402.3125,666.7188,GOOD,A1DXVCPBH969L1,15,,43,29,17,46,11,8,9,10
130,1,28,1,amarica,White,7,1,0,1,1,1,0,0,0,1,1,1,1,1,0,0,0,0,0,0,0,1,1,1,0,1,1,0,1,1,0,0,0,1,1,0,0,0,1,0,0,1,0,0,1,1,0,1,1,0,0,1,1,0,0,0,1,0,1,1,0,0,1,0,1,0.5625,0.75,0.375,0.4375,0.5,0.375,0.46875,0.375,0.5625,2,0,619,750,960,435,2467,798,371,937,577,1989,1689,198,1041,483,529,938,870,538,684,865,1000,275,785,914,900,1002,1245,610,332,1583,1033,802,594,270,1329,531,871,410,994,247,2108,1900,201,1863,786,2162,1846,995,972,1236,675,169,2242,1339,624,767,451,187,727,127,895,1536,697,3904,1031.625,816,923.8125,856.125,823.625,839.875,1000.75,1102.6875,1051.7188,GOOD,A3KMD1WS07ZSTK,16,,42,26,26,40,18,24,23,26
131,1,25,2,USA,White,10,0,0,1,1,1,1,1,0,0,1,1,0,1,1,1,1,1,0,0,1,1,0,0,0,0,1,1,1,1,1,1,1,1,0,0,1,1,1,1,0,1,0,1,1,1,0,1,1,1,0,0,0,1,1,1,1,1,1,0,1,1,0,0,1,0.6875,0.75,0.625,0.625,0.625,0.625,0.65625,0.75,0.5625,2,0,751,747,682,538,219,845,202,179,1059,330,133,218,1247,210,325,149,675,851,872,840,1403,609,1615,496,825,4999,833,1635,190,672,1580,1043,202,829,377,756,846,194,594,420,771,579,2049,1570,329,916,2371,342,2273,1333,649,520,7746,432,588,269,665,803,507,857,571,129,1243,880,577.25,402,489.625,999.125,1393.125,1196.125,1361.3125,676.8125,1019.0625,good,ALPRLTWL2PUAB,23,,45,35,16,38,26,24,17,27
132,1,25,2,USA,White,10,1,1,1,1,1,0,1,1,1,1,1,1,0,0,1,1,1,1,0,1,1,1,1,0,0,1,1,0,1,1,1,1,1,1,0,1,1,0,1,1,1,1,1,1,1,0,0,0,0,0,1,1,1,0,1,1,1,1,0,1,0,1,1,0,0.8125,0.875,0.75,0.75,0.75,0.75,0.65625,0.6875,0.625,2,0,1117,635,283,220,1035,170,154,596,13532,1042,592,1297,812,143,297,280,1238,416,722,497,954,632,1161,770,993,587,1388,400,1303,527,833,5378,699,618,727,682,34160,983,731,752,539,651,1081,804,502,483,403,1000,733,668,1032,274,810,1338,399,10758,755,2289,1444,579,754,972,1510,807,2227.75,547.875,1387.8125,1074,1150.875,1112.4375,2892.4375,1478.625,2185.5312,GOOD,A2E431ICCYX66O,25,,49,36,28,31,29,31,30,30
133,1,24,2,American,White,9,1,1,1,1,1,1,1,1,1,1,0,1,1,1,1,1,1,1,1,1,1,1,1,1,1,0,1,1,1,0,1,1,1,1,1,1,1,1,1,0,1,1,1,1,1,1,1,1,1,1,1,1,1,1,1,0,0,1,1,1,1,1,1,1,0.9375,0.875,1,0.875,1,0.75,0.90625,0.9375,0.875,2,0,3391,1656,2309,2303,2098,1105,2134,2164,1881,4112,3357,6870,3421,1949,2041,1323,1739,2027,2275,1864,1728,3274,1172,2221,2182,2511,2342,1893,1784,2314,2523,2325,1737,1318,5396,1978,3357,2092,180,1851,28250,1630,5704,15199,2259,1643,1471,8508,7569,289684,1958,6223,16249,1686,8455,1873,2532,1530,1651,1160,31598,1764,43355,2297,2579,2685.25,2632.125,1968.125,2303.625,2135.875,10107.5625,21277.25,15692.4062,good,AFL5B9QJ8TLZE,14,,47,33,17,38,27,29,30,26
134,0,26,2,USA,White,8,0,0,0,1,1,0,1,0,1,1,1,0,1,1,1,0,1,0,1,0,1,1,0,1,1,1,1,1,1,1,0,1,0,0,1,0,1,0,0,1,0,1,1,1,0,0,1,0,1,1,1,0,0,1,1,1,1,1,0,0,1,0,1,0,0.5625,0.75,0.375,0.75,0.75,0.75,0.53125,0.625,0.4375,2,0,1480,1869,2273,10226,1786,5757,1917,2260,1494,1764,1229,1834,2399,10171,1913,1455,1541,2912,1917,5070,1538,7280,2056,1639,1723,3174,2966,2213,1321,1750,1676,3198,11431,1430,11595,4605,4401,3294,5261,4553,5643,3998,4831,3260,2204,3918,6428,3458,5997,1971,5558,5577,16755,10962,2156,2217,5129,1694,1301,7306,5981,6674,3353,1873,1811.375,4417,3114.1875,1842.25,3404.5,2623.375,6126.5,4174.375,5150.4375,GOOD,A2Y8LZS5C81O25,24,,55,37,27,36,26,21,26,26
135,1,29,1,american (USA),White,4,0,0,0,0,0,0,0,0,0,0,0,0,0,0,0,0,0,0,0,0,0,0,0,0,0,0,0,0,0,0,0,0,1,1,1,1,1,1,1,1,1,1,1,1,1,1,1,1,1,0,1,1,1,1,1,1,1,1,1,1,1,1,1,1,0,0,0,0,0,0,0.96875,1,0.9375,2,0,1087,3611,959,873,1578,4443,1394,663,1248,821,2468,1118,6320,917,1060,2648,884,845,8468,901,2529,649,1102,1603,3020,1830,1148,2817,966,835,1186,673,1019,2647,3010,778,948,1979,2699,1740,1176,1376,3055,1832,1203,16906,987,11128,1899,2747,5302,693,9023,1034,863,1167,832,2606,1145,915,583,1635,2377,851,2014.25,1886.75,1950.5,2412.875,1269.125,1841,2257.5625,3127.125,2692.3438,,A2T1LNI80EPOQR,20,,6,48,36,34,32,12,16,28
136,1,25,2,USA,White,10,1,1,1,1,0,0,1,1,1,1,1,0,1,1,1,1,1,1,1,1,1,0,1,1,1,0,1,0,0,1,0,0,1,0,1,0,1,1,1,1,1,1,0,1,1,1,1,0,1,1,0,1,1,1,0,1,1,1,1,0,1,1,1,1,0.8125,0.875,0.75,0.625,0.75,0.5,0.78125,0.8125,0.75,2,0,1211,23443,194,1307,219,426,1386,569,1055,276,1408,1689,6783,578,713,994,858,3728,284,394,3803,587,6663,1602,2883,824,190,744,426,1071,1730,376,146,947,480,1017,948,6122,1041,2090,767,147,521,369,5299,1440,160,1670,723,136697,8428,323,14867,346,240,472,1223,1186,19013,641,3124,442,2385,881,1621.125,3660.25,2640.6875,2104.625,1165.75,1635.1875,3710.3125,9674.375,6692.3438,GOOD,A2MEQYMRLFCTOB,23,,41,36,23,33,32,30,30,31
137,1,25,1,USA,White,10,1,1,0,0,0,0,0,0,0,0,1,0,1,0,1,0,0,1,1,1,1,1,1,1,1,0,1,1,0,1,1,1,1,1,1,1,0,0,1,1,1,0,1,1,0,1,1,1,1,1,0,0,0,1,0,1,1,1,1,1,1,1,1,1,0.3125,0.5,0.125,0.8125,0.75,0.875,0.75,0.6875,0.8125,2,0,1375,483,704,941,299,2951,212,456,706,199,852,842,574,480,735,971,609,915,426,803,1113,3641,457,151212,2625,1018,914,1285,366,729,291,1083,4791,947,637,602,169,315,865,250,1146,232,184,2028,163,561,1330,9906,949,730,498,419,308,1190,2132,972,1220,364,1402,696,893,600,881,768,682.125,915.375,798.75,850.125,20085.75,10467.9375,1098,1286.25,1192.125,GOOD,A2ZIJMW4IOH1AW,25,,53,37,32,36,32,32,28,29
138,1,24,1,AMERICAN,White,10,1,1,1,1,1,1,1,1,1,1,1,1,1,1,1,1,1,1,1,1,1,1,1,1,1,1,1,1,1,1,1,1,1,1,1,1,1,1,1,1,1,1,1,1,1,1,1,1,1,1,1,1,1,1,1,1,1,1,1,1,1,1,1,1,1,1,1,1,1,1,1,1,1,2,AllLaunch,111,155,224,366,212,120,175,213,145,1649,159,162,425,178,1918,4171,180,1305,308,182,133,109,431,286,189,374,167,1336,118,210,249,137024,213,2352,156,109,2407,130,108,144,175,287,102,131823,173,192,489,475,48117,215,291,247,264,255,141,177,103,135,220,271,301,122,233022,592,421.125,876.75,648.9375,221.875,17603.25,8912.5625,17892.625,8595.375,13244,GOOD,A178J6OBOCH7S1,16,,53,27,16,47,8,8,5,11
139,0,32,1,USA,White,9,0,1,1,1,1,1,0,1,1,1,1,1,1,1,1,0,1,1,1,1,1,1,1,1,1,1,1,1,1,1,1,1,1,0,1,1,1,1,1,1,1,1,1,1,1,1,1,0,1,1,1,1,1,1,1,1,1,1,1,1,1,1,1,1,0.8125,0.75,0.875,1,1,1,0.9375,1,0.875,2,0,2013,912,818,1066,819,233749,1552,1379,976,1537,872,1473,945,921,1139,2419,1074,895,2775,1193,1267,1812,1001,1408,1066,1478,1110,1440,7162,1792,1068,1856,1408,2939,1389,935,912,3512,1175,1375,1134,1018,3021,1679,1042,1328,1178,1213,1210,2585,984,1147,931,1028,1523,1354,2162,1114,920,1155,1331,1462,4874,1111,1141.75,30432,15786.875,2065.375,1484.25,1774.8125,1574.625,1559.6875,1567.1562,good,A2GC4OFN7YJV8H,18,,48,30,20,43,27,28,29,27
140,1,30,1,american,White,10,1,1,0,0,1,0,1,0,1,0,1,1,1,0,1,0,1,1,1,1,1,1,1,0,0,1,1,1,1,0,0,1,0,0,1,1,0,1,0,0,1,1,1,1,0,1,1,1,1,0,0,1,1,1,1,1,1,0,0,0,1,1,1,1,0.5625,0.875,0.25,0.75,0.75,0.75,0.65625,0.625,0.6875,2,0,1349,1713,1242,1440,1651,1480,1839,1330,1359,1424,2027,1770,1310,2012,1081,1391,1424,1431,1523,1456,1267,1492,1481,1960,1246,1376,2328,1652,1117,1330,1611,1582,1743,1577,1796,997,1903,1495,1691,1407,1016,1088,1609,1513,1564,1712,1710,1371,1569,1052,2593,1087,1087,1148,2478,2139,1288,1253,1295,981,1356,1475,1628,1114,1482.25,1570,1526.125,1499.625,1534.875,1517.25,1645.375,1338.0625,1491.7188,GOOD,AVR9M0AOJW9RC,27,,45,35,32,37,30,25,26,25
141,1,24,1,USA,White,8,1,1,0,0,0,1,1,0,1,1,1,1,1,1,1,1,1,1,1,0,1,1,1,1,1,1,1,1,1,0,1,1,1,1,1,1,1,0,1,1,1,1,1,0,1,1,1,1,1,1,1,1,1,1,1,0,1,1,1,1,1,1,1,1,0.75,0.75,0.75,0.875,1,0.75,0.90625,1,0.8125,2,0,1645,242,1396,841,446,476,1505,307,486,1910,1021,744,269,6473,1170,1347,1954,318,1372,1033,1681,153,1425,728,152,176,833,4906,741,1002,633,1035,1864,1151,312,1433,296,976,1866,945,506,1146,464,145,2196,842,261,333,2393,1154,473,1641,116,3352,1610,305,196,448,186,331,2558,1769,2739,165,992.25,1542.5,1267.375,1098.875,1168.875,1133.875,1127.25,1008.5,1067.875,GOOD ONE SURVEY,A2RPYY9FHC7U1C,26,,52,36,24,36,28,29,25,29
142,1,25,2,USA,White,2,1,1,1,1,1,1,0,1,1,1,1,0,1,1,1,1,1,1,0,0,1,1,1,1,1,1,0,1,1,1,0,1,0,1,1,1,1,1,1,1,1,1,1,1,1,1,1,1,0,1,0,1,1,1,1,1,0,1,1,0,1,1,0,1,0.875,0.875,0.875,0.75,0.625,0.875,0.8125,0.6875,0.9375,2,0,1413,1120,1231,2938,2642,2335,5283,1824,1321,1583,1194,1561,973,2519,1418,6609,1065,1097,3298,7478,1884,4040,1151,938,2178,1143,1866,1648,19561,8755,2658,2049,2409,1075,1424,2113,1195,1751,1577,1921,2681,1130,2121,1623,2072,1336,2354,3361,1616,1632,3175,2295,890,1688,1719,1906,2934,2902,2577,2129,1019,2644,1679,1275,1934.375,2561.125,2247.75,4207.625,3393.5,3800.5625,1965.125,1923.8125,1944.4688,it is a nice survey,AUTNF6XIMJ6Q8,29,,46,41,34,38,29,27,28,29
143,0,25,1,USA,White,7,0,1,1,1,0,1,0,1,0,1,0,1,0,1,1,1,0,1,1,1,1,1,0,1,1,1,1,1,0,1,0,1,1,1,1,1,0,1,1,1,1,1,1,1,1,1,0,1,1,1,1,1,1,1,0,1,1,1,1,1,1,1,1,1,0.625,0.25,1,0.75,0.5,1,0.90625,0.8125,1,2,0,1714,1489,1923,923,6921,1043,2075,954,1472,923,2033,1184,1793,1720,900,1536,5082,1635,1862,1818,1328,1100,2714,1018,1553,1399,1890,1375,2064,1061,1587,1025,1590,840,1014,950,2125,948,987,1639,1011,860,1008,822,1810,912,1588,798,910,1123,998,1654,893,1037,3080,929,1059,1096,1273,1365,3043,1026,2203,870,2353.875,1221.5,1787.6875,2260,1303.875,1781.9375,1537,1054.3125,1295.6562,GREAT,A3D9QVBQZV8QLQ,25,,45,37,25,35,22,24,24,23
144,1,24,1,AMERICAN,White,9,1,1,1,1,1,1,1,1,1,1,1,1,1,1,1,1,1,1,1,1,1,1,1,1,1,1,1,1,1,1,1,1,1,1,1,1,1,1,1,1,1,1,1,1,1,1,1,1,1,1,1,1,1,1,1,1,1,1,1,1,1,1,1,1,1,1,1,1,1,1,1,1,1,2,AllLaunch,339,433,327,363,113,218,23287,153,232,225,215,316,424,350,577,284,267,90,347,118,238,3602,326,245,253,73,49,2332,111,300,109,214,162,95,221,98,522,350,205,271,249,319,201,346,175,220,261,235,239,250,19412,368,408,163,257,300,664,403,105,2021,293,1821,344,176,3189.25,292.75,1741,212.5,871.75,542.125,1482.375,464.75,973.5625,GOOD,A3DQ4LWU2742I4,22,,49,36,14,37,17,16,15,21
145,1,25,2,USA,White,9,0,1,0,1,1,0,0,0,1,1,0,1,0,1,0,0,1,0,1,1,1,0,1,0,1,1,1,1,0,1,0,1,1,1,1,1,1,1,1,1,0,1,1,1,1,0,0,1,1,1,0,1,1,1,1,1,1,1,1,1,1,1,1,1,0.4375,0.25,0.625,0.6875,0.75,0.625,0.875,0.8125,0.9375,2,0,1759,1353,1592,5790,1814,1405,1618,2366,1656,2309,9585,1719,1561,2867,2357,1502,386446,1587,2513,1105,1669,1922,3942,2199,37983,3736,6931,1626,7027,1669,2120,1264,5537,1645,6626,1559,1609,1634,1832,1176,2563,1884,1593,5264,2175,1959,1553,34030,4544,1424,1480,2272,2535,155163,1263,14550,1757,1257,2724,1824,1376,1760,1816,1798,2742.75,2413.875,2578.3125,56078.875,1888.5,28983.6875,2561.4375,14324.9375,8443.1875,Good,A1EUMT73IXVC6S,22,,46,31,26,32,23,19,23,24
146,1,25,2,USA,White,3,1,1,1,1,1,1,1,1,1,1,1,1,0,1,1,1,1,1,1,1,1,1,1,1,1,1,0,1,0,1,1,1,1,1,1,1,1,1,1,1,1,1,0,1,1,1,1,1,1,1,1,1,1,1,1,1,0,1,1,1,1,1,1,1,0.9375,0.875,1,0.875,0.75,1,0.9375,0.875,1,2,0,3642,2531,1727,2080,2066,3033,1652,1372,1827,3313,3151,1798,2841,2011,1600,2184,864,3188,3300,1408,2081,1816,1583,2013,2734,1061,1889,2621,3435,3014,1440,1921,1775,2187,3586,2858,3003,2897,1920,2078,1736,3169,4252,14469,2253,1014,2204,2911,1645,1893,3274,2039,1337,1269,2304,2206,3574,1335,1265,2503,2265,1249,1145,3295,2313.25,2290.25,2301.75,2165.75,2130.25,2148,2346.125,2960.75,2653.4375,it is a nice survey,A1643B90CHCRI,29,,51,41,31,35,31,28,25,27
147,1,24,1,whitr,White,10,1,1,1,1,1,0,1,1,1,1,1,1,0,1,0,1,1,1,1,1,1,1,1,1,1,1,1,1,0,1,1,1,1,1,1,1,1,1,1,1,1,1,1,1,1,1,1,1,1,1,1,1,1,1,1,1,1,1,1,1,1,1,1,1,0.8125,0.75,0.875,0.9375,0.875,1,1,1,1,2,0,5325,783,2378,415,854,2340,1159,945,2868,361,1293,745,2831,435,2641,330,806,1563,2235,913,676,699,608,700,164,3225,3477,649,834,732,567,703,1137,559,1224,709,3229,3928,846,2711,734,746,287,1324,549,843,5905,3842,519,1408,661,2120,6446,230,556,533,245,1461,1066,1386,828,1798,763,564,2418.625,794.25,1606.4375,1170.875,1148,1159.4375,1562.1875,1510.125,1536.1562,GOOD,A8ZD7I3I12QFR,26,,44,35,28,41,28,25,28,25
148,0,25,1,white,White,9,1,1,0,1,1,1,1,0,1,1,0,1,1,1,1,1,1,1,1,1,1,1,1,1,1,0,1,1,1,1,1,1,0,0,0,1,1,0,0,1,1,1,1,0,1,0,1,0,1,0,1,0,1,1,0,1,0,1,1,0,0,0,0,1,0.8125,0.75,0.875,0.9375,1,0.875,0.5,0.5625,0.4375,2,0,2958,1043,12693,5224,1989,6587,1439,1694,9252,2462,1703,2585,2752,2069,865,2026,25829,1355,3154,1893,2467,675,3647,89124,785,28981,1576,588,2043,3283,2558,2848,15830,3992,4853,14822,44173,4803,5861,1382,4018,3914,855,2948,756,2838,21683,2674,742,4860,1055,3816,3398,607,7207,692,6976,861,699,3429,5399,18565,8555,802,4206.375,2961.25,3583.8125,5257.375,16093.375,10675.375,8253.75,4437.8125,6345.7812,i like the way,A3LECT8FKZNKUV,29,,48,39,35,34,27,27,30,28
